,IR,Inverse_Filtering_Similarity_Melody,Inverse_Filtering_Correlation_Melody,Weiner_Similarity_Melody,Weiner_Correlation_Melody,ACDW_Similarity_Melody,ACDW_Correlation_Melody,Inverse_Filtering_Similarity_Chords,Inverse_Filtering_Correlation_Chords,Weiner_Similarity_Chords,Weiner_Correlation_Chords,ACDW_Similarity_Chords,ACDW_Correlation_Chords
0,Bird_Aspen_DH37_mic_to_good_takamine_EG523SC_mic,7.397808659006173e-06,,2.556235590807904e-06,,3.1934910690992745e-06,,2.779800576062905e-06,,2.802453863305613e-06,,2.832683128678414e-06,
1,Bird_Aspen_DH37_mic_to_good_takamine_EG523SC_piezo,1.5173690904888564e-06,,1.468624824215771e-06,,2.1161633714196027e-06,,1.985009935476955e-06,,2.370570873077477e-06,,2.959591364311378e-06,
2,Bird_Aspen_DH37_piezo_to_good_takamine_EG523SC_mic,3.470471440969803e-06,,2.9654414525238505e-06,,9.681885568187551e-06,,3.090432863081421e-06,,3.618422244090909e-06,,4.4079370202234e-06,
3,Bird_Aspen_DH37_piezo_to_good_takamine_EG523SC_piezo,2.350302996969162e-06,,1.9298284933658653e-06,,3.412407965550869e-06,,2.711054302232912e-06,,2.0887810946231245e-06,,2.092325183958365e-06,
4,Bird_Aspen_DH37_mic_to_good_takamine_EG523SC_mic,2.863269400936133e-06,,2.952813914615737e-06,,5.656517567474831e-06,,2.8098469146168707e-06,,2.1038134705342826e-06,,2.5275713442593348e-06,
5,Bird_Aspen_DH37_mic_to_good_takamine_EG523SC_piezo,1.305255547561659e-06,,1.545279568085756e-06,,1.59335533040961e-06,,1.6767273177196975e-06,,2.040520371433685e-06,,2.714030211424563e-06,
6,Bird_Aspen_DH37_piezo_to_good_takamine_EG523SC_mic,5.2660819305460234e-06,,2.901042969630259e-06,,8.822162373517402e-06,,2.633889063359656e-06,,3.846707201506204e-06,,4.291079602085672e-06,
7,Bird_Aspen_DH37_piezo_to_good_takamine_EG523SC_piezo,1.7967381181040198e-06,,1.5473512758876509e-06,,3.4524224861132807e-06,,1.8088421214594992e-06,,2.3195054110999234e-06,,2.469001327015298e-06,
8,Bird_Aspen_DH37_mic_to_good_takamine_EG523SC_mic,2.4507090482250866e-06,,3.0558933144359297e-06,,3.283484370150435e-06,,3.969199862440048e-06,,2.206247292623648e-06,,2.326368593554591e-06,
9,Bird_Aspen_DH37_mic_to_good_takamine_EG523SC_piezo,1.335150247868802e-06,,1.425357061189467e-06,,1.6435756096855744e-06,,2.083238706774947e-06,,2.3005024108497103e-06,,2.5346183939902514e-06,
10,Bird_Aspen_DH37_piezo_to_good_takamine_EG523SC_mic,3.4117426593847577e-06,,4.007378224748195e-06,,6.498836634805247e-06,,1.9672219636933504e-06,,3.4436351200144744e-06,,3.877279464881041e-06,
11,Bird_Aspen_DH37_piezo_to_good_takamine_EG523SC_piezo,2.254466727093216e-06,,1.7721355317688228e-06,,3.448754253992022e-06,,2.1782306273693614e-06,,2.3065290433292356e-06,,2.25012642432731e-06,
12,Bird_Aspen_DH37_mic_to_good_takamine_EG523SC_mic,3.2652771196120825e-06,,3.473146379355528e-06,,5.768068468609193e-06,,2.5250701002979554e-06,,2.424826353575768e-06,,2.375571673069226e-06,
13,Bird_Aspen_DH37_mic_to_good_takamine_EG523SC_piezo,2.1448953435734156e-06,,1.4356615398576052e-06,,1.8915220605949432e-06,,1.7537461479874556e-06,,1.7079479164555571e-06,,1.9346441718243023e-06,
14,Bird_Aspen_DH37_piezo_to_good_takamine_EG523SC_mic,3.2825575366618964e-06,,3.5347309222576877e-06,,8.293027399944286e-06,,2.7555516177833294e-06,,3.4086471066859623e-06,,4.011221551723899e-06,
15,Bird_Aspen_DH37_piezo_to_good_takamine_EG523SC_piezo,1.5031661643932358e-06,,1.7917871247457035e-06,,2.7777683438185806e-06,,2.0092677445324774e-06,,2.4791298182331434e-06,,1.9280848007559106e-06,
16,Bird_Aspen_DH37_mic_to_good_takamine_EG523SC_mic,3.72214196479173e-06,,2.861948624593416e-06,,4.1977858045514325e-06,,2.9919015510791246e-06,,3.1515900819460498e-06,,2.8982563287930475e-06,
17,Bird_Aspen_DH37_mic_to_good_takamine_EG523SC_piezo,1.7051814540584648e-06,,1.5998947263664553e-06,,1.889748621387672e-06,,1.8376218139483697e-06,,2.2652851207661167e-06,,1.8787194644175883e-06,
18,Bird_Aspen_DH37_piezo_to_good_takamine_EG523SC_mic,4.977735073889759e-06,,3.845723272307652e-06,,4.782765785700908e-06,,3.903133405992353e-06,,2.246443768242462e-06,,2.7314986640585057e-06,
19,Bird_Aspen_DH37_piezo_to_good_takamine_EG523SC_piezo,1.2854236859425542e-06,,2.157410822318612e-06,,3.454860095438076e-06,,1.7908565014434405e-06,,2.2569269525581997e-06,,2.2022368123649086e-06,
20,Bird_Aspen_DH37_mic_to_good_takamine_EG523SC_mic,2.9564585287688928e-06,,2.698074374049894e-06,,5.428867470569425e-06,,2.663457920441092e-06,,2.42885534919333e-06,,2.588295960550417e-06,
21,Bird_Aspen_DH37_mic_to_good_takamine_EG523SC_piezo,1.4089086921667676e-06,,1.5710279456211129e-06,,1.9374020924116058e-06,,2.0819759826250235e-06,,1.983349163801387e-06,,1.9387505921812836e-06,
22,Bird_Aspen_DH37_piezo_to_good_takamine_EG523SC_mic,4.523412645566299e-06,,3.7072947813694386e-06,,5.585754804317694e-06,,2.388135547648311e-06,,3.2353472819470337e-06,,2.97407940987745e-06,
23,Bird_Aspen_DH37_piezo_to_good_takamine_EG523SC_piezo,2.067500142016427e-06,,3.258983608156034e-06,,2.939282870663605e-06,,1.9436603847154714e-06,,2.597300725313102e-06,,1.9873410919669467e-06,
24,Bird_Aspen_DH37_mic_to_good_takamine_EG523SC_mic,2.522559583249727e-06,,3.0884607077667427e-06,,3.426605730135377e-06,,3.014967125380081e-06,,2.7015391079881024e-06,,3.0386091000300387e-06,
25,Bird_Aspen_DH37_mic_to_good_takamine_EG523SC_piezo,1.315408927788709e-06,,1.3073044916215882e-06,,1.5583044785031072e-06,,1.533605803631663e-06,,1.5189279356982908e-06,,2.368056197091092e-06,
26,Bird_Aspen_DH37_piezo_to_good_takamine_EG523SC_mic,3.1465439122558975e-06,,3.3625737059738296e-06,,5.748043506841327e-06,,3.869455641812507e-06,,4.178323442791163e-06,,3.242154960789607e-06,
27,Bird_Aspen_DH37_piezo_to_good_takamine_EG523SC_piezo,1.941756720520988e-06,,1.8215695269230159e-06,,2.6109754392409796e-06,,2.2761504882307274e-06,,2.1671190690748083e-06,,2.7713939690883878e-06,
28,Bird_Aspen_DH37_mic_to_good_takamine_EG523SC_mic,4.046188187821324e-06,,2.7101917853704673e-06,,3.1382781425857853e-06,,3.7895227049414526e-06,,2.6739592561184315e-06,,4.283575522243724e-06,
29,Bird_Aspen_DH37_mic_to_good_takamine_EG523SC_piezo,1.3364472655104948e-06,,1.292263491073604e-06,,1.486625057189066e-06,,1.466825063471089e-06,,1.4675853112485018e-06,,1.940665070230051e-06,
30,Bird_Aspen_DH37_piezo_to_good_takamine_EG523SC_mic,2.2297077924904477e-06,,2.2950793645782054e-06,,7.693198403605969e-06,,4.198321087737004e-06,,2.7948713369610397e-06,,4.8973495685236975e-06,
31,Bird_Aspen_DH37_piezo_to_good_takamine_EG523SC_piezo,1.7024045720765956e-06,,1.5641198761132874e-06,,2.4953205653217565e-06,,2.2973095476928975e-06,,1.9904144477790044e-06,,3.05009544403624e-06,
32,Bird_Aspen_DH37_mic_to_good_takamine_EG523SC_mic,7.252962275359463e-06,,4.893313076867559e-06,,3.438660451869223e-06,,2.165117538079426e-06,,2.923035362612223e-06,,3.107722530591031e-06,
33,Bird_Aspen_DH37_mic_to_good_takamine_EG523SC_piezo,1.26587557339679e-06,,1.2597614594614983e-06,,1.3484598221880564e-06,,1.519007061567036e-06,,1.4634075851175204e-06,,1.8020107936953217e-06,
34,Bird_Aspen_DH37_piezo_to_good_takamine_EG523SC_mic,3.7118554152410174e-06,,3.942218706030118e-06,,7.000231376453408e-06,,2.3945408966424836e-06,,3.4511197092328685e-06,,2.762159703888714e-06,
35,Bird_Aspen_DH37_piezo_to_good_takamine_EG523SC_piezo,2.093922704658283e-06,,1.946822117278225e-06,,3.122597062916761e-06,,2.0747069876303465e-06,,2.219312213467484e-06,,3.196832114888782e-06,
36,Bird_Aspen_DH37_mic_to_good_takamine_EG523SC_mic,2.230348178142985e-06,,2.7384244106712267e-06,,2.7521786478981834e-06,,3.972036277383193e-06,,3.6851981675332467e-06,,3.5642360052296537e-06,
37,Bird_Aspen_DH37_mic_to_good_takamine_EG523SC_piezo,1.7525215364969118e-06,,1.9401236270526246e-06,,2.1201162591540647e-06,,1.693941633143345e-06,,1.948179639927671e-06,,1.9325863000231047e-06,
38,Bird_Aspen_DH37_piezo_to_good_takamine_EG523SC_mic,2.3910154744002757e-06,,3.1269204303476455e-06,,4.464972235776e-06,,2.7994009181698335e-06,,3.9057373202889505e-06,,2.6010213916956626e-06,
39,Bird_Aspen_DH37_piezo_to_good_takamine_EG523SC_piezo,2.030089851027572e-06,,1.7912375415550012e-06,,2.763543169460418e-06,,1.8457822549111965e-06,,1.6794529724580098e-06,,2.0060973206184266e-06,
40,Bird_Aspen_DH37_mic_to_good_takamine_EG523SC_mic,4.2829406421877965e-06,,3.6483862469003985e-06,,3.227318803353087e-06,,2.625684567744089e-06,,2.3007486267361337e-06,,3.149047710658469e-06,
41,Bird_Aspen_DH37_mic_to_good_takamine_EG523SC_piezo,2.0442127183853145e-06,,2.6851126643466894e-06,,2.1661497808647525e-06,,1.6693391328224986e-06,,1.734668143140686e-06,,1.6573815000136203e-06,
42,Bird_Aspen_DH37_piezo_to_good_takamine_EG523SC_mic,3.2467428952077438e-06,,2.5008762441515044e-06,,6.4187162291929486e-06,,2.5146672952471107e-06,,2.860335165308619e-06,,3.2940833841481493e-06,
43,Bird_Aspen_DH37_piezo_to_good_takamine_EG523SC_piezo,2.393237328024462e-06,,2.5479056470571667e-06,,2.8475047911503843e-06,,3.79173290390274e-06,,2.649740062712657e-06,,1.992804160905304e-06,
44,Bird_Aspen_DH37_mic_to_good_takamine_EG523SC_mic,2.92408152894066e-06,,2.1584021799460764e-06,,3.295704206812936e-06,,2.785946678224896e-06,,2.973715442075375e-06,,3.4670826622898795e-06,
45,Bird_Aspen_DH37_mic_to_good_takamine_EG523SC_piezo,2.1271255736504403e-06,,1.289708850077374e-06,,1.971840469430206e-06,,2.156615025119e-06,,1.511282588437012e-06,,1.8826439742358172e-06,
46,Bird_Aspen_DH37_piezo_to_good_takamine_EG523SC_mic,3.6365428356367874e-06,,3.965317743830541e-06,,5.327074714354258e-06,,1.7506796514176559e-06,,2.573777863471279e-06,,5.037934477417061e-06,
47,Bird_Aspen_DH37_piezo_to_good_takamine_EG523SC_piezo,3.1412608885445324e-06,,2.0301036881578866e-06,,2.7483449966090063e-06,,2.088200105005256e-06,,2.2862273122778613e-06,,1.895625524892463e-06,
48,Bird_Aspen_DH37_mic_to_good_takamine_EG523SC_mic,3.4519575520100406e-06,,2.5804897546014057e-06,,4.027775913992322e-06,,3.3692767957490552e-06,,4.696728189849632e-06,,3.191682126255488e-06,
49,Bird_Aspen_DH37_mic_to_good_takamine_EG523SC_piezo,1.3173543379727745e-06,,1.3904129121341002e-06,,1.8368656959098367e-06,,1.4678668656261824e-06,,1.4879038168299037e-06,,2.414979188893712e-06,
50,Bird_Aspen_DH37_piezo_to_good_takamine_EG523SC_mic,1.7287450873905254e-06,,1.992488310809776e-06,,4.942165114046379e-06,,3.1561080196686848e-06,,3.72020188054165e-06,,2.4980902950076215e-06,
51,Bird_Aspen_DH37_piezo_to_good_takamine_EG523SC_piezo,1.340061244160477e-06,,2.371253839498206e-06,,3.588434142936716e-06,,1.1234363027272492e-06,,1.8480481693040893e-06,,1.2332994391191346e-06,
52,Bird_Aspen_DH37_mic_to_good_takamine_EG523SC_mic,2.243440568997159e-06,,2.7969535390036607e-06,,3.4725434627007433e-06,,2.0034452391806353e-06,,3.861476247506401e-06,,2.8805042116842374e-06,
53,Bird_Aspen_DH37_mic_to_good_takamine_EG523SC_piezo,1.4096326217571035e-06,,1.4195696230274089e-06,,2.0554679508543437e-06,,1.719184333179378e-06,,1.7522667751869806e-06,,2.7260315309201777e-06,
54,Bird_Aspen_DH37_piezo_to_good_takamine_EG523SC_mic,2.7090108123230864e-06,,2.65701814480063e-06,,5.37459137470147e-06,,2.6018775213638677e-06,,2.3450367305805124e-06,,3.9493324421992105e-06,
55,Bird_Aspen_DH37_piezo_to_good_takamine_EG523SC_piezo,2.116732842891553e-06,,1.7068457090442814e-06,,2.782508301794075e-06,,1.8229960078816776e-06,,1.7991362298916674e-06,,2.6733185004084876e-06,
56,Bird_Aspen_DH37_mic_to_good_takamine_EG523SC_mic,3.7808062662697164e-06,,2.9337495295095487e-06,,6.046131802358307e-06,,2.8727198982458306e-06,,3.0308815522033977e-06,,2.808788948262622e-06,
57,Bird_Aspen_DH37_mic_to_good_takamine_EG523SC_piezo,1.2931744247197888e-06,,1.316273603343018e-06,,1.351025950703612e-06,,1.5328530432734047e-06,,1.598118310980405e-06,,1.5550261126733448e-06,
58,Bird_Aspen_DH37_piezo_to_good_takamine_EG523SC_mic,1.8071106655940698e-06,,1.932638168194764e-06,,8.791169997011576e-06,,2.33101066442497e-06,,2.273590614343529e-06,,3.032565481326919e-06,
59,Bird_Aspen_DH37_piezo_to_good_takamine_EG523SC_piezo,1.969733231100185e-06,,2.2334274079135742e-06,,4.492363900384366e-06,,1.557678878751655e-06,,2.439924098562154e-06,,2.3343275787722363e-06,
60,Bird_Aspen_DH37_mic_to_good_takamine_EG523SC_mic,3.5804811274005895e-06,,3.1387250405214533e-06,,5.9423583279516205e-06,,2.3253356402343203e-06,,2.0870137695040362e-06,,3.4041240351432377e-06,
61,Bird_Aspen_DH37_mic_to_good_takamine_EG523SC_piezo,2.5568437904103634e-06,,2.6185261725990586e-06,,2.0156023411490686e-06,,1.6389730000462207e-06,,2.323788097336202e-06,,1.7791221709023292e-06,
62,Bird_Aspen_DH37_piezo_to_good_takamine_EG523SC_mic,3.8056055275126687e-06,,5.098839630117602e-06,,7.367696945644222e-06,,2.526075021238999e-06,,2.324394170301581e-06,,3.690334222808713e-06,
63,Bird_Aspen_DH37_piezo_to_good_takamine_EG523SC_piezo,2.8006844677998344e-06,,1.8683444886593825e-06,,2.7626041961512394e-06,,2.3084813452848584e-06,,1.999042952637323e-06,,1.9423325657001717e-06,
64,Bird_Aspen_DH37_mic_to_good_takamine_EG523SC_mic,5.731502813148377e-06,,4.697472900911913e-06,,4.7518736026451155e-06,,2.396460639981719e-06,,2.3167358165933064e-06,,2.47070875956058e-06,
65,Bird_Aspen_DH37_mic_to_good_takamine_EG523SC_piezo,2.2716516976114445e-06,,2.4774997414986396e-06,,2.1433653481915884e-06,,1.7524926469408924e-06,,2.3764391142181597e-06,,1.8594378157211539e-06,
66,Bird_Aspen_DH37_piezo_to_good_takamine_EG523SC_mic,2.4283314429517135e-06,,2.592205036091304e-06,,8.701349089331034e-06,,2.863613248233571e-06,,2.990776552098806e-06,,4.346135162182882e-06,
67,Bird_Aspen_DH37_piezo_to_good_takamine_EG523SC_piezo,1.9845085457119814e-06,,2.674214304822246e-06,,2.81221623376495e-06,,1.7073746153797269e-06,,1.7950972183189984e-06,,1.9959101063465574e-06,
68,Bird_Aspen_DH37_mic_to_good_takamine_EG523SC_mic,5.125858634470259e-06,,3.616219054175899e-06,,9.590793210169937e-06,,2.2602748057419477e-06,,2.3428864039503074e-06,,2.824387520782772e-06,
69,Bird_Aspen_DH37_mic_to_good_takamine_EG523SC_piezo,2.0117319014424415e-06,,1.5490764738530975e-06,,1.9777065292055177e-06,,1.577623485552029e-06,,1.8143394293889608e-06,,1.9075664576952132e-06,
70,Bird_Aspen_DH37_piezo_to_good_takamine_EG523SC_mic,3.3249904792305393e-06,,3.586759064907507e-06,,5.10606468007937e-06,,2.349132793780143e-06,,2.3698980356838903e-06,,3.192723175221916e-06,
71,Bird_Aspen_DH37_piezo_to_good_takamine_EG523SC_piezo,1.6302527165674889e-06,,1.9493745870045957e-06,,2.993401550728953e-06,,1.5681418940571891e-06,,2.081742086423552e-06,,2.0880654789601833e-06,
72,Bird_Aspen_DH37_mic_to_good_takamine_EG523SC_mic,2.7984910644622083e-06,,2.963595355765658e-06,,2.8424929802106806e-06,,3.765563011437397e-06,,3.832573244877162e-06,,3.6119712036882165e-06,
73,Bird_Aspen_DH37_mic_to_good_takamine_EG523SC_piezo,1.292871138281918e-06,,1.3060128669646248e-06,,1.5634339357829971e-06,,1.4890913479657996e-06,,1.507489414156263e-06,,2.3244651977793726e-06,
74,Bird_Aspen_DH37_piezo_to_good_takamine_EG523SC_mic,3.1440828552384837e-06,,3.6813890588854877e-06,,5.139065830319829e-06,,3.045513691877923e-06,,3.2904034512026753e-06,,2.1557016327823734e-06,
75,Bird_Aspen_DH37_piezo_to_good_takamine_EG523SC_piezo,1.6316851177152728e-06,,1.9000499684106854e-06,,1.7849195920275046e-06,,1.527535626955004e-06,,2.481046527134109e-06,,1.8180779049900224e-06,
76,Bird_Aspen_DH37_mic_to_good_takamine_EG523SC_mic,3.851493087215205e-06,,2.918514324545676e-06,,3.3234406468194977e-06,,3.3974603812014005e-06,,2.757624972541682e-06,,3.3059092917185447e-06,
77,Bird_Aspen_DH37_mic_to_good_takamine_EG523SC_piezo,1.275402379265919e-06,,1.2803671870058953e-06,,1.4202979958783198e-06,,1.4808160089985336e-06,,1.4740540607878838e-06,,1.988708992284624e-06,
78,Bird_Aspen_DH37_piezo_to_good_takamine_EG523SC_mic,3.936480883874977e-06,,3.2242413128340394e-06,,6.148599130119893e-06,,3.359260243121477e-06,,3.176641154072381e-06,,2.5293493216236396e-06,
79,Bird_Aspen_DH37_piezo_to_good_takamine_EG523SC_piezo,1.777999030206199e-06,,1.8253891900231258e-06,,1.8285007874536856e-06,,1.747127259949026e-06,,2.2358876872035276e-06,,1.8844359414137103e-06,
80,Bird_Aspen_DH37_mic_to_good_takamine_EG523SC_mic,4.86901480514879e-06,,3.485997313113717e-06,,3.3978429452731357e-06,,1.9498316835267277e-06,,2.8815798017890416e-06,,3.267975862692224e-06,
81,Bird_Aspen_DH37_mic_to_good_takamine_EG523SC_piezo,1.31271357872844e-06,,1.3534919099674597e-06,,1.455155578723735e-06,,1.718445385698793e-06,,1.5824410348071024e-06,,2.050246001648705e-06,
82,Bird_Aspen_DH37_piezo_to_good_takamine_EG523SC_mic,3.1012535935484834e-06,,3.326255591529177e-06,,5.047976079097335e-06,,2.5334563541457983e-06,,4.192872479520127e-06,,2.876181067501488e-06,
83,Bird_Aspen_DH37_piezo_to_good_takamine_EG523SC_piezo,1.919184567151685e-06,,1.703495825307252e-06,,2.045074432113245e-06,,1.8662258185297485e-06,,2.070419604478122e-06,,2.1755049681213527e-06,
84,Bird_Aspen_DH37_mic_to_good_takamine_EG523SC_mic,2.5113437422382103e-06,,2.9645155376209926e-06,,3.1485559519712874e-06,,3.5310387683212573e-06,,2.8750376927381625e-06,,2.9779799598333664e-06,
85,Bird_Aspen_DH37_mic_to_good_takamine_EG523SC_piezo,1.7668825119298975e-06,,1.8971497256879236e-06,,2.2134998572061232e-06,,1.8135767453623684e-06,,1.908215231962955e-06,,1.8915412255828552e-06,
86,Bird_Aspen_DH37_piezo_to_good_takamine_EG523SC_mic,4.3450735254254635e-06,,2.8247923010256507e-06,,7.899287658027716e-06,,2.948500511751054e-06,,3.188285335266588e-06,,3.2555641537565488e-06,
87,Bird_Aspen_DH37_piezo_to_good_takamine_EG523SC_piezo,2.0913789652264986e-06,,1.8154650518777953e-06,,2.7456099982089284e-06,,2.1009321470629277e-06,,1.8109754165682148e-06,,1.994031435885575e-06,
88,Bird_Aspen_DH37_mic_to_good_takamine_EG523SC_mic,3.262179178147022e-06,,2.782170152674864e-06,,3.1621120863404994e-06,,2.8630996267284037e-06,,2.664455437154004e-06,,3.1708175623166672e-06,
89,Bird_Aspen_DH37_mic_to_good_takamine_EG523SC_piezo,1.7318007350640064e-06,,1.3806248247387586e-06,,2.1781483314003006e-06,,1.7252791521317102e-06,,1.691028870317536e-06,,1.6750622891854597e-06,
90,Bird_Aspen_DH37_piezo_to_good_takamine_EG523SC_mic,3.4044983116881542e-06,,2.3023481746241473e-06,,5.531956306088035e-06,,2.6875231509131066e-06,,3.063428341116581e-06,,2.9518235877830806e-06,
91,Bird_Aspen_DH37_piezo_to_good_takamine_EG523SC_piezo,2.3067655532345057e-06,,2.4408359305471914e-06,,2.8455389825983316e-06,,4.0465549749640004e-06,,2.6816504165711994e-06,,2.026066142550582e-06,
92,Bird_Aspen_DH37_mic_to_good_takamine_EG523SC_mic,2.7848063244050906e-06,,2.43652257428034e-06,,3.392057613910982e-06,,2.6996471511616215e-06,,2.87972385944466e-06,,3.2550793371551136e-06,
93,Bird_Aspen_DH37_mic_to_good_takamine_EG523SC_piezo,1.4409245676461831e-06,,1.1942273774535335e-06,,1.9319444553875172e-06,,1.482568219583209e-06,,1.423749378848601e-06,,1.930445769564243e-06,
94,Bird_Aspen_DH37_piezo_to_good_takamine_EG523SC_mic,3.6968230774323808e-06,,3.4362520506471166e-06,,5.772747786823128e-06,,2.429176299528936e-06,,2.9378002663963856e-06,,5.281591788934064e-06,
95,Bird_Aspen_DH37_piezo_to_good_takamine_EG523SC_piezo,2.1093003381855193e-06,,2.104740143527673e-06,,2.738996786905925e-06,,1.9310264081844646e-06,,1.617170621626741e-06,,1.8954812564006102e-06,
96,Bird_Aspen_DH37_mic_to_good_takamine_EG523SC_mic,2.8711906485807826e-06,,2.088720003509658e-06,,5.472907770912462e-06,,2.8151704653835857e-06,,2.4112524894414355e-06,,2.709295174423349e-06,
97,Bird_Aspen_DH37_mic_to_good_takamine_EG523SC_piezo,1.3272200489123532e-06,,1.327364936374243e-06,,2.3109976725975686e-06,,1.576792312843623e-06,,1.5832480030483301e-06,,2.0924955009942096e-06,
98,Bird_Aspen_DH37_piezo_to_good_takamine_EG523SC_mic,3.296654862558025e-06,,2.1707261222355644e-06,,7.773563727688741e-06,,3.109919177708299e-06,,2.475777824030469e-06,,4.533481326492924e-06,
99,Bird_Aspen_DH37_piezo_to_good_takamine_EG523SC_piezo,4.352847268166137e-06,,2.8180405823956495e-06,,2.973476624975969e-06,,1.8206446256930614e-06,,2.1447088028414403e-06,,1.976136861367647e-06,
100,Bird_Aspen_DH37_mic_to_good_takamine_EG523SC_mic,2.160458189880542e-06,,1.9068656117682502e-06,,3.288237101791365e-06,,1.8188086211293137e-06,,1.878590354185557e-06,,3.0299643868616667e-06,
101,Bird_Aspen_DH37_mic_to_good_takamine_EG523SC_piezo,1.2858836758511584e-06,,1.377051228510745e-06,,1.8635213438303757e-06,,1.6975968126343726e-06,,1.7858385807591335e-06,,2.712439868549975e-06,
102,Bird_Aspen_DH37_piezo_to_good_takamine_EG523SC_mic,2.404032881003736e-06,,2.0494409760973014e-06,,8.732138542704375e-06,,2.1509008826235218e-06,,2.7164097217723682e-06,,3.778486377112326e-06,
103,Bird_Aspen_DH37_piezo_to_good_takamine_EG523SC_piezo,1.8634272712493135e-06,,2.4569047904943593e-06,,3.2889484130829615e-06,,2.040666229559845e-06,,2.575536372647729e-06,,2.12682599719041e-06,
104,Bird_Aspen_DH37_mic_to_good_takamine_EG523SC_mic,2.0272175112223618e-06,,2.218671575345843e-06,,3.7866509925689717e-06,,3.604947919281981e-06,,3.0856034335610507e-06,,2.8136637289925617e-06,
105,Bird_Aspen_DH37_mic_to_good_takamine_EG523SC_piezo,1.3433042057482412e-06,,1.3272460038837055e-06,,1.7308023470811925e-06,,1.625147475267687e-06,,1.5793612036498145e-06,,2.3375263178670468e-06,
106,Bird_Aspen_DH37_piezo_to_good_takamine_EG523SC_mic,3.614760574876803e-06,,2.0376083980585503e-06,,8.683550660730643e-06,,2.2337122149744127e-06,,3.488789604418142e-06,,2.869603536584915e-06,
107,Bird_Aspen_DH37_piezo_to_good_takamine_EG523SC_piezo,1.7217659897980502e-06,,2.4473115774968e-06,,4.0102702478376424e-06,,1.7213309305542934e-06,,2.2851203799881163e-06,,2.5569020938753343e-06,
108,Bird_Aspen_DH37_mic_to_good_takamine_EG523SC_mic,2.721850430809032e-06,,2.7857290281175505e-06,,7.382404663270938e-06,,3.798886603868894e-06,,3.6696010717196614e-06,,2.9575261372592864e-06,
109,Bird_Aspen_DH37_mic_to_good_takamine_EG523SC_piezo,2.1857992837637132e-06,,2.1599274794671684e-06,,2.0074314069371245e-06,,1.9622418679227547e-06,,2.5567889748197884e-06,,1.86130141566349e-06,
110,Bird_Aspen_DH37_piezo_to_good_takamine_EG523SC_mic,2.6837284380837816e-06,,2.964846700376337e-06,,7.92018181247042e-06,,3.1219345227897077e-06,,3.0773572424230583e-06,,3.8741642303361155e-06,
111,Bird_Aspen_DH37_piezo_to_good_takamine_EG523SC_piezo,3.1176890963443084e-06,,1.7889574195915159e-06,,2.8833466003572942e-06,,1.9904952830639503e-06,,2.2162433975563535e-06,,2.0685699566306968e-06,
112,Bird_Aspen_DH37_mic_to_good_takamine_EG523SC_mic,2.1329232545092106e-06,,2.0092823085401806e-06,,3.790737101222614e-06,,3.3914242291755852e-06,,3.9109720019537115e-06,,2.8681379988420178e-06,
113,Bird_Aspen_DH37_mic_to_good_takamine_EG523SC_piezo,2.2306912769423693e-06,,2.1271529653721525e-06,,2.184319706288375e-06,,1.9963194990007013e-06,,2.8468496447888834e-06,,1.9404788215276317e-06,
114,Bird_Aspen_DH37_piezo_to_good_takamine_EG523SC_mic,5.343294940252883e-06,,2.0717238622611347e-06,,7.872771169446245e-06,,3.380026685586933e-06,,2.9176513733215504e-06,,4.062850070491778e-06,
115,Bird_Aspen_DH37_piezo_to_good_takamine_EG523SC_piezo,2.4107552826346124e-06,,1.8862030707137127e-06,,3.092270610206083e-06,,2.3583059477096616e-06,,2.273385123854187e-06,,2.026292241912248e-06,
116,Bird_Aspen_DH37_mic_to_good_takamine_EG523SC_mic,5.3731515190759844e-06,,2.5495787864832107e-06,,4.604180983993797e-06,,1.727731159505943e-06,,2.696810751910012e-06,,2.8469083666322867e-06,
117,Bird_Aspen_DH37_mic_to_good_takamine_EG523SC_piezo,2.4021264927771555e-06,,2.0154887166065236e-06,,1.939067132098668e-06,,2.3486294102277536e-06,,2.516858963807776e-06,,1.897358706986286e-06,
118,Bird_Aspen_DH37_piezo_to_good_takamine_EG523SC_mic,3.1459546919840436e-06,,2.27116202046645e-06,,5.557416833634154e-06,,4.011029567160993e-06,,3.92548405038057e-06,,4.319095032125507e-06,
119,Bird_Aspen_DH37_piezo_to_good_takamine_EG523SC_piezo,1.5427583815914232e-06,,1.908991239196961e-06,,3.180360040038659e-06,,1.9228509866099528e-06,,2.793717132118187e-06,,2.0517840147064905e-06,
120,Bird_Aspen_DH37_mic_to_good_takamine_EG523SC_mic,3.2006110991886665e-06,,4.23635376149936e-06,,3.842190282364938e-06,,2.4639724759406693e-06,,2.479984529168434e-06,,2.3219159916543476e-06,
121,Bird_Aspen_DH37_mic_to_good_takamine_EG523SC_piezo,1.3641199474780201e-06,,1.3169197924085958e-06,,1.3958302916130445e-06,,1.4364202054021893e-06,,1.3645455372625776e-06,,1.6174961602441041e-06,
122,Bird_Aspen_DH37_piezo_to_good_takamine_EG523SC_mic,3.0089729596419842e-06,,3.532171853240171e-06,,6.251312665385758e-06,,2.7217167854050706e-06,,3.096811172655626e-06,,3.011194625920516e-06,
123,Bird_Aspen_DH37_piezo_to_good_takamine_EG523SC_piezo,2.290765478780941e-06,,1.7348324799980592e-06,,2.7904821389754084e-06,,1.976044021050659e-06,,2.182493372190653e-06,,3.055489059734253e-06,
124,Bird_Aspen_DH37_mic_to_good_takamine_EG523SC_mic,3.5840307607375756e-06,,4.781889175160714e-06,,5.4567078921330714e-06,,2.6395802743480377e-06,,3.1285785773438942e-06,,2.471640014904075e-06,
125,Bird_Aspen_DH37_mic_to_good_takamine_EG523SC_piezo,1.3005459859550018e-06,,1.2937019777638482e-06,,1.4087373796032983e-06,,1.5918066757635448e-06,,1.6477153406407422e-06,,2.091195165734067e-06,
126,Bird_Aspen_DH37_piezo_to_good_takamine_EG523SC_mic,3.7489149927996016e-06,,3.337992750780172e-06,,4.566882360250241e-06,,3.21205380104898e-06,,3.586477661220335e-06,,3.1450680648243117e-06,
127,Bird_Aspen_DH37_piezo_to_good_takamine_EG523SC_piezo,1.9321917926776494e-06,,1.557627946904898e-06,,1.5102478899025694e-06,,1.7407221797689954e-06,,2.0227156048284423e-06,,1.4915242484175264e-06,
128,Bird_Aspen_DH37_mic_to_good_takamine_EG523SC_mic,3.981827008226684e-06,,5.6649570549864235e-06,,9.891430637485284e-06,,3.745267116675616e-06,,2.9573041964035773e-06,,3.2447921673540343e-06,
129,Bird_Aspen_DH37_mic_to_good_takamine_EG523SC_piezo,1.3317475033654786e-06,,1.3451574647306012e-06,,1.3947621429197732e-06,,1.5724811229644452e-06,,1.705367010380873e-06,,1.5649762165169675e-06,
130,Bird_Aspen_DH37_piezo_to_good_takamine_EG523SC_mic,2.171838054276439e-06,,4.249819745920346e-06,,5.4611871266525555e-06,,4.01965004903168e-06,,2.5796728165716356e-06,,3.021502124501469e-06,
131,Bird_Aspen_DH37_piezo_to_good_takamine_EG523SC_piezo,1.592352584449224e-06,,1.9994359900650146e-06,,2.0894327017500415e-06,,2.018725657739521e-06,,1.685567145096206e-06,,1.9242392976719663e-06,
132,Bird_Aspen_DH37_mic_to_good_takamine_EG523SC_mic,3.4647755305096748e-06,,3.8669217504637706e-06,,5.033556875451731e-06,,3.991520116454031e-06,,3.0804619404346973e-06,,3.232450881807813e-06,
133,Bird_Aspen_DH37_mic_to_good_takamine_EG523SC_piezo,1.5264199681803212e-06,,1.386580450006062e-06,,1.5692636152947797e-06,,1.4013354862095689e-06,,1.6731221069464452e-06,,1.9576824492689483e-06,
134,Bird_Aspen_DH37_piezo_to_good_takamine_EG523SC_mic,2.712381281158295e-06,,2.2232182682561275e-06,,8.055160359455691e-06,,3.6065100387640943e-06,,2.791183438736496e-06,,2.9072031190597225e-06,
135,Bird_Aspen_DH37_piezo_to_good_takamine_EG523SC_piezo,2.699494342657324e-06,,2.1760375413304993e-06,,2.9433180655111764e-06,,1.5115119304963515e-06,,1.983274798609241e-06,,2.4691677817239145e-06,
136,Bird_Aspen_DH37_mic_to_good_takamine_EG523SC_mic,1.6705973832033022e-06,,1.8041618112754878e-06,,3.4526587264430025e-06,,2.357861932564587e-06,,2.2477007150521123e-06,,2.358785253046168e-06,
137,Bird_Aspen_DH37_mic_to_good_takamine_EG523SC_piezo,1.4826802547285751e-06,,1.3452554496430218e-06,,1.455476843067309e-06,,1.4816084355898163e-06,,1.4034721127199346e-06,,2.415995835488288e-06,
138,Bird_Aspen_DH37_piezo_to_good_takamine_EG523SC_mic,2.7992861794727617e-06,,2.5233806230799857e-06,,6.979638416196831e-06,,4.312727416358336e-06,,4.02327620500336e-06,,2.559062389625812e-06,
139,Bird_Aspen_DH37_piezo_to_good_takamine_EG523SC_piezo,2.7245648695565443e-06,,2.8858335742718463e-06,,2.999551315590808e-06,,2.847601140795774e-06,,2.1496821639782774e-06,,2.1032641147495643e-06,
140,Bird_Aspen_DH37_mic_to_good_takamine_EG523SC_mic,2.462232511748322e-06,,2.764499785245716e-06,,3.08729112308303e-06,,4.15743564896072e-06,,4.4851234552581635e-06,,5.407346985233812e-06,
141,Bird_Aspen_DH37_mic_to_good_takamine_EG523SC_piezo,1.5211403128662204e-06,,1.6513432546122299e-06,,2.3956553127784947e-06,,2.193178001902156e-06,,1.6343724660512853e-06,,1.95472258384113e-06,
142,Bird_Aspen_DH37_piezo_to_good_takamine_EG523SC_mic,2.409538744194962e-06,,2.5944750970436456e-06,,5.3700551857896744e-06,,2.4352178281601437e-06,,3.081143565956221e-06,,4.97802658304381e-06,
143,Bird_Aspen_DH37_piezo_to_good_takamine_EG523SC_piezo,1.885456250083453e-06,,1.7741493580828858e-06,,2.827019737861723e-06,,1.2485107719565645e-06,,2.3479636231772743e-06,,1.9649861952852064e-06,
144,Bird_Aspen_DH37_mic_to_AJ_JJasmine_JF37CD_mic,6.857927739964427e-06,,6.181268618452991e-06,,5.160095748687594e-06,,3.7667963150551215e-06,,3.489580637262951e-06,,2.8765746240379064e-06,
145,Bird_Aspen_DH37_mic_to_AJ_JJasmine_JF37CD_piezo,2.4460539056749922e-06,,2.884517621153136e-06,,2.4602696787901347e-06,,2.679914170770074e-06,,2.138278636470001e-06,,2.598531156829948e-06,
146,Bird_Aspen_DH37_piezo_to_AJ_JJasmine_JF37CD_mic,3.892562829313118e-06,,2.5553059705119384e-06,,2.4798360083415878e-06,,2.2449073160852134e-06,,2.919366316153422e-06,,4.6715241983731095e-06,
147,Bird_Aspen_DH37_piezo_to_AJ_JJasmine_JF37CD_piezo,3.7101879239075013e-06,,2.030963675962054e-06,,1.7336646347283747e-06,,4.736801289059861e-06,,4.173355710968492e-06,,4.876976417156777e-06,
148,Bird_Aspen_DH37_mic_to_AJ_JJasmine_JF37CD_mic,4.930324964408996e-06,,4.30103211238294e-06,,5.350109780588189e-06,,4.398066589548527e-06,,4.172558849386639e-06,,2.8533393246457646e-06,
149,Bird_Aspen_DH37_mic_to_AJ_JJasmine_JF37CD_piezo,4.053539654346384e-06,,2.1632370431879766e-06,,2.4203986962727743e-06,,4.906967227022654e-06,,1.916812410982673e-06,,2.780402194904773e-06,
150,Bird_Aspen_DH37_piezo_to_AJ_JJasmine_JF37CD_mic,3.075836415430492e-06,,2.6365960489205215e-06,,2.4634980208891515e-06,,3.216364267936338e-06,,2.962336250079932e-06,,5.031088794066646e-06,
151,Bird_Aspen_DH37_piezo_to_AJ_JJasmine_JF37CD_piezo,1.8089401881105243e-06,,1.8391020902375183e-06,,1.974845727374511e-06,,2.6220067916464613e-06,,4.269839923903689e-06,,5.113585566953549e-06,
152,Bird_Aspen_DH37_mic_to_AJ_JJasmine_JF37CD_mic,3.4854151379038e-06,,6.2385127084460615e-06,,3.838260574072588e-06,,3.1050531289150606e-06,,3.1896120428020934e-06,,2.9002585660180903e-06,
153,Bird_Aspen_DH37_mic_to_AJ_JJasmine_JF37CD_piezo,2.1807108064406606e-06,,2.3334364552930113e-06,,2.32695584224303e-06,,4.976421610454854e-06,,3.0756397579590373e-06,,2.4694769680320286e-06,
154,Bird_Aspen_DH37_piezo_to_AJ_JJasmine_JF37CD_mic,4.086390410645897e-06,,2.5524935408744586e-06,,2.896588059655878e-06,,3.2628640348058704e-06,,3.616547727113749e-06,,4.862492987981228e-06,
155,Bird_Aspen_DH37_piezo_to_AJ_JJasmine_JF37CD_piezo,2.1901805429045166e-06,,2.0143384056326013e-06,,2.0061358580146003e-06,,2.594141604905712e-06,,4.266524707618963e-06,,3.946226842108368e-06,
156,Bird_Aspen_DH37_mic_to_AJ_JJasmine_JF37CD_mic,4.614229451748612e-06,,7.316205321711618e-06,,4.5226628600883695e-06,,3.7049347075096734e-06,,2.899242735166826e-06,,2.9080583730136726e-06,
157,Bird_Aspen_DH37_mic_to_AJ_JJasmine_JF37CD_piezo,2.48880483850831e-06,,2.564248420855654e-06,,2.5348690275925055e-06,,2.727257638086774e-06,,1.922906640169982e-06,,3.248288990966004e-06,
158,Bird_Aspen_DH37_piezo_to_AJ_JJasmine_JF37CD_mic,3.282692362759764e-06,,7.2643589240542905e-06,,2.3693019592106303e-06,,3.597854327700634e-06,,3.8032783296298005e-06,,4.645377392947572e-06,
159,Bird_Aspen_DH37_piezo_to_AJ_JJasmine_JF37CD_piezo,2.3555947082073484e-06,,3.1153314915561754e-06,,1.663868596011477e-06,,3.0274189224043056e-06,,2.684858105909899e-06,,2.8861993192067995e-06,
160,Bird_Aspen_DH37_mic_to_AJ_JJasmine_JF37CD_mic,7.108252489228916e-06,,4.145281517646603e-06,,4.181028193373697e-06,,4.1989612587237e-06,,3.3747645260024603e-06,,3.6699361555788223e-06,
161,Bird_Aspen_DH37_mic_to_AJ_JJasmine_JF37CD_piezo,3.2140834312631016e-06,,2.9588719993882404e-06,,2.6598450612308603e-06,,4.3785981344687236e-06,,4.114722526591533e-06,,3.4562363225905457e-06,
162,Bird_Aspen_DH37_piezo_to_AJ_JJasmine_JF37CD_mic,6.104494993916153e-06,,4.373919724785964e-06,,2.289929638131575e-06,,2.901083972935041e-06,,2.610353802183811e-06,,2.838678919023442e-06,
163,Bird_Aspen_DH37_piezo_to_AJ_JJasmine_JF37CD_piezo,2.397786838070135e-06,,2.4029485504774407e-06,,2.035921580111828e-06,,2.87346319121311e-06,,2.435326191594704e-06,,2.4195911712607493e-06,
164,Bird_Aspen_DH37_mic_to_AJ_JJasmine_JF37CD_mic,6.724588515981877e-06,,4.737811469465923e-06,,2.9670798768093076e-06,,2.9784452288436375e-06,,2.5073983856236664e-06,,2.797596363804023e-06,
165,Bird_Aspen_DH37_mic_to_AJ_JJasmine_JF37CD_piezo,2.828844995629995e-06,,1.9397308204405446e-06,,2.0620571823070016e-06,,2.532830811649723e-06,,1.808917912683107e-06,,2.549476591329739e-06,
166,Bird_Aspen_DH37_piezo_to_AJ_JJasmine_JF37CD_mic,2.5289217351191375e-06,,5.503651619924979e-06,,2.440535109032809e-06,,2.833258333760578e-06,,3.2144522150091216e-06,,3.249618373760855e-06,
167,Bird_Aspen_DH37_piezo_to_AJ_JJasmine_JF37CD_piezo,4.251201800805313e-06,,2.950866509906217e-06,,2.193262397844284e-06,,3.18033282504553e-06,,2.9880688091768157e-06,,2.468129358987732e-06,
168,Bird_Aspen_DH37_mic_to_AJ_JJasmine_JF37CD_mic,4.223028054808618e-06,,4.7333003421642785e-06,,3.550444577050685e-06,,3.6836182780100397e-06,,2.650797611806624e-06,,3.569889711270933e-06,
169,Bird_Aspen_DH37_mic_to_AJ_JJasmine_JF37CD_piezo,2.262243494237034e-06,,2.606002965993506e-06,,2.7150600238643006e-06,,2.4554672692821312e-06,,3.7629261880298826e-06,,3.9011504021155585e-06,
170,Bird_Aspen_DH37_piezo_to_AJ_JJasmine_JF37CD_mic,7.2159107481231106e-06,,4.868924227886275e-06,,5.982491243994656e-06,,3.032491122153754e-06,,2.0914265398950616e-06,,4.239853181069543e-06,
171,Bird_Aspen_DH37_piezo_to_AJ_JJasmine_JF37CD_piezo,2.2198863499586245e-06,,2.2483901504515715e-06,,2.432793194546426e-06,,2.7342177049600393e-06,,2.2635900720105843e-06,,3.759611410814735e-06,
172,Bird_Aspen_DH37_mic_to_AJ_JJasmine_JF37CD_mic,7.273516856653548e-06,,6.597595048518232e-06,,4.93640371572822e-06,,3.870461564610183e-06,,3.837812929747591e-06,,4.486461862407199e-06,
173,Bird_Aspen_DH37_mic_to_AJ_JJasmine_JF37CD_piezo,2.5270641315521383e-06,,2.85091250480931e-06,,3.450840111939068e-06,,2.3030172247422974e-06,,2.1519633363513593e-06,,5.931650487306494e-06,
174,Bird_Aspen_DH37_piezo_to_AJ_JJasmine_JF37CD_mic,3.286632945981782e-06,,3.9089376443855674e-06,,3.2958932919492736e-06,,3.407456245892139e-06,,2.640059529853099e-06,,4.175456560130686e-06,
175,Bird_Aspen_DH37_piezo_to_AJ_JJasmine_JF37CD_piezo,2.036116800824086e-06,,1.7793034891173021e-06,,2.7872680506425214e-06,,3.1757610210008205e-06,,3.1447184371398867e-06,,4.090300665860203e-06,
176,Bird_Aspen_DH37_mic_to_AJ_JJasmine_JF37CD_mic,6.752107457974365e-06,,4.862599383495324e-06,,7.530601641648413e-06,,4.830350459525903e-06,,3.929717944146998e-06,,3.3827918244228944e-06,
177,Bird_Aspen_DH37_mic_to_AJ_JJasmine_JF37CD_piezo,3.343274483826249e-06,,3.259882310797156e-06,,2.8711857530999575e-06,,3.606864227173043e-06,,3.0406173573460065e-06,,2.3970008025616792e-06,
178,Bird_Aspen_DH37_piezo_to_AJ_JJasmine_JF37CD_mic,3.946280084854468e-06,,4.222358053191566e-06,,2.648430311742425e-06,,4.153638579377772e-06,,3.2276930649568815e-06,,3.036169197658556e-06,
179,Bird_Aspen_DH37_piezo_to_AJ_JJasmine_JF37CD_piezo,1.9541193444502915e-06,,1.645529298285368e-06,,2.081172884473361e-06,,3.703253754823218e-06,,3.81194476595561e-06,,3.7780797660182154e-06,
180,Bird_Aspen_DH37_mic_to_AJ_JJasmine_JF37CD_mic,5.627806781891951e-06,,5.270387401688781e-06,,7.82227749243706e-06,,2.9004123285409483e-06,,2.8888209184367053e-06,,5.582439813606718e-06,
181,Bird_Aspen_DH37_mic_to_AJ_JJasmine_JF37CD_piezo,1.610142267108357e-06,,3.038682198261399e-06,,1.078764054793585e-05,,1.9345445829752255e-06,,3.5012312559628677e-06,,3.980571026672474e-06,
182,Bird_Aspen_DH37_piezo_to_AJ_JJasmine_JF37CD_mic,7.221252362995156e-06,,4.540297169098296e-06,,3.77743076567008e-06,,3.1628739104575785e-06,,3.543860229248772e-06,,4.509861694777567e-06,
183,Bird_Aspen_DH37_piezo_to_AJ_JJasmine_JF37CD_piezo,1.5614265211964296e-06,,2.311294295509451e-06,,1.8942029696296704e-06,,2.4369718513296514e-06,,2.9868055988455702e-06,,5.317855983110505e-06,
184,Bird_Aspen_DH37_mic_to_AJ_JJasmine_JF37CD_mic,5.052200662038321e-06,,4.698015716910386e-06,,5.293610467665971e-06,,4.401537437887759e-06,,2.3237625413484216e-06,,4.282371024106653e-06,
185,Bird_Aspen_DH37_mic_to_AJ_JJasmine_JF37CD_piezo,3.3619966548190268e-06,,2.054887030373275e-06,,4.4153117589131875e-06,,4.508503153307276e-06,,2.44837278307508e-06,,5.952990742723242e-06,
186,Bird_Aspen_DH37_piezo_to_AJ_JJasmine_JF37CD_mic,4.578491029454716e-06,,5.950653456124114e-06,,2.636227230743537e-06,,3.780996213566893e-06,,3.7203374636194846e-06,,4.388361489100717e-06,
187,Bird_Aspen_DH37_piezo_to_AJ_JJasmine_JF37CD_piezo,3.2331961390627252e-06,,3.634633811026283e-06,,1.8131723856750062e-06,,2.5498635281555667e-06,,2.6213153253141342e-06,,2.2029628525727817e-06,
188,Bird_Aspen_DH37_mic_to_AJ_JJasmine_JF37CD_mic,5.7531762774345e-06,,7.346300298893541e-06,,6.0120195141717305e-06,,4.735485698521667e-06,,3.4051907074519576e-06,,4.915442366516476e-06,
189,Bird_Aspen_DH37_mic_to_AJ_JJasmine_JF37CD_piezo,2.8344174111875624e-06,,3.0562349977128645e-06,,5.502168274797718e-06,,3.7499915222102616e-06,,4.121703780365541e-06,,5.715092480076984e-06,
190,Bird_Aspen_DH37_piezo_to_AJ_JJasmine_JF37CD_mic,3.75513826751587e-06,,6.881145471359382e-06,,3.4104496523205098e-06,,2.7631548351737072e-06,,2.968990346783972e-06,,3.812788472527014e-06,
191,Bird_Aspen_DH37_piezo_to_AJ_JJasmine_JF37CD_piezo,2.9157415685832668e-06,,2.2489041190837245e-06,,1.5991132773082286e-06,,2.7380921904419423e-06,,2.534568893698653e-06,,4.246529600705227e-06,
192,Bird_Aspen_DH37_mic_to_AJ_JJasmine_JF37CD_mic,4.100019460597108e-06,,6.27259217421647e-06,,4.566197589767178e-06,,4.0526290284576e-06,,3.974811678368382e-06,,3.5477754205002377e-06,
193,Bird_Aspen_DH37_mic_to_AJ_JJasmine_JF37CD_piezo,2.4488950326362278e-06,,2.8542077733858627e-06,,4.380565995763151e-06,,3.0002912484229607e-06,,3.1371872029122597e-06,,4.132172952913705e-06,
194,Bird_Aspen_DH37_piezo_to_AJ_JJasmine_JF37CD_mic,4.508698255871795e-06,,3.226223917879697e-06,,3.24436979082977e-06,,1.5534093589073202e-06,,3.826433777788669e-06,,1.9500979310268984e-06,
195,Bird_Aspen_DH37_piezo_to_AJ_JJasmine_JF37CD_piezo,4.2034383896952e-06,,2.2325763940291067e-06,,4.5117266103989365e-06,,2.268948480468753e-06,,3.836480556056953e-06,,2.5414027830616525e-06,
196,Bird_Aspen_DH37_mic_to_AJ_JJasmine_JF37CD_mic,3.6531764939371613e-06,,4.73343874921695e-06,,4.6250612121479295e-06,,3.517087974191503e-06,,2.9025862781847175e-06,,3.4536771896334907e-06,
197,Bird_Aspen_DH37_mic_to_AJ_JJasmine_JF37CD_piezo,2.8196509922673206e-06,,3.202859061003464e-06,,2.4324641974191132e-06,,4.4728760085939185e-06,,5.0415420223848715e-06,,3.5857470230654357e-06,
198,Bird_Aspen_DH37_piezo_to_AJ_JJasmine_JF37CD_mic,5.872842970858005e-06,,4.491801231014761e-06,,3.677757927701509e-06,,2.850333177880026e-06,,2.7556982554483314e-06,,4.280786038356544e-06,
199,Bird_Aspen_DH37_piezo_to_AJ_JJasmine_JF37CD_piezo,1.8606102099437644e-06,,1.8957250427362433e-06,,2.102153567575949e-06,,2.9378865686398125e-06,,3.252665655745408e-06,,3.6130348751167334e-06,
200,Bird_Aspen_DH37_mic_to_AJ_JJasmine_JF37CD_mic,6.460424937530682e-06,,5.730496845303513e-06,,6.4653400733927156e-06,,3.1686392487445416e-06,,4.7757344518912815e-06,,4.8500817910669496e-06,
201,Bird_Aspen_DH37_mic_to_AJ_JJasmine_JF37CD_piezo,2.9335974359761177e-06,,4.358820713628291e-06,,2.526205860498155e-06,,3.4023877679084687e-06,,3.775224561092751e-06,,3.73076815200326e-06,
202,Bird_Aspen_DH37_piezo_to_AJ_JJasmine_JF37CD_mic,3.6638048298275393e-06,,5.351256662177751e-06,,3.2715757583230504e-06,,2.9891008189554355e-06,,3.4579771185008323e-06,,4.654394310447955e-06,
203,Bird_Aspen_DH37_piezo_to_AJ_JJasmine_JF37CD_piezo,2.3749892210872083e-06,,1.8604644452810535e-06,,2.0699408469950977e-06,,4.215172324909718e-06,,3.2350983845878233e-06,,4.470587575194269e-06,
204,Bird_Aspen_DH37_mic_to_AJ_JJasmine_JF37CD_mic,3.3762647075594925e-06,,3.2034314930709275e-06,,3.0652121145353795e-06,,3.725144971989172e-06,,2.8458682611989813e-06,,3.0577316094297622e-06,
205,Bird_Aspen_DH37_mic_to_AJ_JJasmine_JF37CD_piezo,2.376749077692997e-06,,2.7224784929609653e-06,,3.522851118427939e-06,,3.415149145446632e-06,,3.8225565770588925e-06,,5.207657392241027e-06,
206,Bird_Aspen_DH37_piezo_to_AJ_JJasmine_JF37CD_mic,4.685609875862017e-06,,4.8162000478545135e-06,,2.4321452452868054e-06,,3.7036015158804413e-06,,3.661214318277722e-06,,5.255530348872641e-06,
207,Bird_Aspen_DH37_piezo_to_AJ_JJasmine_JF37CD_piezo,1.6022543117942665e-06,,1.990657914509372e-06,,1.663208230411565e-06,,4.681290041976723e-06,,2.7462174849281507e-06,,3.612897384912277e-06,
208,Bird_Aspen_DH37_mic_to_AJ_JJasmine_JF37CD_mic,6.5869410617948246e-06,,4.615420480079878e-06,,3.92567029354372e-06,,4.2642780700352716e-06,,3.5154877805045337e-06,,3.1829411517268275e-06,
209,Bird_Aspen_DH37_mic_to_AJ_JJasmine_JF37CD_piezo,2.8397990990836836e-06,,3.0003409361923673e-06,,3.075402083813121e-06,,3.119716708833867e-06,,4.761804300297355e-06,,5.18855358592521e-06,
210,Bird_Aspen_DH37_piezo_to_AJ_JJasmine_JF37CD_mic,6.627436430516046e-06,,5.416605357574667e-06,,2.6522795072772456e-06,,3.640718077973289e-06,,3.420604102839998e-06,,4.795753959663151e-06,
211,Bird_Aspen_DH37_piezo_to_AJ_JJasmine_JF37CD_piezo,1.7153118998449676e-06,,2.459540227323817e-06,,1.973169159386452e-06,,4.492340548816542e-06,,3.4057084159291058e-06,,3.3241602169288487e-06,
212,Bird_Aspen_DH37_mic_to_AJ_JJasmine_JF37CD_mic,3.4763046577547126e-06,,3.0586298239279713e-06,,2.475814666699317e-06,,3.749491391655719e-06,,2.8523585826931778e-06,,3.121648732095245e-06,
213,Bird_Aspen_DH37_mic_to_AJ_JJasmine_JF37CD_piezo,2.399048338088304e-06,,2.2357080907177066e-06,,3.1355040752812725e-06,,2.5131563459771362e-06,,2.185710337560957e-06,,5.144534147648112e-06,
214,Bird_Aspen_DH37_piezo_to_AJ_JJasmine_JF37CD_mic,5.504061645995209e-06,,3.4562122663066033e-06,,2.538862370109779e-06,,3.048433698028933e-06,,2.903597620771379e-06,,4.455060715497456e-06,
215,Bird_Aspen_DH37_piezo_to_AJ_JJasmine_JF37CD_piezo,2.6189875562603627e-06,,3.0319430463504135e-06,,1.7367875491951325e-06,,3.4209036379320137e-06,,3.5161951501511305e-06,,4.401585246431333e-06,
216,Bird_Aspen_DH37_mic_to_AJ_JJasmine_JF37CD_mic,5.432761050385282e-06,,5.863264141830235e-06,,4.615840596602425e-06,,4.879217891891323e-06,,3.0618143647629472e-06,,4.560796971937155e-06,
217,Bird_Aspen_DH37_mic_to_AJ_JJasmine_JF37CD_piezo,2.7632905838844643e-06,,3.916364163482033e-06,,4.041921494174072e-06,,3.663282340054011e-06,,4.809517538107378e-06,,5.982532200449106e-06,
218,Bird_Aspen_DH37_piezo_to_AJ_JJasmine_JF37CD_mic,5.230808993561948e-06,,4.669754067373617e-06,,3.4222342516748153e-06,,3.4273399649266785e-06,,3.2948918529865775e-06,,4.917650702429158e-06,
219,Bird_Aspen_DH37_piezo_to_AJ_JJasmine_JF37CD_piezo,1.8045201148877542e-06,,1.6831568760064306e-06,,1.9385491014494677e-06,,3.0064954512368766e-06,,4.0764768546794745e-06,,2.6223972151867007e-06,
220,Bird_Aspen_DH37_mic_to_AJ_JJasmine_JF37CD_mic,6.550322894072895e-06,,6.1747599910982185e-06,,6.4916989124655195e-06,,4.347740111958951e-06,,3.7715107847782496e-06,,3.788348388187484e-06,
221,Bird_Aspen_DH37_mic_to_AJ_JJasmine_JF37CD_piezo,2.864491493577996e-06,,3.06692392949956e-06,,3.0787021482559183e-06,,4.260581184451292e-06,,3.836706706965363e-06,,4.75626636258829e-06,
222,Bird_Aspen_DH37_piezo_to_AJ_JJasmine_JF37CD_mic,3.9190884114134206e-06,,5.1477985280754815e-06,,3.4836818427575822e-06,,2.8272059428309376e-06,,2.6686674235074494e-06,,3.502486705392858e-06,
223,Bird_Aspen_DH37_piezo_to_AJ_JJasmine_JF37CD_piezo,1.7899595700983614e-06,,1.8011384552343986e-06,,1.8438756138784807e-06,,4.047888190588889e-06,,3.323072047718505e-06,,2.3680818207240628e-06,
224,Bird_Aspen_DH37_mic_to_AJ_JJasmine_JF37CD_mic,3.612659339470375e-06,,4.044284513302117e-06,,7.759696417150037e-06,,3.475426437963339e-06,,5.054346863174352e-06,,3.341826060126519e-06,
225,Bird_Aspen_DH37_mic_to_AJ_JJasmine_JF37CD_piezo,3.902445791756847e-06,,3.796262998118905e-06,,2.723219881360076e-06,,4.780855807893956e-06,,4.111659032032053e-06,,2.83805770590555e-06,
226,Bird_Aspen_DH37_piezo_to_AJ_JJasmine_JF37CD_mic,5.133518293579604e-06,,4.618374753575221e-06,,2.8977187515189353e-06,,4.038528429070177e-06,,2.4609963646285393e-06,,3.73476462901091e-06,
227,Bird_Aspen_DH37_piezo_to_AJ_JJasmine_JF37CD_piezo,1.8831784642149078e-06,,1.6432740621951152e-06,,1.9656823355765813e-06,,3.0361112949277824e-06,,3.828524013175335e-06,,2.1783635072156385e-06,
228,Bird_Aspen_DH37_mic_to_AJ_JJasmine_JF37CD_mic,5.143427355824786e-06,,5.8681872736936555e-06,,5.712418933470675e-06,,2.743112483888897e-06,,3.4448322505907774e-06,,4.7341930103715275e-06,
229,Bird_Aspen_DH37_mic_to_AJ_JJasmine_JF37CD_piezo,2.089557088708402e-06,,3.946037677707444e-06,,6.469579471129008e-06,,1.9732168134358907e-06,,4.91417009629803e-06,,5.04025116040646e-06,
230,Bird_Aspen_DH37_piezo_to_AJ_JJasmine_JF37CD_mic,3.436183184789565e-06,,5.917918028772818e-06,,2.3736106716855574e-06,,2.8550820915612113e-06,,3.0430607089214934e-06,,4.615843346039411e-06,
231,Bird_Aspen_DH37_piezo_to_AJ_JJasmine_JF37CD_piezo,1.9608089787550584e-06,,2.7677832792307707e-06,,1.8211435129829808e-06,,1.9951181947395723e-06,,3.181118565244252e-06,,4.8715961615979765e-06,
232,Bird_Aspen_DH37_mic_to_AJ_JJasmine_JF37CD_mic,7.633564899643711e-06,,6.308270660772649e-06,,5.3638232899099365e-06,,4.717311336129985e-06,,3.0998413884506403e-06,,4.182265547892279e-06,
233,Bird_Aspen_DH37_mic_to_AJ_JJasmine_JF37CD_piezo,5.275003477484861e-06,,2.83770640943992e-06,,4.94025829465129e-06,,4.948074270970464e-06,,3.336551751159334e-06,,6.58300456744796e-06,
234,Bird_Aspen_DH37_piezo_to_AJ_JJasmine_JF37CD_mic,4.068530245754477e-06,,6.5872962937805184e-06,,2.6375192127009083e-06,,3.6409950153152426e-06,,3.383496383498023e-06,,3.870819388280692e-06,
235,Bird_Aspen_DH37_piezo_to_AJ_JJasmine_JF37CD_piezo,3.200998153690162e-06,,3.658526092501406e-06,,1.9595689460428133e-06,,2.6893566664106434e-06,,2.700298216982842e-06,,2.2751031780462805e-06,
236,Bird_Aspen_DH37_mic_to_AJ_JJasmine_JF37CD_mic,6.4408537101343145e-06,,7.4831320290633475e-06,,4.77192282013473e-06,,4.777246258447535e-06,,3.011412878897122e-06,,4.100231929251098e-06,
237,Bird_Aspen_DH37_mic_to_AJ_JJasmine_JF37CD_piezo,4.036447125722882e-06,,2.4287808754570447e-06,,4.511358957692862e-06,,5.616235874658134e-06,,3.0214459300289774e-06,,6.207819000825805e-06,
238,Bird_Aspen_DH37_piezo_to_AJ_JJasmine_JF37CD_mic,4.856279108645113e-06,,6.797866359457897e-06,,3.057779514454433e-06,,3.1898588426254696e-06,,3.4217114998843825e-06,,3.659983662052506e-06,
239,Bird_Aspen_DH37_piezo_to_AJ_JJasmine_JF37CD_piezo,3.0974413128412885e-06,,1.7796905502850822e-06,,1.6735281399454083e-06,,2.5521038077053773e-06,,3.846172179598053e-06,,4.766059436799184e-06,
240,Bird_Aspen_DH37_mic_to_AJ_JJasmine_JF37CD_mic,3.9983661490163186e-06,,4.6372728862357764e-06,,3.8096030389649176e-06,,3.665811589214005e-06,,3.7145064536559412e-06,,3.929206319669607e-06,
241,Bird_Aspen_DH37_mic_to_AJ_JJasmine_JF37CD_piezo,2.4319652477434285e-06,,2.284509412149571e-06,,3.2628456399614883e-06,,2.8639188997840343e-06,,2.8405294723975358e-06,,4.670102234577325e-06,
242,Bird_Aspen_DH37_piezo_to_AJ_JJasmine_JF37CD_mic,5.881392066325527e-06,,4.784480356085919e-06,,2.3377771860260343e-06,,2.435751143535747e-06,,1.949517757081391e-06,,3.0307870420097223e-06,
243,Bird_Aspen_DH37_piezo_to_AJ_JJasmine_JF37CD_piezo,4.388374696157511e-06,,1.907961518389266e-06,,3.213419537592789e-06,,4.001898632595446e-06,,3.567606951513759e-06,,3.2521206419451956e-06,
244,Bird_Aspen_DH37_mic_to_AJ_JJasmine_JF37CD_mic,4.96984237201468e-06,,6.6865419007431175e-06,,4.647483101141199e-06,,4.2116954764543035e-06,,3.571375613498116e-06,,4.108737791990523e-06,
245,Bird_Aspen_DH37_mic_to_AJ_JJasmine_JF37CD_piezo,5.896432476559631e-06,,3.4768003567857047e-06,,3.604822813047658e-06,,3.4992266377773283e-06,,5.346504357188365e-06,,5.273498225016384e-06,
246,Bird_Aspen_DH37_piezo_to_AJ_JJasmine_JF37CD_mic,3.3172156310050833e-06,,5.479038090161378e-06,,2.652599242776276e-06,,2.9745184710297417e-06,,2.5098844241202835e-06,,4.525833271672698e-06,
247,Bird_Aspen_DH37_piezo_to_AJ_JJasmine_JF37CD_piezo,3.0340859089656417e-06,,2.459154307385679e-06,,1.7216104257137957e-06,,4.1386448254043286e-06,,3.1803107571562604e-06,,4.691507252319878e-06,
248,Bird_Aspen_DH37_mic_to_AJ_JJasmine_JF37CD_mic,3.952435966473617e-06,,5.144897159264831e-06,,4.21190051896602e-06,,2.868650953038696e-06,,3.612969341476723e-06,,4.141241924102382e-06,
249,Bird_Aspen_DH37_mic_to_AJ_JJasmine_JF37CD_piezo,3.1967795272304154e-06,,6.384351465345503e-06,,3.0626244155149916e-06,,5.048268602861882e-06,,2.9793590749964887e-06,,4.38398676043788e-06,
250,Bird_Aspen_DH37_piezo_to_AJ_JJasmine_JF37CD_mic,2.6515555526274696e-06,,6.962354644852311e-06,,3.236270352749334e-06,,2.6718370011994062e-06,,3.834782251782288e-06,,4.274880795259389e-06,
251,Bird_Aspen_DH37_piezo_to_AJ_JJasmine_JF37CD_piezo,2.170633588712752e-06,,2.408950045368754e-06,,1.712541808498981e-06,,3.438979568873629e-06,,3.030539171763499e-06,,4.939974072773918e-06,
252,Bird_Aspen_DH37_mic_to_AJ_JJasmine_JF37CD_mic,6.45316736498445e-06,,4.636447139367844e-06,,3.342042392306977e-06,,2.74993616862649e-06,,4.003395342672296e-06,,5.078136143425736e-06,
253,Bird_Aspen_DH37_mic_to_AJ_JJasmine_JF37CD_piezo,2.597132137002312e-06,,2.93273798637819e-06,,3.2466798198991635e-06,,2.473263163980034e-06,,2.196454089043764e-06,,4.536674825509119e-06,
254,Bird_Aspen_DH37_piezo_to_AJ_JJasmine_JF37CD_mic,5.630052924701765e-06,,5.357282962052769e-06,,2.9127767859406935e-06,,3.522650757077139e-06,,3.5196496798622385e-06,,4.055634343708161e-06,
255,Bird_Aspen_DH37_piezo_to_AJ_JJasmine_JF37CD_piezo,2.132568833666114e-06,,2.0300792402157274e-06,,1.6466831955295645e-06,,2.6342680637505303e-06,,3.6836978839902023e-06,,5.019584916403868e-06,
256,Bird_Aspen_DH37_mic_to_AJ_JJasmine_JF37CD_mic,6.566476052266172e-06,,4.587363406574058e-06,,3.927458579060451e-06,,5.049287607205252e-06,,3.1699972596637266e-06,,3.5630046757231715e-06,
257,Bird_Aspen_DH37_mic_to_AJ_JJasmine_JF37CD_piezo,2.709319490263298e-06,,3.387953718985923e-06,,2.9853825272966374e-06,,3.7613326521721554e-06,,4.948845756367119e-06,,4.147148072646089e-06,
258,Bird_Aspen_DH37_piezo_to_AJ_JJasmine_JF37CD_mic,4.777034823208384e-06,,3.43114799749007e-06,,2.890757489124026e-06,,3.6976637502443815e-06,,2.8354388568127344e-06,,4.763190372137282e-06,
259,Bird_Aspen_DH37_piezo_to_AJ_JJasmine_JF37CD_piezo,1.5853456999156712e-06,,1.716314804730254e-06,,1.8918158307304364e-06,,3.6806698392090623e-06,,3.211569278723464e-06,,4.359798749055601e-06,
260,Bird_Aspen_DH37_mic_to_AJ_JJasmine_JF37CD_mic,5.25804467465127e-06,,6.500180299530728e-06,,3.2999784889881114e-06,,2.4451946926122525e-06,,3.473232273242774e-06,,5.201752533624463e-06,
261,Bird_Aspen_DH37_mic_to_AJ_JJasmine_JF37CD_piezo,1.863758530443295e-06,,3.7018206183051736e-06,,2.392606326408829e-06,,1.8025218827335384e-06,,4.105449603379659e-06,,3.166754259624087e-06,
262,Bird_Aspen_DH37_piezo_to_AJ_JJasmine_JF37CD_mic,4.1813336162841195e-06,,5.710376177685125e-06,,2.373865249796041e-06,,2.7318198304528187e-06,,2.680597945952062e-06,,4.860668565076682e-06,
263,Bird_Aspen_DH37_piezo_to_AJ_JJasmine_JF37CD_piezo,1.9984174942001665e-06,,1.8701420417841368e-06,,1.5659817759530512e-06,,2.9587891454948746e-06,,2.8391855641602946e-06,,4.218849516026466e-06,
264,Bird_Aspen_DH37_mic_to_AJ_JJasmine_JF37CD_mic,3.4851387919185887e-06,,5.422845953061129e-06,,4.129773066504066e-06,,3.010613544895432e-06,,3.369750010386587e-06,,4.527302137213379e-06,
265,Bird_Aspen_DH37_mic_to_AJ_JJasmine_JF37CD_piezo,3.871764594557246e-06,,3.901856187697499e-06,,3.937568681635419e-06,,3.625983883163432e-06,,2.3782382266639878e-06,,3.4868279270349537e-06,
266,Bird_Aspen_DH37_piezo_to_AJ_JJasmine_JF37CD_mic,6.646744290367838e-06,,7.044516197321967e-06,,3.071382056172773e-06,,3.378341505918928e-06,,2.917421263081882e-06,,3.4480374382453616e-06,
267,Bird_Aspen_DH37_piezo_to_AJ_JJasmine_JF37CD_piezo,1.8986531495730431e-06,,1.550280880791562e-06,,3.3469898010164757e-06,,3.3444794490627298e-06,,3.093543552701774e-06,,5.477629283896243e-06,
268,Bird_Aspen_DH37_mic_to_AJ_JJasmine_JF37CD_mic,3.639056180821523e-06,,4.163491472506604e-06,,8.214534130492055e-06,,3.6600054568022647e-06,,4.5754195158613554e-06,,4.193254392809657e-06,
269,Bird_Aspen_DH37_mic_to_AJ_JJasmine_JF37CD_piezo,1.0041415374681924e-05,,4.248037600724279e-06,,2.7606002147862753e-06,,3.609996122104914e-06,,2.470179638908703e-06,,2.3109217684740047e-06,
270,Bird_Aspen_DH37_piezo_to_AJ_JJasmine_JF37CD_mic,6.295239333833535e-06,,6.590427930463237e-06,,5.42932952908476e-06,,3.128501982679814e-06,,2.6117077215366287e-06,,3.3104033912545154e-06,
271,Bird_Aspen_DH37_piezo_to_AJ_JJasmine_JF37CD_piezo,1.9082193615334415e-06,,2.206361186181483e-06,,1.9114998898787164e-06,,4.395598730944658e-06,,2.8899009187562787e-06,,3.405197140391846e-06,
272,Bird_Aspen_DH37_mic_to_AJ_JJasmine_JF37CD_mic,3.993327218118827e-06,,4.925396592849732e-06,,8.777027742923909e-06,,4.365705792985081e-06,,4.4816408649431005e-06,,3.0764176917144894e-06,
273,Bird_Aspen_DH37_mic_to_AJ_JJasmine_JF37CD_piezo,3.865101292007017e-06,,3.839921278703805e-06,,3.0824748381997313e-06,,4.2469256841435e-06,,3.7787690189001565e-06,,2.1039656142563233e-06,
274,Bird_Aspen_DH37_piezo_to_AJ_JJasmine_JF37CD_mic,5.065941568173457e-06,,7.93419863013671e-06,,3.0473523017099825e-06,,2.528376436468162e-06,,3.588462387082528e-06,,3.9947721633413765e-06,
275,Bird_Aspen_DH37_piezo_to_AJ_JJasmine_JF37CD_piezo,1.655898642982869e-06,,1.7572963929184075e-06,,2.08566697914423e-06,,3.726007232249603e-06,,3.4602555717246875e-06,,2.804235840649109e-06,
276,Bird_Aspen_DH37_mic_to_AJ_JJasmine_JF37CD_mic,7.177853597298719e-06,,5.582827704905446e-06,,7.254188341796583e-06,,3.0715919112469346e-06,,3.907805705736126e-06,,4.208316641833614e-06,
277,Bird_Aspen_DH37_mic_to_AJ_JJasmine_JF37CD_piezo,2.9165425189620996e-06,,3.2014804549184363e-06,,3.0280935314795153e-06,,3.0749388141582943e-06,,3.418222959386785e-06,,3.5111840021873706e-06,
278,Bird_Aspen_DH37_piezo_to_AJ_JJasmine_JF37CD_mic,3.832433691778062e-06,,5.4571816281001065e-06,,2.419862440490512e-06,,2.3732080778718637e-06,,3.7152109492846376e-06,,2.948878946522169e-06,
279,Bird_Aspen_DH37_piezo_to_AJ_JJasmine_JF37CD_piezo,2.698122286484308e-06,,3.582160407115386e-06,,1.7004604992609927e-06,,2.5132088176710386e-06,,2.7594756155205256e-06,,2.277306007986052e-06,
280,Bird_Aspen_DH37_mic_to_AJ_JJasmine_JF37CD_mic,2.037201737120006e-06,,2.130557723069911e-06,,5.173682971724862e-06,,3.555716120398066e-06,,3.4568938428086223e-06,,4.3442792703047485e-06,
281,Bird_Aspen_DH37_mic_to_AJ_JJasmine_JF37CD_piezo,8.229188215407517e-06,,6.142251833232961e-06,,3.514566627830352e-06,,2.8349651961594937e-06,,3.135983130748694e-06,,2.7899220984999198e-06,
282,Bird_Aspen_DH37_piezo_to_AJ_JJasmine_JF37CD_mic,7.132918821589869e-06,,4.292551018787642e-06,,3.68286981191921e-06,,2.401822402041266e-06,,2.482736405282674e-06,,3.0261226517069517e-06,
283,Bird_Aspen_DH37_piezo_to_AJ_JJasmine_JF37CD_piezo,4.366743379389508e-06,,2.5632685322369675e-06,,1.985862672820698e-06,,3.4815316278742554e-06,,3.981349634693454e-06,,2.637452637254931e-06,
284,Bird_Aspen_DH37_mic_to_AJ_JJasmine_JF37CD_mic,5.9263752657481e-06,,6.454244097281553e-06,,5.498291100457805e-06,,2.462920175745037e-06,,2.857522676049087e-06,,4.669536871269503e-06,
285,Bird_Aspen_DH37_mic_to_AJ_JJasmine_JF37CD_piezo,5.413435917353369e-06,,3.974332632818456e-06,,3.1774152676605348e-06,,3.382119564977089e-06,,2.91754615960776e-06,,2.781481318808309e-06,
286,Bird_Aspen_DH37_piezo_to_AJ_JJasmine_JF37CD_mic,5.193045048037644e-06,,6.256470211818794e-06,,2.898023903523623e-06,,3.443768283807499e-06,,2.5313076511948474e-06,,3.707491910792569e-06,
287,Bird_Aspen_DH37_piezo_to_AJ_JJasmine_JF37CD_piezo,3.2881885468858625e-06,,1.7998408396641392e-06,,1.7595773699955094e-06,,3.331640387448051e-06,,2.3741135065947047e-06,,3.3804939692429537e-06,
288,Bird_Aspen_DH37_mic_to_Classical_Unknown_mic,2.3999007650460534e-06,,2.2703078247978027e-06,,4.4427164208406265e-06,,4.287275937233736e-06,,4.4105664260823466e-06,,3.96668122444301e-06,
289,Bird_Aspen_DH37_mic_to_Classical_Unknown_piezo,6.758445970047711e-06,,4.638387307036148e-06,,8.224620838302166e-06,,1.926622843249485e-06,,2.1659506499003864e-06,,5.60846694819597e-06,
290,Bird_Aspen_DH37_piezo_to_Classical_Unknown_mic,3.7640410808319712e-06,,5.955944823279291e-06,,6.762447716748389e-06,,3.6587288308320015e-06,,3.6494901183994725e-06,,4.780135352516125e-06,
291,Bird_Aspen_DH37_piezo_to_Classical_Unknown_piezo,6.264502185712435e-06,,7.371257581304737e-06,,8.085374329390191e-06,,2.2847573844408287e-06,,2.5474256008639267e-06,,1.7698382549959297e-06,
292,Bird_Aspen_DH37_mic_to_Classical_Unknown_mic,3.1432527508317037e-06,,3.593884897575507e-06,,3.792976310667068e-06,,3.6709859620280133e-06,,4.163003185662101e-06,,4.122099038997916e-06,
293,Bird_Aspen_DH37_mic_to_Classical_Unknown_piezo,6.444083503695943e-06,,7.328390272451435e-06,,4.868345172223591e-06,,2.0119640461990877e-06,,2.3430957554658546e-06,,3.7306082282673063e-06,
294,Bird_Aspen_DH37_piezo_to_Classical_Unknown_mic,5.90220463830713e-06,,4.434925278688853e-06,,7.524004139485856e-06,,3.0943111933703525e-06,,2.887267822335494e-06,,2.5208340902003765e-06,
295,Bird_Aspen_DH37_piezo_to_Classical_Unknown_piezo,5.0772672449307925e-06,,6.8029266670573975e-06,,3.709059023299054e-06,,2.0618132283943934e-06,,2.132791174037279e-06,,1.9343785870079943e-06,
296,Bird_Aspen_DH37_mic_to_Classical_Unknown_mic,2.6081812840007167e-06,,2.3205577371871678e-06,,3.5861372426182126e-06,,4.478605683576622e-06,,5.332371016981399e-06,,5.307288202369122e-06,
297,Bird_Aspen_DH37_mic_to_Classical_Unknown_piezo,7.520116938579077e-06,,5.596576791427351e-06,,6.917337376070621e-06,,2.532177539119439e-06,,3.31008823652696e-06,,4.373050024989268e-06,
298,Bird_Aspen_DH37_piezo_to_Classical_Unknown_mic,6.418308720353121e-06,,4.676119761969998e-06,,6.782116782494563e-06,,4.061186787744089e-06,,3.466907431210954e-06,,3.3013203551403287e-06,
299,Bird_Aspen_DH37_piezo_to_Classical_Unknown_piezo,4.199864272258609e-06,,6.493345937381796e-06,,3.4404565621167505e-06,,1.723778359377901e-06,,2.1999176336737535e-06,,1.9902207083708566e-06,
300,Bird_Aspen_DH37_mic_to_Classical_Unknown_mic,2.453127409201506e-06,,2.9108125138054793e-06,,3.6961064670794774e-06,,5.228577058909427e-06,,4.463695829783887e-06,,4.522799288042356e-06,
301,Bird_Aspen_DH37_mic_to_Classical_Unknown_piezo,3.814200657355186e-06,,6.790117685132055e-06,,4.927680119371215e-06,,2.645623096679757e-06,,2.2255698144874885e-06,,4.947913535374879e-06,
302,Bird_Aspen_DH37_piezo_to_Classical_Unknown_mic,3.399056124933177e-06,,3.990396656499836e-06,,2.7739595823386503e-06,,2.4135341424823224e-06,,2.3195722090954603e-06,,2.9682830588841853e-06,
303,Bird_Aspen_DH37_piezo_to_Classical_Unknown_piezo,6.751305600301064e-06,,8.037459851932965e-06,,4.996451617896774e-06,,2.4508571674270904e-06,,2.9312233000095035e-06,,1.744290122400432e-06,
304,Bird_Aspen_DH37_mic_to_Classical_Unknown_mic,3.145224582939075e-06,,3.404749482716946e-06,,4.494020760734567e-06,,4.013609467101345e-06,,4.077515627014235e-06,,4.032847326476093e-06,
305,Bird_Aspen_DH37_mic_to_Classical_Unknown_piezo,7.240571315590913e-06,,5.857330808639467e-06,,6.439543157837011e-06,,2.1973097992726724e-06,,2.827068428799298e-06,,4.097134881918243e-06,
306,Bird_Aspen_DH37_piezo_to_Classical_Unknown_mic,7.185618075731094e-06,,7.847785037778522e-06,,5.1091835974110615e-06,,2.5056341249677473e-06,,2.46728865695378e-06,,2.777465849427338e-06,
307,Bird_Aspen_DH37_piezo_to_Classical_Unknown_piezo,5.071100247758936e-06,,7.098196051799106e-06,,6.701120282864257e-06,,2.1326062729513243e-06,,2.2436804717006748e-06,,2.0790889459094154e-06,
308,Bird_Aspen_DH37_mic_to_Classical_Unknown_mic,2.594724016105181e-06,,2.5120184435493906e-06,,3.979160937780042e-06,,3.688985077589573e-06,,5.0635619058422085e-06,,4.871489042166657e-06,
309,Bird_Aspen_DH37_mic_to_Classical_Unknown_piezo,6.126122886073808e-06,,7.147331128821329e-06,,6.255821982062155e-06,,2.1559905660033048e-06,,2.2682489389671295e-06,,4.229658908776262e-06,
310,Bird_Aspen_DH37_piezo_to_Classical_Unknown_mic,3.1252961417278036e-06,,5.6981383503199406e-06,,3.7465260466278177e-06,,2.4144041835913698e-06,,2.4191526152696443e-06,,2.394457924681323e-06,
311,Bird_Aspen_DH37_piezo_to_Classical_Unknown_piezo,4.91744723121145e-06,,7.194617932204898e-06,,4.235485949322927e-06,,1.8556708737800358e-06,,1.8283856927398601e-06,,1.739108164046457e-06,
312,Bird_Aspen_DH37_mic_to_Classical_Unknown_mic,3.462219859918152e-06,,3.3371934566467643e-06,,5.521758116770584e-06,,3.3588249848286688e-06,,3.4619232022432483e-06,,3.0626018299259437e-06,
313,Bird_Aspen_DH37_mic_to_Classical_Unknown_piezo,5.201678999480069e-06,,4.874698158125217e-06,,5.223448194366185e-06,,1.960195905380068e-06,,1.764430404808102e-06,,4.348904104822657e-06,
314,Bird_Aspen_DH37_piezo_to_Classical_Unknown_mic,2.9845100691890357e-06,,5.545821779556389e-06,,4.623378153357106e-06,,2.33616868424821e-06,,3.8571181087643286e-06,,2.0601970830331638e-06,
315,Bird_Aspen_DH37_piezo_to_Classical_Unknown_piezo,7.866061753420327e-06,,4.037421950949237e-06,,4.929579205733867e-06,,2.85829459101441e-06,,2.6392241978400903e-06,,2.641179891562479e-06,
316,Bird_Aspen_DH37_mic_to_Classical_Unknown_mic,3.1583402210021413e-06,,3.3617091986671927e-06,,4.726737935363104e-06,,3.507240309593037e-06,,3.7400850747490523e-06,,3.148290940947236e-06,
317,Bird_Aspen_DH37_mic_to_Classical_Unknown_piezo,5.945543036830578e-06,,5.653054086681551e-06,,5.3101935375679595e-06,,1.8272194318792798e-06,,1.9608833921710723e-06,,4.699420939793725e-06,
318,Bird_Aspen_DH37_piezo_to_Classical_Unknown_mic,3.821822101282604e-06,,3.7485726379423662e-06,,8.387480725709995e-06,,3.765369956814749e-06,,4.247286991030412e-06,,4.996034861585755e-06,
319,Bird_Aspen_DH37_piezo_to_Classical_Unknown_piezo,3.921652281292904e-06,,6.393256362323465e-06,,4.627731110770436e-06,,2.694452386382744e-06,,2.6394216744039226e-06,,2.7691923685500725e-06,
320,Bird_Aspen_DH37_mic_to_Classical_Unknown_mic,3.2337368298746874e-06,,3.168088957623053e-06,,4.1047332274682595e-06,,3.4730296309249106e-06,,3.642872532163954e-06,,3.312165787460579e-06,
321,Bird_Aspen_DH37_mic_to_Classical_Unknown_piezo,4.382803854907538e-06,,4.571887495668523e-06,,6.8277482683012736e-06,,2.2484583009884553e-06,,2.4368146940189217e-06,,3.4414845413588287e-06,
322,Bird_Aspen_DH37_piezo_to_Classical_Unknown_mic,4.19860063577621e-06,,5.418314468759056e-06,,5.496484090706596e-06,,3.3656947034872635e-06,,3.631220831463532e-06,,3.954358837279978e-06,
323,Bird_Aspen_DH37_piezo_to_Classical_Unknown_piezo,7.137828687886572e-06,,5.99078096121144e-06,,5.110854148878342e-06,,2.384912060279761e-06,,2.234140492837828e-06,,1.7262249178844089e-06,
324,Bird_Aspen_DH37_mic_to_Classical_Unknown_mic,2.7432665466032675e-06,,3.1297845800262297e-06,,5.36828658222964e-06,,5.520434114170465e-06,,4.7706000788435976e-06,,3.689663835445404e-06,
325,Bird_Aspen_DH37_mic_to_Classical_Unknown_piezo,5.286839645567365e-06,,4.939473132903785e-06,,6.716219953839337e-06,,1.9257526235953914e-06,,2.076980435272903e-06,,4.729981167089476e-06,
326,Bird_Aspen_DH37_piezo_to_Classical_Unknown_mic,4.722381568871112e-06,,6.304822502379435e-06,,2.454357575212892e-06,,2.599253120770635e-06,,3.246466264195323e-06,,2.5442722777435946e-06,
327,Bird_Aspen_DH37_piezo_to_Classical_Unknown_piezo,4.997907158825093e-06,,6.367633711682155e-06,,2.4640912459706864e-06,,2.3644411841954178e-06,,2.8458959595718933e-06,,2.2491441060478352e-06,
328,Bird_Aspen_DH37_mic_to_Classical_Unknown_mic,3.127568469876314e-06,,3.0467852888992515e-06,,5.615329571088521e-06,,4.131918967696388e-06,,4.329156577570792e-06,,3.3540079896422044e-06,
329,Bird_Aspen_DH37_mic_to_Classical_Unknown_piezo,6.124824711108331e-06,,7.321482532055228e-06,,6.573469770640116e-06,,1.9963594208683107e-06,,1.841388527585104e-06,,4.214709414941543e-06,
330,Bird_Aspen_DH37_piezo_to_Classical_Unknown_mic,3.868961239004504e-06,,6.0222823352951e-06,,2.3291911679255193e-06,,2.6684305650292586e-06,,2.7715310865569953e-06,,2.654886937107095e-06,
331,Bird_Aspen_DH37_piezo_to_Classical_Unknown_piezo,4.698374645367367e-06,,4.2611966730464065e-06,,6.742695129736652e-06,,2.8541968902186993e-06,,3.6734474670976707e-06,,2.20986589034759e-06,
332,Bird_Aspen_DH37_mic_to_Classical_Unknown_mic,3.0364705555326623e-06,,2.8022392640395054e-06,,5.5625197594344e-06,,4.1358045745628425e-06,,5.4097912841977885e-06,,3.5555243171333976e-06,
333,Bird_Aspen_DH37_mic_to_Classical_Unknown_piezo,7.152394091943187e-06,,5.307878896159363e-06,,5.728139958457193e-06,,2.3878114995234157e-06,,2.572862953485441e-06,,4.014735632453616e-06,
334,Bird_Aspen_DH37_piezo_to_Classical_Unknown_mic,6.079320263161279e-06,,6.312637770155743e-06,,3.639294156782704e-06,,2.2689901655466984e-06,,2.128609570245383e-06,,3.702301667009145e-06,
335,Bird_Aspen_DH37_piezo_to_Classical_Unknown_piezo,2.7748307874844983e-06,,5.459026319120244e-06,,4.002771870469443e-06,,1.8539154574283437e-06,,1.8309641734963466e-06,,1.693986629791039e-06,
336,Bird_Aspen_DH37_mic_to_Classical_Unknown_mic,3.7517895605352067e-06,,4.257530462797021e-06,,5.202686859574098e-06,,4.682016638565542e-06,,4.241355025004651e-06,,4.252972035376326e-06,
337,Bird_Aspen_DH37_mic_to_Classical_Unknown_piezo,3.5657796179676304e-06,,4.6166722745345805e-06,,8.522204644484556e-06,,1.7120073908662068e-06,,1.6328661597566105e-06,,5.111906570355066e-06,
338,Bird_Aspen_DH37_piezo_to_Classical_Unknown_mic,3.5071238415578083e-06,,4.269034292500386e-06,,4.990855120905823e-06,,2.4959296249242154e-06,,3.5999645640409803e-06,,3.954383578525091e-06,
339,Bird_Aspen_DH37_piezo_to_Classical_Unknown_piezo,5.371751946637428e-06,,5.197947897213691e-06,,8.026010702981313e-06,,3.3098099788237184e-06,,1.9038234380957467e-06,,3.5896971417386375e-06,
340,Bird_Aspen_DH37_mic_to_Classical_Unknown_mic,2.9385033176309485e-06,,3.474105667814548e-06,,4.926955695882381e-06,,4.099135034776312e-06,,4.882812626154447e-06,,5.400858829540522e-06,
341,Bird_Aspen_DH37_mic_to_Classical_Unknown_piezo,3.767423917844703e-06,,5.057538277195077e-06,,5.805283841632284e-06,,2.095642364851162e-06,,2.4148837120149905e-06,,3.2801377272657705e-06,
342,Bird_Aspen_DH37_piezo_to_Classical_Unknown_mic,4.833683927070589e-06,,6.74109905126235e-06,,5.0720302293066625e-06,,3.196705941674714e-06,,3.5465938579930383e-06,,2.262915226761637e-06,
343,Bird_Aspen_DH37_piezo_to_Classical_Unknown_piezo,3.775741458164887e-06,,4.7457214207075905e-06,,5.2243007958654954e-06,,1.874341076265919e-06,,1.945401545155756e-06,,1.9004880459138814e-06,
344,Bird_Aspen_DH37_mic_to_Classical_Unknown_mic,3.220056877334045e-06,,3.5319891642627597e-06,,4.170924954597297e-06,,3.7089693398693093e-06,,3.69069898143502e-06,,4.30639962908712e-06,
345,Bird_Aspen_DH37_mic_to_Classical_Unknown_piezo,6.47943458125037e-06,,8.406864695897574e-06,,4.45960536108454e-06,,1.6790571018113253e-06,,1.9200847813175033e-06,,3.3823373534724314e-06,
346,Bird_Aspen_DH37_piezo_to_Classical_Unknown_mic,3.4478438152141673e-06,,4.83505265767381e-06,,4.202288142089195e-06,,2.2019584863248585e-06,,2.408590394125554e-06,,2.204095156978406e-06,
347,Bird_Aspen_DH37_piezo_to_Classical_Unknown_piezo,3.82369748662666e-06,,4.8339512421175374e-06,,3.7891961034524677e-06,,1.785557903274798e-06,,2.0157958567787304e-06,,1.8082111173263034e-06,
348,Bird_Aspen_DH37_mic_to_Classical_Unknown_mic,4.071060619960383e-06,,2.990254967287032e-06,,5.839078459360464e-06,,4.7712359109126104e-06,,4.561694926603013e-06,,3.6943854827401397e-06,
349,Bird_Aspen_DH37_mic_to_Classical_Unknown_piezo,5.424218532414272e-06,,7.682280927069998e-06,,8.136200503854764e-06,,2.1300545492670736e-06,,2.4652830881220574e-06,,5.4772177447101565e-06,
350,Bird_Aspen_DH37_piezo_to_Classical_Unknown_mic,4.675707905617042e-06,,3.9675693715855775e-06,,2.7446338039586993e-06,,2.565659836701967e-06,,2.1667829914465714e-06,,2.643332153323625e-06,
351,Bird_Aspen_DH37_piezo_to_Classical_Unknown_piezo,4.911499487836277e-06,,4.84804779275559e-06,,5.953454469763219e-06,,2.3049178000561773e-06,,2.9407316423064018e-06,,1.779540136166491e-06,
352,Bird_Aspen_DH37_mic_to_Classical_Unknown_mic,3.4088795180389e-06,,4.5599424180156105e-06,,4.414675711325894e-06,,5.169263672623932e-06,,5.192126228488247e-06,,4.932978663203628e-06,
353,Bird_Aspen_DH37_mic_to_Classical_Unknown_piezo,7.087410237280547e-06,,7.436017265437761e-06,,7.810078840019807e-06,,2.9351093862309736e-06,,3.1005762901394633e-06,,5.129930027850386e-06,
354,Bird_Aspen_DH37_piezo_to_Classical_Unknown_mic,3.1559794700576997e-06,,3.7481849870849322e-06,,2.9332795105913712e-06,,2.9277220042250026e-06,,2.066092139584358e-06,,2.4353437005062533e-06,
355,Bird_Aspen_DH37_piezo_to_Classical_Unknown_piezo,7.731157029344264e-06,,5.448918538489342e-06,,4.644726503155665e-06,,2.219774864045174e-06,,2.1562331472267544e-06,,2.2120007870326753e-06,
356,Bird_Aspen_DH37_mic_to_Classical_Unknown_mic,4.63806737115143e-06,,3.237999895006117e-06,,5.049039093316673e-06,,3.6191235534349544e-06,,4.876868047325241e-06,,3.46499016751103e-06,
357,Bird_Aspen_DH37_mic_to_Classical_Unknown_piezo,4.148117574117e-06,,4.356825141354976e-06,,6.388824482200116e-06,,1.6069171206511198e-06,,1.7051829104434919e-06,,3.864210743708127e-06,
358,Bird_Aspen_DH37_piezo_to_Classical_Unknown_mic,6.887150077687516e-06,,5.18923668341736e-06,,2.4505612906733207e-06,,2.6888847781254276e-06,,3.565813966746459e-06,,2.30046092950853e-06,
359,Bird_Aspen_DH37_piezo_to_Classical_Unknown_piezo,5.413538564012823e-06,,7.544605797348349e-06,,5.020280328531156e-06,,1.8754032065583305e-06,,2.236479301325097e-06,,1.9315407141197147e-06,
360,Bird_Aspen_DH37_mic_to_Classical_Unknown_mic,3.673976193258551e-06,,3.4526244800748316e-06,,5.142953537428141e-06,,3.636317376265889e-06,,3.7201493045208057e-06,,2.99025045789977e-06,
361,Bird_Aspen_DH37_mic_to_Classical_Unknown_piezo,4.698106454395638e-06,,4.324894264148359e-06,,8.092872364357699e-06,,1.8883780094328617e-06,,1.8580434439178957e-06,,5.145174583464514e-06,
362,Bird_Aspen_DH37_piezo_to_Classical_Unknown_mic,4.260355141134589e-06,,4.369025037089404e-06,,6.990342250368288e-06,,3.617424472304452e-06,,3.687070948643796e-06,,5.0345233229449046e-06,
363,Bird_Aspen_DH37_piezo_to_Classical_Unknown_piezo,7.304800159362945e-06,,8.217325933106518e-06,,6.387687949267935e-06,,3.320175518304711e-06,,2.717590749409509e-06,,2.976208490618677e-06,
364,Bird_Aspen_DH37_mic_to_Classical_Unknown_mic,3.477524804856863e-06,,3.485307690203137e-06,,4.539201534503458e-06,,3.5284408551841315e-06,,3.7202290805312163e-06,,3.272455762149211e-06,
365,Bird_Aspen_DH37_mic_to_Classical_Unknown_piezo,5.921607119065747e-06,,6.232670503319685e-06,,7.047847114246238e-06,,1.9964117121111152e-06,,2.4262854970730335e-06,,4.644006384966193e-06,
366,Bird_Aspen_DH37_piezo_to_Classical_Unknown_mic,3.933123527547305e-06,,3.932938047044071e-06,,7.144975730112381e-06,,3.4669190748779515e-06,,3.5934014232951994e-06,,4.758261731719431e-06,
367,Bird_Aspen_DH37_piezo_to_Classical_Unknown_piezo,4.502221321648042e-06,,3.6887514637031173e-06,,3.999005848847864e-06,,3.3437237032175523e-06,,2.74736437599151e-06,,2.4159822612637976e-06,
368,Bird_Aspen_DH37_mic_to_Classical_Unknown_mic,3.7258641985041397e-06,,3.2591686604312277e-06,,4.590130871420969e-06,,4.698472293958183e-06,,4.974303928531971e-06,,3.1838341340967687e-06,
369,Bird_Aspen_DH37_mic_to_Classical_Unknown_piezo,4.8857488168074025e-06,,7.998821175194545e-06,,6.589115893976718e-06,,1.784071755926786e-06,,2.3265329757792355e-06,,3.846630239698322e-06,
370,Bird_Aspen_DH37_piezo_to_Classical_Unknown_mic,3.8747826796001585e-06,,4.356463667409116e-06,,4.7375382170816785e-06,,4.159277154841231e-06,,3.864370305301644e-06,,3.4023229748221303e-06,
371,Bird_Aspen_DH37_piezo_to_Classical_Unknown_piezo,6.620260112509749e-06,,5.4724496086578565e-06,,3.924066670888894e-06,,2.2377744569461304e-06,,2.0196334624097807e-06,,1.898791971814766e-06,
372,Bird_Aspen_DH37_mic_to_Classical_Unknown_mic,2.9985647205270573e-06,,3.0062758958517457e-06,,5.961638980771352e-06,,4.787306064383099e-06,,4.965933514869606e-06,,3.453107035572412e-06,
373,Bird_Aspen_DH37_mic_to_Classical_Unknown_piezo,4.893890888436526e-06,,4.333004108317406e-06,,5.17874245259115e-06,,2.0485431286401677e-06,,2.3977486651726674e-06,,4.3263213082971936e-06,
374,Bird_Aspen_DH37_piezo_to_Classical_Unknown_mic,3.3714575821904574e-06,,6.4140740647144495e-06,,2.2421764990042893e-06,,2.5193116341909227e-06,,2.7458981744432123e-06,,2.7632432646664073e-06,
375,Bird_Aspen_DH37_piezo_to_Classical_Unknown_piezo,7.064394075265953e-06,,6.6988315396233225e-06,,3.2241637091508616e-06,,2.019105223867036e-06,,1.9107018302241027e-06,,2.122911646358608e-06,
376,Bird_Aspen_DH37_mic_to_Classical_Unknown_mic,2.806739649815786e-06,,2.7398259255653538e-06,,5.307141239184947e-06,,4.628007664757249e-06,,4.952994700995615e-06,,3.321326598568175e-06,
377,Bird_Aspen_DH37_mic_to_Classical_Unknown_piezo,4.851690514604519e-06,,5.45669396537588e-06,,7.710798863369416e-06,,2.387632551226946e-06,,2.2551923941989208e-06,,4.765814352689857e-06,
378,Bird_Aspen_DH37_piezo_to_Classical_Unknown_mic,3.4313978423645938e-06,,7.415180894676621e-06,,2.389182317422057e-06,,2.5487442157957504e-06,,2.4177147934800703e-06,,2.5027106706130055e-06,
379,Bird_Aspen_DH37_piezo_to_Classical_Unknown_piezo,4.69135235269219e-06,,4.242739450341684e-06,,6.83353928447517e-06,,2.8841974339648097e-06,,3.5801464501793113e-06,,2.1771762481199953e-06,
380,Bird_Aspen_DH37_mic_to_Classical_Unknown_mic,2.6104927669718475e-06,,2.611510533401829e-06,,4.558559054614865e-06,,5.4399644409704424e-06,,5.214565854434383e-06,,3.3405838521975604e-06,
381,Bird_Aspen_DH37_mic_to_Classical_Unknown_piezo,6.093348322282139e-06,,5.95194008148204e-06,,5.732910608022221e-06,,2.9086076553196723e-06,,2.425892712997228e-06,,3.956244028790045e-06,
382,Bird_Aspen_DH37_piezo_to_Classical_Unknown_mic,7.074405006420814e-06,,5.175875866328869e-06,,3.50205993142627e-06,,2.6601491070146622e-06,,2.0729407541006287e-06,,3.64281374879369e-06,
383,Bird_Aspen_DH37_piezo_to_Classical_Unknown_piezo,2.7797319689852037e-06,,6.2948981724218125e-06,,8.219758682575589e-06,,1.7136078809576747e-06,,1.8988081384206078e-06,,1.942820792547134e-06,
384,Bird_Aspen_DH37_mic_to_Classical_Unknown_mic,3.79235519230307e-06,,4.0939043164915865e-06,,6.169904139805638e-06,,4.896350378332816e-06,,4.673605588298521e-06,,5.254044750172417e-06,
385,Bird_Aspen_DH37_mic_to_Classical_Unknown_piezo,4.71612868784254e-06,,4.702695032009323e-06,,7.663924280500558e-06,,2.4457902184094217e-06,,2.5698936888636383e-06,,5.6858996290778104e-06,
386,Bird_Aspen_DH37_piezo_to_Classical_Unknown_mic,5.4401594302837235e-06,,7.174183880988733e-06,,3.968047396515515e-06,,2.685625182401957e-06,,2.4369412085580273e-06,,2.2434146911272942e-06,
387,Bird_Aspen_DH37_piezo_to_Classical_Unknown_piezo,3.5277746524399217e-06,,6.1211352247201665e-06,,4.1864927839082415e-06,,1.7851831795139577e-06,,1.830842092835911e-06,,1.9872972529754946e-06,
388,Bird_Aspen_DH37_mic_to_Classical_Unknown_mic,4.340100806149435e-06,,4.098522549851418e-06,,5.468885999643646e-06,,3.1666147865602945e-06,,3.2151014185170914e-06,,4.579862176869257e-06,
389,Bird_Aspen_DH37_mic_to_Classical_Unknown_piezo,7.304698671042907e-06,,4.968535107508185e-06,,7.162549328542327e-06,,2.228855083764098e-06,,3.503024194202974e-06,,4.630724307273864e-06,
390,Bird_Aspen_DH37_piezo_to_Classical_Unknown_mic,4.722892031360808e-06,,5.874165724348362e-06,,3.3487905812508726e-06,,2.9537485508784163e-06,,2.415394431048262e-06,,2.2355054980647975e-06,
391,Bird_Aspen_DH37_piezo_to_Classical_Unknown_piezo,6.614977833140245e-06,,4.945033555680739e-06,,3.3006709993740836e-06,,2.7274799115237897e-06,,2.1968419249656615e-06,,1.686079268794629e-06,
392,Bird_Aspen_DH37_mic_to_Classical_Unknown_mic,4.1364919258203475e-06,,3.0634254934167294e-06,,3.820043735399214e-06,,4.341415323193064e-06,,3.5182054788218466e-06,,5.6840743810101225e-06,
393,Bird_Aspen_DH37_mic_to_Classical_Unknown_piezo,6.891654902421142e-06,,6.4636907160147725e-06,,6.324027961830034e-06,,3.784956491703452e-06,,4.7814612497773274e-06,,4.174305678553607e-06,
394,Bird_Aspen_DH37_piezo_to_Classical_Unknown_mic,4.854634978738817e-06,,6.138024595784619e-06,,3.7451249218459763e-06,,4.038882498702289e-06,,2.377762172244287e-06,,2.261253662848743e-06,
395,Bird_Aspen_DH37_piezo_to_Classical_Unknown_piezo,4.626912999361247e-06,,4.359487335915861e-06,,3.3814950469851186e-06,,1.833908269207841e-06,,2.0450498189217895e-06,,2.2167865740897655e-06,
396,Bird_Aspen_DH37_mic_to_Classical_Unknown_mic,4.607335630553855e-06,,4.175001828103907e-06,,7.952587659053407e-06,,3.970139380886791e-06,,4.399480206752358e-06,,4.513545987248827e-06,
397,Bird_Aspen_DH37_mic_to_Classical_Unknown_piezo,6.950958408892184e-06,,5.113271973777036e-06,,7.684282650555701e-06,,2.7867567372705544e-06,,3.447709408419731e-06,,5.455943748968467e-06,
398,Bird_Aspen_DH37_piezo_to_Classical_Unknown_mic,3.333201192044451e-06,,7.5947120919338e-06,,3.6875311969657085e-06,,2.638347247766921e-06,,2.5689259596292162e-06,,2.791029233885323e-06,
399,Bird_Aspen_DH37_piezo_to_Classical_Unknown_piezo,5.644188667200226e-06,,7.321719318382748e-06,,6.876379474402606e-06,,3.4169364691721136e-06,,2.708861476190031e-06,,2.0799116059815984e-06,
400,Bird_Aspen_DH37_mic_to_Classical_Unknown_mic,3.886493694421685e-06,,4.29843509996766e-06,,5.2016544766870624e-06,,4.4832027370897505e-06,,5.043206783115925e-06,,3.1262663556118314e-06,
401,Bird_Aspen_DH37_mic_to_Classical_Unknown_piezo,7.246011005222822e-06,,5.5557159727369965e-06,,7.191990670034021e-06,,2.5222211689700584e-06,,3.7350140005344903e-06,,5.455424805721182e-06,
402,Bird_Aspen_DH37_piezo_to_Classical_Unknown_mic,2.9885968824350666e-06,,6.7551546472310406e-06,,3.4766424530359807e-06,,2.6374784135108258e-06,,2.552231893546377e-06,,2.710462615320362e-06,
403,Bird_Aspen_DH37_piezo_to_Classical_Unknown_piezo,5.502681691618706e-06,,7.5038818676100905e-06,,4.376985675975407e-06,,2.1869179968554946e-06,,2.442982997783643e-06,,2.1219040243135277e-06,
404,Bird_Aspen_DH37_mic_to_Classical_Unknown_mic,5.452719047944825e-06,,3.0869973002925828e-06,,7.2610285082559e-06,,2.823834403934551e-06,,4.118023307591262e-06,,2.744558565705268e-06,
405,Bird_Aspen_DH37_mic_to_Classical_Unknown_piezo,7.945575996105442e-06,,8.36666790709527e-06,,6.45272757247314e-06,,2.106736280511473e-06,,2.704560231158549e-06,,4.335814232816919e-06,
406,Bird_Aspen_DH37_piezo_to_Classical_Unknown_mic,6.946124661006737e-06,,7.263032640587843e-06,,5.058746633941774e-06,,2.4896353010873684e-06,,2.3451035569551897e-06,,2.7997259528517596e-06,
407,Bird_Aspen_DH37_piezo_to_Classical_Unknown_piezo,5.2563900544566066e-06,,5.61714487376358e-06,,4.897145564328657e-06,,3.1285749008158376e-06,,2.115956431538951e-06,,1.8966611434018946e-06,
408,Bird_Aspen_DH37_mic_to_Classical_Unknown_mic,3.087272768353825e-06,,2.817836308266476e-06,,3.1121700084306664e-06,,4.1204123843378836e-06,,4.540650361785082e-06,,4.320046633118868e-06,
409,Bird_Aspen_DH37_mic_to_Classical_Unknown_piezo,5.947642789756517e-06,,5.918056347867299e-06,,5.177491615718116e-06,,2.603937296213867e-06,,2.6906345542118996e-06,,2.2099686965890224e-06,
410,Bird_Aspen_DH37_piezo_to_Classical_Unknown_mic,4.955728184864963e-06,,3.956207078002428e-06,,7.625659574301945e-06,,3.611394290411556e-06,,3.983826577270736e-06,,3.5925407286346986e-06,
411,Bird_Aspen_DH37_piezo_to_Classical_Unknown_piezo,4.987211033222995e-06,,5.25091660812377e-06,,5.5953308165289615e-06,,3.047889471139068e-06,,3.067456797119592e-06,,2.308369226786614e-06,
412,Bird_Aspen_DH37_mic_to_Classical_Unknown_mic,3.5581681450456534e-06,,2.708088169032647e-06,,3.4140688359815564e-06,,3.6567288150096186e-06,,4.893945835405111e-06,,4.377947099427474e-06,
413,Bird_Aspen_DH37_mic_to_Classical_Unknown_piezo,7.901181111294167e-06,,7.629111015770759e-06,,3.699448762363647e-06,,1.6584267628245279e-06,,2.2733872255817887e-06,,1.9803171291558775e-06,
414,Bird_Aspen_DH37_piezo_to_Classical_Unknown_mic,6.1842747060029805e-06,,4.065506649034296e-06,,3.6685397398324567e-06,,3.352681771973928e-06,,4.107814843781233e-06,,2.6411143362226743e-06,
415,Bird_Aspen_DH37_piezo_to_Classical_Unknown_piezo,6.5214548039078675e-06,,3.7037604092213516e-06,,4.866663307056274e-06,,2.5635757902904137e-06,,2.4859564797278747e-06,,2.1871373921774677e-06,
416,Bird_Aspen_DH37_mic_to_Classical_Unknown_mic,3.2908700644119832e-06,,3.840416695611711e-06,,4.691662207109691e-06,,4.031057932443252e-06,,4.306265121246919e-06,,3.4342672482770184e-06,
417,Bird_Aspen_DH37_mic_to_Classical_Unknown_piezo,3.9951030752273025e-06,,5.806170534814479e-06,,3.356070087157213e-06,,2.000067093894672e-06,,2.320530132391772e-06,,2.3175188758567054e-06,
418,Bird_Aspen_DH37_piezo_to_Classical_Unknown_mic,6.943286523458842e-06,,4.7669900889631255e-06,,4.96610872839793e-06,,3.331202505489957e-06,,4.266186516207042e-06,,3.1124178544467534e-06,
419,Bird_Aspen_DH37_piezo_to_Classical_Unknown_piezo,7.478982097904304e-06,,6.2763380301020866e-06,,6.227047384639169e-06,,2.5017045332251955e-06,,2.723357935823797e-06,,2.141797473321252e-06,
420,Bird_Aspen_DH37_mic_to_Classical_Unknown_mic,3.291738674794767e-06,,3.1889059945202917e-06,,6.354260135438014e-06,,3.13539898845979e-06,,3.6726452446003672e-06,,3.064192321357374e-06,
421,Bird_Aspen_DH37_mic_to_Classical_Unknown_piezo,7.162327019212372e-06,,7.869925983042814e-06,,2.685109865778117e-06,,3.240245688279898e-06,,2.4220401521030088e-06,,2.172692733749456e-06,
422,Bird_Aspen_DH37_piezo_to_Classical_Unknown_mic,3.1940141024998227e-06,,3.2595273096346163e-06,,2.1419382864907446e-06,,2.4282502383979113e-06,,2.2407678091563773e-06,,2.307960604136652e-06,
423,Bird_Aspen_DH37_piezo_to_Classical_Unknown_piezo,6.477605287844333e-06,,6.622343438485031e-06,,2.6321591004588486e-06,,1.964715297535528e-06,,2.1042483240007463e-06,,1.629014176288084e-06,
424,Bird_Aspen_DH37_mic_to_Classical_Unknown_mic,2.173032965835144e-06,,2.279000996658488e-06,,5.078312097238814e-06,,3.66079734049937e-06,,4.12534218203324e-06,,3.6566229488812104e-06,
425,Bird_Aspen_DH37_mic_to_Classical_Unknown_piezo,4.756397692363751e-06,,5.679969411899939e-06,,5.2409827462072005e-06,,2.693549925275448e-06,,2.5804808361654688e-06,,2.304179477433519e-06,
426,Bird_Aspen_DH37_piezo_to_Classical_Unknown_mic,3.3212285938196267e-06,,5.02398378233001e-06,,2.2740836131368286e-06,,2.480651310384858e-06,,2.6250683293714945e-06,,2.282621233237524e-06,
427,Bird_Aspen_DH37_piezo_to_Classical_Unknown_piezo,5.1953987826243246e-06,,4.725077972706268e-06,,7.967194382455516e-06,,2.944081224979054e-06,,3.92266922251537e-06,,2.237054735014698e-06,
428,Bird_Aspen_DH37_mic_to_Classical_Unknown_mic,2.603407907330232e-06,,3.0956048441045042e-06,,4.607989982111228e-06,,4.90580718350868e-06,,5.088044726786034e-06,,3.509067125512986e-06,
429,Bird_Aspen_DH37_mic_to_Classical_Unknown_piezo,4.818777673846096e-06,,9.172983553911709e-06,,3.7040418289600014e-06,,2.657080816274071e-06,,2.3414751340165334e-06,,2.3751919500000576e-06,
430,Bird_Aspen_DH37_piezo_to_Classical_Unknown_mic,7.0194785922943056e-06,,5.115460023897069e-06,,3.8097889870197116e-06,,2.026100728587074e-06,,2.2513442058377072e-06,,3.2251160148288163e-06,
431,Bird_Aspen_DH37_piezo_to_Classical_Unknown_piezo,5.633489485839949e-06,,4.6823066233157815e-06,,4.4384414806760215e-06,,1.647453715424635e-06,,1.7814564281915977e-06,,1.7415090300578258e-06,
432,Bird_Aspen_DH37_mic_to_bad_takamine_EG440SC_mic,7.670741347004453e-06,,4.390999453220091e-06,,3.6493132883428026e-06,,2.0197609507552664e-06,,1.9712996650835747e-06,,1.8072109851208987e-06,
433,Bird_Aspen_DH37_mic_to_bad_takamine_EG440SC_piezo,3.3153529836382134e-06,,3.103368227163325e-06,,6.59131638987645e-06,,3.000899759402208e-06,,4.3047720682554446e-06,,3.3946590138301255e-06,
434,Bird_Aspen_DH37_piezo_to_bad_takamine_EG440SC_mic,2.7652427354311456e-06,,2.7327175832010827e-06,,2.874268619116847e-06,,2.553433447198172e-06,,1.7876235991366205e-06,,2.2168630437828746e-06,
435,Bird_Aspen_DH37_piezo_to_bad_takamine_EG440SC_piezo,8.424279274956379e-06,,4.324122805386456e-06,,4.878141248172142e-06,,3.5218187664620387e-06,,3.26034695730725e-06,,5.761924999436447e-06,
436,Bird_Aspen_DH37_mic_to_bad_takamine_EG440SC_mic,9.021267486040166e-06,,4.989415001463297e-06,,4.540410789464779e-06,,2.013910260066449e-06,,2.1438071310847125e-06,,1.8507429657918947e-06,
437,Bird_Aspen_DH37_mic_to_bad_takamine_EG440SC_piezo,2.6281795500632994e-06,,4.194741196724006e-06,,6.848807428629015e-06,,4.486423374544605e-06,,3.659988079322824e-06,,3.094413556963664e-06,
438,Bird_Aspen_DH37_piezo_to_bad_takamine_EG440SC_mic,3.554889577042965e-06,,3.253169146522559e-06,,3.2140489278909387e-06,,2.0554458594415005e-06,,2.5666507450430613e-06,,1.922665326532774e-06,
439,Bird_Aspen_DH37_piezo_to_bad_takamine_EG440SC_piezo,6.52024769043256e-06,,7.40595120332163e-06,,5.257953583014397e-06,,4.398100607550618e-06,,4.06546604210331e-06,,2.8986931571403647e-06,
440,Bird_Aspen_DH37_mic_to_bad_takamine_EG440SC_mic,4.327507679966318e-06,,4.333144082699618e-06,,4.51228975711114e-06,,3.45900736154102e-06,,2.717225925359123e-06,,2.587179319445216e-06,
441,Bird_Aspen_DH37_mic_to_bad_takamine_EG440SC_piezo,3.1175254975682654e-06,,3.827074733323108e-06,,8.194466001869532e-06,,3.863144354037521e-06,,3.982749269093498e-06,,5.186235257258359e-06,
442,Bird_Aspen_DH37_piezo_to_bad_takamine_EG440SC_mic,3.633961300807241e-06,,2.8873635229802692e-06,,3.3956986019896367e-06,,2.022843016591348e-06,,2.139798359980029e-06,,1.6897333622698353e-06,
443,Bird_Aspen_DH37_piezo_to_bad_takamine_EG440SC_piezo,6.526546833475291e-06,,6.867973548777256e-06,,5.042469690022968e-06,,4.541361713560881e-06,,4.483853071097621e-06,,3.2912671544188483e-06,
444,Bird_Aspen_DH37_mic_to_bad_takamine_EG440SC_mic,3.7331311075648157e-06,,5.054672255660481e-06,,3.2808296740085197e-06,,1.9023865912177687e-06,,2.367028523993432e-06,,1.8696603159333145e-06,
445,Bird_Aspen_DH37_mic_to_bad_takamine_EG440SC_piezo,3.86081408659431e-06,,4.830451218369082e-06,,5.042869501250151e-06,,2.8247700970813947e-06,,3.627798288073891e-06,,3.199438958150234e-06,
446,Bird_Aspen_DH37_piezo_to_bad_takamine_EG440SC_mic,3.908709983496854e-06,,5.535747531370973e-06,,2.589907525472849e-06,,1.9127115268614753e-06,,1.8319064037227116e-06,,2.071937269734308e-06,
447,Bird_Aspen_DH37_piezo_to_bad_takamine_EG440SC_piezo,7.602538236164567e-06,,5.547194700920579e-06,,4.067147246582157e-06,,4.694006436568071e-06,,4.31059448426764e-06,,3.237633812824849e-06,
448,Bird_Aspen_DH37_mic_to_bad_takamine_EG440SC_mic,7.4484823692233785e-06,,4.187877204140386e-06,,3.562386179245803e-06,,1.9838833836477605e-06,,2.2152448996988673e-06,,1.8288087878058997e-06,
449,Bird_Aspen_DH37_mic_to_bad_takamine_EG440SC_piezo,3.2099178825058064e-06,,4.8209948886828764e-06,,4.655513979138381e-06,,4.167802927538116e-06,,3.545345446090062e-06,,3.3910945823387023e-06,
450,Bird_Aspen_DH37_piezo_to_bad_takamine_EG440SC_mic,3.122329168500997e-06,,3.396634844285571e-06,,2.6151758128389293e-06,,1.942296660222017e-06,,1.552781002038323e-06,,1.6866034796293714e-06,
451,Bird_Aspen_DH37_piezo_to_bad_takamine_EG440SC_piezo,5.623034662225396e-06,,4.893472757847221e-06,,8.95176738093454e-06,,4.015650885252234e-06,,3.9044062157169325e-06,,3.6351905231116224e-06,
452,Bird_Aspen_DH37_mic_to_bad_takamine_EG440SC_mic,2.5432189553209974e-06,,5.185769820024928e-06,,3.7544160273232183e-06,,2.817576434720323e-06,,2.516113647734273e-06,,1.8720510079621673e-06,
453,Bird_Aspen_DH37_mic_to_bad_takamine_EG440SC_piezo,5.9029736334469204e-06,,4.25226627987293e-06,,4.978396574854101e-06,,3.87018851946335e-06,,3.510275695979137e-06,,3.493285908406417e-06,
454,Bird_Aspen_DH37_piezo_to_bad_takamine_EG440SC_mic,2.3899298120005327e-06,,2.737333876049299e-06,,2.40612346816311e-06,,1.570139003118219e-06,,1.8579301930756229e-06,,1.6307377569959414e-06,
455,Bird_Aspen_DH37_piezo_to_bad_takamine_EG440SC_piezo,6.522204754505833e-06,,5.293574244113422e-06,,5.649683889742333e-06,,2.619484219011436e-06,,4.522725743273431e-06,,3.1517904509851064e-06,
456,Bird_Aspen_DH37_mic_to_bad_takamine_EG440SC_mic,5.720311004435912e-06,,7.4771081989006665e-06,,4.336568701015226e-06,,2.168252643431703e-06,,2.1391118903464917e-06,,1.714886547320714e-06,
457,Bird_Aspen_DH37_mic_to_bad_takamine_EG440SC_piezo,3.686748730298369e-06,,3.546184004350447e-06,,6.599341324124638e-06,,3.59241314462276e-06,,3.930369015303424e-06,,3.1131834343819703e-06,
458,Bird_Aspen_DH37_piezo_to_bad_takamine_EG440SC_mic,5.701405618445328e-06,,3.8065751778882315e-06,,5.162924440936003e-06,,2.727762890245102e-06,,3.1363456465503983e-06,,2.0339600137650156e-06,
459,Bird_Aspen_DH37_piezo_to_bad_takamine_EG440SC_piezo,6.394554487217092e-06,,7.0678084693391965e-06,,5.39194000433846e-06,,4.122841255914198e-06,,2.992825619513092e-06,,3.340591362531164e-06,
460,Bird_Aspen_DH37_mic_to_bad_takamine_EG440SC_mic,4.1324070752838365e-06,,4.26312595278218e-06,,4.2771426162732745e-06,,1.9246622831193555e-06,,1.9848879408767457e-06,,1.8247598087624533e-06,
461,Bird_Aspen_DH37_mic_to_bad_takamine_EG440SC_piezo,4.031914941964714e-06,,3.5512043613085987e-06,,8.538659251683368e-06,,3.1479205110443663e-06,,3.5890858348102333e-06,,2.665523358931781e-06,
462,Bird_Aspen_DH37_piezo_to_bad_takamine_EG440SC_mic,4.535784844326597e-06,,3.2566349607163244e-06,,3.5246058974569173e-06,,2.247044323313271e-06,,2.5325846285896364e-06,,1.8910137955596964e-06,
463,Bird_Aspen_DH37_piezo_to_bad_takamine_EG440SC_piezo,4.464661054097381e-06,,7.604484337727599e-06,,7.088537116283662e-06,,3.219165979115154e-06,,3.4001491591780234e-06,,4.937966590357611e-06,
464,Bird_Aspen_DH37_mic_to_bad_takamine_EG440SC_mic,9.334134532438586e-06,,6.3587209872678045e-06,,4.852233474007877e-06,,2.861313871506082e-06,,2.6426801832028508e-06,,1.6245378261558336e-06,
465,Bird_Aspen_DH37_mic_to_bad_takamine_EG440SC_piezo,3.2894224848667426e-06,,2.8819972320938367e-06,,6.61130171062617e-06,,3.434565981596175e-06,,4.085943280724133e-06,,2.5692740949422432e-06,
466,Bird_Aspen_DH37_piezo_to_bad_takamine_EG440SC_mic,4.9497308454339504e-06,,3.306068933123464e-06,,2.4252909444950294e-06,,2.1727421340114385e-06,,1.941300465417369e-06,,2.1254685094908427e-06,
467,Bird_Aspen_DH37_piezo_to_bad_takamine_EG440SC_piezo,5.6363233971109924e-06,,5.824219577891785e-06,,6.355883403858031e-06,,3.989170923488111e-06,,3.94304666681291e-06,,4.4858410048266436e-06,
468,Bird_Aspen_DH37_mic_to_bad_takamine_EG440SC_mic,6.892566106960111e-06,,5.0095233596194324e-06,,4.757942141238496e-06,,2.066668545043084e-06,,2.1277696223752516e-06,,1.7750259257435495e-06,
469,Bird_Aspen_DH37_mic_to_bad_takamine_EG440SC_piezo,7.400403043547625e-06,,5.790221352819788e-06,,5.541962510646151e-06,,4.097309658174443e-06,,4.318911327637427e-06,,3.536635970497839e-06,
470,Bird_Aspen_DH37_piezo_to_bad_takamine_EG440SC_mic,5.784258668794153e-06,,3.876056783226928e-06,,3.139347872103877e-06,,1.7441610699845065e-06,,1.9818777705804963e-06,,2.0486503627367295e-06,
471,Bird_Aspen_DH37_piezo_to_bad_takamine_EG440SC_piezo,4.7783679764186805e-06,,4.319318120762855e-06,,5.147296650799827e-06,,4.1842506034244935e-06,,3.789735117402918e-06,,2.508768936646647e-06,
472,Bird_Aspen_DH37_mic_to_bad_takamine_EG440SC_mic,4.278481125666539e-06,,4.298051298918127e-06,,4.563442435224765e-06,,1.8582160672821198e-06,,1.8463170799109005e-06,,1.7103015563406062e-06,
473,Bird_Aspen_DH37_mic_to_bad_takamine_EG440SC_piezo,6.499936382461435e-06,,6.271142598134559e-06,,4.248742846480442e-06,,3.3428245662098354e-06,,3.6149818902707476e-06,,2.631583656388198e-06,
474,Bird_Aspen_DH37_piezo_to_bad_takamine_EG440SC_mic,3.197993678810664e-06,,3.883003396308488e-06,,2.236255183854845e-06,,1.6893173638631887e-06,,1.7749347173970884e-06,,1.979204100890762e-06,
475,Bird_Aspen_DH37_piezo_to_bad_takamine_EG440SC_piezo,4.787017883299229e-06,,3.910908687034601e-06,,6.630360327889261e-06,,4.318957266546774e-06,,4.253508025925799e-06,,3.3267139561038035e-06,
476,Bird_Aspen_DH37_mic_to_bad_takamine_EG440SC_mic,4.7611061587937645e-06,,6.352983080289965e-06,,5.491149199433832e-06,,1.9768887291377497e-06,,2.5470693534476678e-06,,1.8022027975322418e-06,
477,Bird_Aspen_DH37_mic_to_bad_takamine_EG440SC_piezo,5.489675898101626e-06,,4.093966498843114e-06,,4.370574135536765e-06,,3.2846125114182043e-06,,3.916439751853783e-06,,2.7954554003941166e-06,
478,Bird_Aspen_DH37_piezo_to_bad_takamine_EG440SC_mic,2.9507101870174923e-06,,4.86851928717413e-06,,2.9069151385406685e-06,,1.6958934754894577e-06,,1.7527083069403116e-06,,2.338654950414305e-06,
479,Bird_Aspen_DH37_piezo_to_bad_takamine_EG440SC_piezo,6.147446844226094e-06,,5.359003810550302e-06,,4.5309453596657255e-06,,3.545542424792231e-06,,4.119949399268129e-06,,3.5444901264402637e-06,
480,Bird_Aspen_DH37_mic_to_bad_takamine_EG440SC_mic,5.0967994214799775e-06,,4.60931118385986e-06,,5.856083974056941e-06,,1.6833940205936163e-06,,1.5712679195689352e-06,,2.2224054385087057e-06,
481,Bird_Aspen_DH37_mic_to_bad_takamine_EG440SC_piezo,3.798521884893099e-06,,3.4564549281601094e-06,,8.015533147248641e-06,,2.6028529014212505e-06,,4.593904835899517e-06,,3.2528616487752313e-06,
482,Bird_Aspen_DH37_piezo_to_bad_takamine_EG440SC_mic,5.077566176784958e-06,,4.215781985168467e-06,,2.8114312735185745e-06,,4.03997303741675e-06,,2.6800576799462216e-06,,3.8246974318154e-06,
483,Bird_Aspen_DH37_piezo_to_bad_takamine_EG440SC_piezo,5.203023185091474e-06,,5.164272449914958e-06,,4.703906457290902e-06,,3.2829478401456865e-06,,3.7123540503040698e-06,,5.180079341583173e-06,
484,Bird_Aspen_DH37_mic_to_bad_takamine_EG440SC_mic,3.43386975462914e-06,,7.547231348658214e-06,,3.5375507447675985e-06,,2.057155106219772e-06,,1.8850600795474335e-06,,1.770551385235323e-06,
485,Bird_Aspen_DH37_mic_to_bad_takamine_EG440SC_piezo,2.9488656007213303e-06,,3.638624085825703e-06,,7.529789230927818e-06,,4.156883753057708e-06,,3.2426399100253337e-06,,2.874052494890433e-06,
486,Bird_Aspen_DH37_piezo_to_bad_takamine_EG440SC_mic,3.2272404895759096e-06,,3.142408092709803e-06,,4.318508547742468e-06,,2.1371858588589145e-06,,2.3794478100537286e-06,,1.96246229194668e-06,
487,Bird_Aspen_DH37_piezo_to_bad_takamine_EG440SC_piezo,5.917161705739276e-06,,3.2475927681431135e-06,,8.22609180695161e-06,,3.275003950921116e-06,,2.9074592455356784e-06,,2.5939696677361405e-06,
488,Bird_Aspen_DH37_mic_to_bad_takamine_EG440SC_mic,8.172861581263093e-06,,8.123538820743764e-06,,3.5674998809284287e-06,,2.3322129349297406e-06,,1.8660231751348804e-06,,1.9173655774738256e-06,
489,Bird_Aspen_DH37_mic_to_bad_takamine_EG440SC_piezo,2.4540868686971138e-06,,3.0872569029767757e-06,,3.8111898469056437e-06,,3.922255100347486e-06,,4.607674793075422e-06,,5.438858939346773e-06,
490,Bird_Aspen_DH37_piezo_to_bad_takamine_EG440SC_mic,4.536670465100209e-06,,2.8028387769935757e-06,,3.28514415685157e-06,,2.4282828809202546e-06,,2.4244259479766623e-06,,1.8027835077828028e-06,
491,Bird_Aspen_DH37_piezo_to_bad_takamine_EG440SC_piezo,7.554453075465614e-06,,7.536310620791716e-06,,6.159638198105955e-06,,4.438752374470526e-06,,3.851551606509615e-06,,3.835238612906672e-06,
492,Bird_Aspen_DH37_mic_to_bad_takamine_EG440SC_mic,4.846996518437931e-06,,5.704781418544722e-06,,3.3054221897238876e-06,,1.914399055641095e-06,,2.1496580266506593e-06,,1.6910307305886304e-06,
493,Bird_Aspen_DH37_mic_to_bad_takamine_EG440SC_piezo,3.739603778105011e-06,,4.700875794604875e-06,,5.257300712973287e-06,,3.767125596061224e-06,,3.978121326725021e-06,,3.6423832601295942e-06,
494,Bird_Aspen_DH37_piezo_to_bad_takamine_EG440SC_mic,4.642762304580395e-06,,3.4601025208375864e-06,,2.9721001831943973e-06,,2.147498455936539e-06,,2.1466354449428054e-06,,2.131892484239033e-06,
495,Bird_Aspen_DH37_piezo_to_bad_takamine_EG440SC_piezo,6.719439451680696e-06,,7.741652390896616e-06,,4.345442080762547e-06,,4.204120641012629e-06,,2.9106141567396485e-06,,4.164779411880519e-06,
496,Bird_Aspen_DH37_mic_to_bad_takamine_EG440SC_mic,5.71792315260947e-06,,6.74349151704353e-06,,3.2128311650044887e-06,,2.168658412736016e-06,,1.8974074178697433e-06,,1.7382398676023165e-06,
497,Bird_Aspen_DH37_mic_to_bad_takamine_EG440SC_piezo,2.6216580560373407e-06,,3.7204986050134324e-06,,8.229145953130965e-06,,4.1648551975786435e-06,,3.98877977601673e-06,,3.1724758881182487e-06,
498,Bird_Aspen_DH37_piezo_to_bad_takamine_EG440SC_mic,4.004489973950014e-06,,3.110395805438162e-06,,3.2853258177625665e-06,,1.791099928444075e-06,,2.160106921830093e-06,,2.1056431700733496e-06,
499,Bird_Aspen_DH37_piezo_to_bad_takamine_EG440SC_piezo,5.181313389992674e-06,,6.604235383763825e-06,,4.61237660796609e-06,,3.630309352446117e-06,,2.53041564883459e-06,,3.7316032388513067e-06,
500,Bird_Aspen_DH37_mic_to_bad_takamine_EG440SC_mic,3.3673808289320904e-06,,3.9493416075065345e-06,,3.5454622117327127e-06,,1.6942773950370046e-06,,1.7949606262555247e-06,,1.9557697537539337e-06,
501,Bird_Aspen_DH37_mic_to_bad_takamine_EG440SC_piezo,4.284954064393685e-06,,5.928751593921139e-06,,4.467825920024763e-06,,4.274319281490113e-06,,4.588640121668145e-06,,3.011961934051806e-06,
502,Bird_Aspen_DH37_piezo_to_bad_takamine_EG440SC_mic,2.0628709462770044e-06,,4.469841739196919e-06,,2.5188231594010813e-06,,1.364993363639834e-06,,1.602132797603372e-06,,1.7853166745750642e-06,
503,Bird_Aspen_DH37_piezo_to_bad_takamine_EG440SC_piezo,6.976451749752439e-06,,4.313591797476356e-06,,5.296248514865247e-06,,3.2301190394084722e-06,,3.068623286382315e-06,,3.354617211256458e-06,
504,Bird_Aspen_DH37_mic_to_bad_takamine_EG440SC_mic,5.457083226652142e-06,,5.44111354089489e-06,,4.994788612428826e-06,,2.414241070073841e-06,,2.3844975175766494e-06,,1.8552939579468459e-06,
505,Bird_Aspen_DH37_mic_to_bad_takamine_EG440SC_piezo,3.4567833595207897e-06,,3.3427973253251704e-06,,6.069793688912525e-06,,3.927792526619997e-06,,4.215683939414144e-06,,3.1182803528518498e-06,
506,Bird_Aspen_DH37_piezo_to_bad_takamine_EG440SC_mic,3.1042462299356827e-06,,4.0471204615127905e-06,,3.4820882417119258e-06,,2.3573018547749606e-06,,1.8151967168091608e-06,,1.857388690055471e-06,
507,Bird_Aspen_DH37_piezo_to_bad_takamine_EG440SC_piezo,4.175981760866957e-06,,6.12660466946569e-06,,5.429369255342393e-06,,3.3901709665807826e-06,,3.877713095103485e-06,,4.440922953733149e-06,
508,Bird_Aspen_DH37_mic_to_bad_takamine_EG440SC_mic,5.500410116013828e-06,,4.6497756565751605e-06,,4.437237543507234e-06,,2.3140277479777837e-06,,2.323753879124805e-06,,1.7607170480681728e-06,
509,Bird_Aspen_DH37_mic_to_bad_takamine_EG440SC_piezo,3.007437854834663e-06,,2.9982852307816904e-06,,6.045727598742356e-06,,4.865678358434833e-06,,4.3753536707952305e-06,,2.759622728240976e-06,
510,Bird_Aspen_DH37_piezo_to_bad_takamine_EG440SC_mic,2.474653379355601e-06,,3.882657778460016e-06,,3.257392425896983e-06,,2.572032827781655e-06,,2.1091377749943327e-06,,1.6491321778002947e-06,
511,Bird_Aspen_DH37_piezo_to_bad_takamine_EG440SC_piezo,8.755604453587775e-06,,4.672122899670109e-06,,5.312168271095753e-06,,3.6500110103887162e-06,,4.14460813815762e-06,,4.929178011866794e-06,
512,Bird_Aspen_DH37_mic_to_bad_takamine_EG440SC_mic,4.543907421821616e-06,,4.9480374531157675e-06,,4.085849098494433e-06,,1.9292230760884467e-06,,1.9560652198320497e-06,,1.6138277739027334e-06,
513,Bird_Aspen_DH37_mic_to_bad_takamine_EG440SC_piezo,2.8111692886184826e-06,,2.8747186342277047e-06,,5.665767277838015e-06,,4.675865324716296e-06,,4.837420046645692e-06,,2.906606087208381e-06,
514,Bird_Aspen_DH37_piezo_to_bad_takamine_EG440SC_mic,3.7175529994693626e-06,,3.147256189498114e-06,,2.6546976560839182e-06,,2.5242434247068493e-06,,1.9153137550895154e-06,,1.5703382355400757e-06,
515,Bird_Aspen_DH37_piezo_to_bad_takamine_EG440SC_piezo,9.097904868952575e-06,,5.2153620005093026e-06,,5.001995911615251e-06,,3.6602614454517474e-06,,3.575621034962153e-06,,5.2515356583954475e-06,
516,Bird_Aspen_DH37_mic_to_bad_takamine_EG440SC_mic,8.459837667800453e-06,,9.341918104926527e-06,,4.488770603953239e-06,,2.2195451217700497e-06,,2.3754177904036706e-06,,1.7876539860371384e-06,
517,Bird_Aspen_DH37_mic_to_bad_takamine_EG440SC_piezo,4.805675101891148e-06,,4.057892361422664e-06,,6.116153364290798e-06,,4.378623172724908e-06,,3.95026606190495e-06,,3.524937181823788e-06,
518,Bird_Aspen_DH37_piezo_to_bad_takamine_EG440SC_mic,3.2384496054147345e-06,,4.019753204960906e-06,,2.3752016974145128e-06,,1.7177140737266965e-06,,1.8779223305195314e-06,,2.1435578027271817e-06,
519,Bird_Aspen_DH37_piezo_to_bad_takamine_EG440SC_piezo,3.976180403129333e-06,,3.925783397105837e-06,,6.014050630689525e-06,,4.461285395871481e-06,,3.9445210548068925e-06,,3.1736596052625558e-06,
520,Bird_Aspen_DH37_mic_to_bad_takamine_EG440SC_mic,7.687990893635439e-06,,6.267184846041302e-06,,5.406794039070625e-06,,2.4310469799850412e-06,,2.3552838369429014e-06,,1.8509224573972048e-06,
521,Bird_Aspen_DH37_mic_to_bad_takamine_EG440SC_piezo,6.621758926421729e-06,,4.047468348327891e-06,,4.928866617810214e-06,,4.625804118385887e-06,,4.407139043924521e-06,,2.913064496193801e-06,
522,Bird_Aspen_DH37_piezo_to_bad_takamine_EG440SC_mic,3.2494908186766056e-06,,4.481473875646122e-06,,2.189299659252029e-06,,1.7422792382395169e-06,,1.8072387224587148e-06,,1.888027363828964e-06,
523,Bird_Aspen_DH37_piezo_to_bad_takamine_EG440SC_piezo,4.337620102923651e-06,,3.920297692428746e-06,,8.488109662899318e-06,,4.238383263800261e-06,,4.10214908791039e-06,,3.553427887121816e-06,
524,Bird_Aspen_DH37_mic_to_bad_takamine_EG440SC_mic,6.574770073689449e-06,,5.497844243098917e-06,,6.813819416593424e-06,,2.50657900422743e-06,,2.66692842352977e-06,,1.9682516073717346e-06,
525,Bird_Aspen_DH37_mic_to_bad_takamine_EG440SC_piezo,5.108557612169738e-06,,4.525128230766272e-06,,4.93129029307951e-06,,4.567712858583906e-06,,4.010347334634635e-06,,2.950982256841888e-06,
526,Bird_Aspen_DH37_piezo_to_bad_takamine_EG440SC_mic,2.741078490707037e-06,,4.001591561772885e-06,,2.934531230457666e-06,,1.7357762065591928e-06,,1.7251853987892308e-06,,2.3826463673869416e-06,
527,Bird_Aspen_DH37_piezo_to_bad_takamine_EG440SC_piezo,4.767761532545212e-06,,7.74292227908462e-06,,4.601955936454847e-06,,3.986126447198222e-06,,2.8833445938372182e-06,,3.4536958421654734e-06,
528,Bird_Aspen_DH37_mic_to_bad_takamine_EG440SC_mic,4.137489803760995e-06,,7.1123012477180405e-06,,4.065901557926431e-06,,2.4075517559416495e-06,,1.782408544842443e-06,,1.8465055509904365e-06,
529,Bird_Aspen_DH37_mic_to_bad_takamine_EG440SC_piezo,2.5458530540255603e-06,,3.086009441641136e-06,,4.601833276810249e-06,,3.5994095264560678e-06,,4.599866760287603e-06,,3.3336448369895803e-06,
530,Bird_Aspen_DH37_piezo_to_bad_takamine_EG440SC_mic,2.896155719452736e-06,,3.628632264319369e-06,,2.509605259453401e-06,,2.9163169588542995e-06,,3.0292194909714412e-06,,2.7976196011999294e-06,
531,Bird_Aspen_DH37_piezo_to_bad_takamine_EG440SC_piezo,3.4301665599063953e-06,,7.924043115523442e-06,,5.208046184731288e-06,,4.301654076672941e-06,,3.6566289274017866e-06,,3.900209127850602e-06,
532,Bird_Aspen_DH37_mic_to_bad_takamine_EG440SC_mic,4.826048729710909e-06,,8.361800074598815e-06,,3.3410057304836983e-06,,2.7652977178508832e-06,,2.729856127171525e-06,,2.058064447354249e-06,
533,Bird_Aspen_DH37_mic_to_bad_takamine_EG440SC_piezo,5.572637968915086e-06,,5.716282479504328e-06,,5.996476807277363e-06,,3.46475985262475e-06,,4.975861887786661e-06,,3.3065114012438982e-06,
534,Bird_Aspen_DH37_piezo_to_bad_takamine_EG440SC_mic,3.307650899458647e-06,,3.2837457885088467e-06,,2.699195740567223e-06,,1.525719476824037e-06,,2.596145571707303e-06,,1.7418554600544748e-06,
535,Bird_Aspen_DH37_piezo_to_bad_takamine_EG440SC_piezo,5.191791379920627e-06,,4.013910896576033e-06,,5.031747087548952e-06,,3.1416974184859886e-06,,4.278864007861435e-06,,3.2720292602873775e-06,
536,Bird_Aspen_DH37_mic_to_bad_takamine_EG440SC_mic,7.97005782787391e-06,,8.154004520896963e-06,,3.7028580306661124e-06,,2.113130719207025e-06,,1.8649084914105826e-06,,1.909596024948912e-06,
537,Bird_Aspen_DH37_mic_to_bad_takamine_EG440SC_piezo,4.088620427929595e-06,,3.883657318729781e-06,,7.3357549359634354e-06,,3.08632182612741e-06,,4.190749472182987e-06,,3.5577914625483706e-06,
538,Bird_Aspen_DH37_piezo_to_bad_takamine_EG440SC_mic,4.193098117030751e-06,,5.8042105743844054e-06,,2.6329712395682664e-06,,1.9114378280376595e-06,,2.3029612289110705e-06,,1.6348706431931137e-06,
539,Bird_Aspen_DH37_piezo_to_bad_takamine_EG440SC_piezo,8.170212566345117e-06,,4.558187240554894e-06,,4.842423318334175e-06,,4.597374850402045e-06,,3.5168669138121834e-06,,2.4883965975320447e-06,
540,Bird_Aspen_DH37_mic_to_bad_takamine_EG440SC_mic,4.7050464414125585e-06,,9.00957619139036e-06,,3.6463122982807453e-06,,1.9131996648181595e-06,,1.8367787918466293e-06,,1.6978216603080823e-06,
541,Bird_Aspen_DH37_mic_to_bad_takamine_EG440SC_piezo,3.902178603272552e-06,,3.5155827212540813e-06,,9.414741617735176e-06,,3.0209667819389094e-06,,3.876514079762587e-06,,5.281440668010006e-06,
542,Bird_Aspen_DH37_piezo_to_bad_takamine_EG440SC_mic,4.225473442037752e-06,,3.2184648386340316e-06,,2.968393605077558e-06,,1.7550886378729347e-06,,2.047170433643055e-06,,2.3106285749986256e-06,
543,Bird_Aspen_DH37_piezo_to_bad_takamine_EG440SC_piezo,5.548229862102515e-06,,6.46636389629972e-06,,4.956074170222205e-06,,2.7447089053059265e-06,,2.666849486516308e-06,,2.6958604991402596e-06,
544,Bird_Aspen_DH37_mic_to_bad_takamine_EG440SC_mic,4.715044550891797e-06,,9.22179258573689e-06,,3.5463686496373683e-06,,2.2280595603309927e-06,,1.7195450073474297e-06,,1.8397839882889031e-06,
545,Bird_Aspen_DH37_mic_to_bad_takamine_EG440SC_piezo,4.579988015852383e-06,,4.09832240687299e-06,,7.890787889657765e-06,,4.281909311656555e-06,,4.013359642631171e-06,,4.879196020942761e-06,
546,Bird_Aspen_DH37_piezo_to_bad_takamine_EG440SC_mic,3.7376411186385712e-06,,3.2344809501159654e-06,,2.7689290532041024e-06,,1.996367378349231e-06,,2.329921998017785e-06,,1.9074288732538687e-06,
547,Bird_Aspen_DH37_piezo_to_bad_takamine_EG440SC_piezo,4.516748354789674e-06,,8.0812332858047e-06,,3.6827878276850207e-06,,2.670669844777756e-06,,3.6937571048827743e-06,,2.5137089460367454e-06,
548,Bird_Aspen_DH37_mic_to_bad_takamine_EG440SC_mic,3.547246031149108e-06,,8.241417776825907e-06,,3.5133986507552e-06,,1.4941307897703282e-06,,1.8064301772048052e-06,,1.6910069723026928e-06,
549,Bird_Aspen_DH37_mic_to_bad_takamine_EG440SC_piezo,6.718820187815755e-06,,6.755622733526238e-06,,3.83335099290404e-06,,3.6062687524710734e-06,,4.460231531654297e-06,,2.83312457110786e-06,
550,Bird_Aspen_DH37_piezo_to_bad_takamine_EG440SC_mic,2.208830963767777e-06,,3.7506157505728144e-06,,2.3748943277608823e-06,,1.5764909130559184e-06,,2.376391110958369e-06,,1.661976545235883e-06,
551,Bird_Aspen_DH37_piezo_to_bad_takamine_EG440SC_piezo,5.9983375791314475e-06,,5.561350627534217e-06,,4.040799722557659e-06,,4.607040087086404e-06,,3.3907220383905352e-06,,2.3628396392580803e-06,
552,Bird_Aspen_DH37_mic_to_bad_takamine_EG440SC_mic,4.1318735931556444e-06,,3.5824264529274088e-06,,5.145517991951642e-06,,2.251342832856078e-06,,2.344591304788814e-06,,1.8237171751814357e-06,
553,Bird_Aspen_DH37_mic_to_bad_takamine_EG440SC_piezo,3.0413045740257713e-06,,2.728046961879897e-06,,4.002613770666491e-06,,3.7743186504959964e-06,,3.8712837131047155e-06,,4.847647014135318e-06,
554,Bird_Aspen_DH37_piezo_to_bad_takamine_EG440SC_mic,4.449637160658029e-06,,5.884584621482464e-06,,2.582332707184195e-06,,1.803538612114272e-06,,2.1734507321265595e-06,,1.6586969963166448e-06,
555,Bird_Aspen_DH37_piezo_to_bad_takamine_EG440SC_piezo,7.397203063685743e-06,,8.522478863880746e-06,,8.270447184008971e-06,,3.7647062419265154e-06,,4.398318096391471e-06,,3.8664503317722565e-06,
556,Bird_Aspen_DH37_mic_to_bad_takamine_EG440SC_mic,6.134323478645697e-06,,3.611120844027656e-06,,4.658264725231083e-06,,2.240674483564928e-06,,2.6250996072014274e-06,,1.6216287194154315e-06,
557,Bird_Aspen_DH37_mic_to_bad_takamine_EG440SC_piezo,2.647057485301106e-06,,3.2424714082610584e-06,,6.405719851471857e-06,,4.113358313838227e-06,,4.188491484847503e-06,,3.7396960890230097e-06,
558,Bird_Aspen_DH37_piezo_to_bad_takamine_EG440SC_mic,4.816934867532634e-06,,5.858021127456175e-06,,4.01739343771719e-06,,1.7017707717150365e-06,,2.3192670724893627e-06,,2.2349939288577045e-06,
559,Bird_Aspen_DH37_piezo_to_bad_takamine_EG440SC_piezo,6.223959284852716e-06,,8.542197896597542e-06,,7.755889275287183e-06,,3.673150987765722e-06,,3.822581841188694e-06,,4.540173462102619e-06,
560,Bird_Aspen_DH37_mic_to_bad_takamine_EG440SC_mic,3.3247398731521316e-06,,3.1312753406686774e-06,,3.574152588512175e-06,,2.5291744078951146e-06,,3.2092744516709883e-06,,1.6171581406014592e-06,
561,Bird_Aspen_DH37_mic_to_bad_takamine_EG440SC_piezo,3.2714073070666683e-06,,3.408189013126034e-06,,6.2619718478364725e-06,,3.4586114584799887e-06,,3.116313578356111e-06,,2.6830784336397286e-06,
562,Bird_Aspen_DH37_piezo_to_bad_takamine_EG440SC_mic,4.781664972626886e-06,,4.430731204024952e-06,,2.7896895052667668e-06,,2.2193230233287198e-06,,1.928776893425541e-06,,1.8467758677184657e-06,
563,Bird_Aspen_DH37_piezo_to_bad_takamine_EG440SC_piezo,7.136199610327594e-06,,6.6962259784424235e-06,,4.053278847537542e-06,,3.5396704879092686e-06,,3.958718924518371e-06,,3.428179338819611e-06,
564,Bird_Aspen_DH37_mic_to_bad_takamine_EG440SC_mic,9.560602737380544e-06,,7.441083037089243e-06,,7.18266208590987e-06,,2.81854676843844e-06,,2.868032361646773e-06,,2.495047980924337e-06,
565,Bird_Aspen_DH37_mic_to_bad_takamine_EG440SC_piezo,5.399625063325107e-06,,3.7027599133538223e-06,,4.988340522095139e-06,,4.551221526920707e-06,,4.346338056620675e-06,,5.41663016519341e-06,
566,Bird_Aspen_DH37_piezo_to_bad_takamine_EG440SC_mic,6.7523204246138415e-06,,7.708251007067222e-06,,2.6572017528700334e-06,,2.739217004914593e-06,,2.2203183843905867e-06,,1.7050634864575931e-06,
567,Bird_Aspen_DH37_piezo_to_bad_takamine_EG440SC_piezo,2.970316057746938e-06,,3.0517964845088687e-06,,8.989120364543492e-06,,4.504690490051843e-06,,4.027243592755846e-06,,3.673836303887876e-06,
568,Bird_Aspen_DH37_mic_to_bad_takamine_EG440SC_mic,8.202103926865903e-06,,4.310459889775735e-06,,9.847941563634397e-06,,2.640654384384555e-06,,2.4181138349135168e-06,,2.122479570799329e-06,
569,Bird_Aspen_DH37_mic_to_bad_takamine_EG440SC_piezo,2.321925013624724e-06,,2.230377203262953e-06,,4.408281716597609e-06,,3.812279014073096e-06,,4.183822122144758e-06,,3.709914188186449e-06,
570,Bird_Aspen_DH37_piezo_to_bad_takamine_EG440SC_mic,4.887946719340999e-06,,7.252934490522927e-06,,3.0184428963745045e-06,,2.190920652071036e-06,,2.793504805894419e-06,,1.6204457124940203e-06,
571,Bird_Aspen_DH37_piezo_to_bad_takamine_EG440SC_piezo,4.11651196188987e-06,,5.443681099550417e-06,,8.953803873142862e-06,,4.394592853485294e-06,,2.9624226116248013e-06,,4.46090517957988e-06,
572,Bird_Aspen_DH37_mic_to_bad_takamine_EG440SC_mic,8.710201330278088e-06,,6.281835053675832e-06,,3.1762377684704704e-06,,2.440836739417115e-06,,2.3047462178391458e-06,,1.9778497408745627e-06,
573,Bird_Aspen_DH37_mic_to_bad_takamine_EG440SC_piezo,2.856787596653891e-06,,3.033305956686846e-06,,3.9964085764077915e-06,,3.861744243970518e-06,,4.14088923410164e-06,,5.264586488256504e-06,
574,Bird_Aspen_DH37_piezo_to_bad_takamine_EG440SC_mic,3.1446349228039115e-06,,5.170239547567783e-06,,3.0510724252305278e-06,,2.552886105403764e-06,,2.8821458508865877e-06,,2.437622071735768e-06,
575,Bird_Aspen_DH37_piezo_to_bad_takamine_EG440SC_piezo,4.895268631902214e-06,,6.378505980383144e-06,,5.782352814575806e-06,,3.0239441935868897e-06,,2.891755096821929e-06,,2.6891524805017967e-06,
576,Bird_Aspen_DH37_mic_to_Vi_Yamaha_F335_mic,8.183036506803793e-06,,9.471270064577165e-06,,5.711493023958184e-06,,5.803192469952832e-06,,4.812067156859164e-06,,4.955558313816761e-06,
577,Bird_Aspen_DH37_mic_to_Vi_Yamaha_F335_piezo,2.822849169092348e-06,,2.605021738782388e-06,,1.8502211092478515e-06,,2.389048621118647e-06,,2.0607129185073203e-06,,1.8491556028360782e-06,
578,Bird_Aspen_DH37_piezo_to_Vi_Yamaha_F335_mic,3.1150580102978617e-06,,3.188978970504034e-06,,2.165832857986186e-06,,3.8035480080822666e-06,,2.9408255724140724e-06,,4.572507865323196e-06,
579,Bird_Aspen_DH37_piezo_to_Vi_Yamaha_F335_piezo,2.265546988180518e-06,,2.8740185554195193e-06,,2.9189074529782884e-06,,4.531495142790517e-06,,4.551908676419556e-06,,5.313846195816295e-06,
580,Bird_Aspen_DH37_mic_to_Vi_Yamaha_F335_mic,5.398173913549039e-06,,5.377156688837385e-06,,3.820218604722023e-06,,4.4990017098168724e-06,,4.168567634307726e-06,,4.4306416425532485e-06,
581,Bird_Aspen_DH37_mic_to_Vi_Yamaha_F335_piezo,4.4668847555810335e-06,,2.5972856948074766e-06,,2.0184060452582826e-06,,3.0668974212967793e-06,,2.1047840771287434e-06,,2.0476222981429896e-06,
582,Bird_Aspen_DH37_piezo_to_Vi_Yamaha_F335_mic,3.475704974542371e-06,,4.531066480128126e-06,,2.1769816079171435e-06,,3.7607411450961254e-06,,3.0652568417959913e-06,,3.3118081867496234e-06,
583,Bird_Aspen_DH37_piezo_to_Vi_Yamaha_F335_piezo,4.421167936273981e-06,,2.942289022943857e-06,,3.846134534896255e-06,,4.763933935190562e-06,,4.721657414883854e-06,,5.0993400876939375e-06,
584,Bird_Aspen_DH37_mic_to_Vi_Yamaha_F335_mic,4.290564734989117e-06,,4.312990754831281e-06,,4.568672165841323e-06,,2.985529810846919e-06,,3.4141447177331222e-06,,5.69908984086275e-06,
585,Bird_Aspen_DH37_mic_to_Vi_Yamaha_F335_piezo,6.85290406720195e-06,,2.7233773248182118e-06,,1.812879437681857e-06,,3.7777635383386088e-06,,2.1230792177594882e-06,,1.8111532489981192e-06,
586,Bird_Aspen_DH37_piezo_to_Vi_Yamaha_F335_mic,3.039013894927817e-06,,4.163648485967747e-06,,2.305155613519911e-06,,4.090040518193356e-06,,3.2799769774097994e-06,,4.396075957448839e-06,
587,Bird_Aspen_DH37_piezo_to_Vi_Yamaha_F335_piezo,6.032141981089932e-06,,3.228873462143376e-06,,8.118244015236754e-06,,3.7487286791765506e-06,,4.416013516137435e-06,,5.6851176410484985e-06,
588,Bird_Aspen_DH37_mic_to_Vi_Yamaha_F335_mic,6.5430649828281995e-06,,6.335201232526257e-06,,5.2763018159422624e-06,,3.2734607444000354e-06,,3.7106461576425996e-06,,3.184063533502848e-06,
589,Bird_Aspen_DH37_mic_to_Vi_Yamaha_F335_piezo,3.859279510418807e-06,,5.592637917160391e-06,,2.4759986945960916e-06,,3.1095205967077136e-06,,4.86781063734197e-06,,2.60384374972793e-06,
590,Bird_Aspen_DH37_piezo_to_Vi_Yamaha_F335_mic,5.693992831713691e-06,,4.233736385932997e-06,,3.015904596056916e-06,,3.341016295611368e-06,,3.564778507512199e-06,,2.6981295432773742e-06,
591,Bird_Aspen_DH37_piezo_to_Vi_Yamaha_F335_piezo,5.667074649318965e-06,,7.984509809200037e-06,,7.727555933366402e-06,,4.742681966388215e-06,,5.1466775793055895e-06,,5.180479236374562e-06,
592,Bird_Aspen_DH37_mic_to_Vi_Yamaha_F335_mic,3.647617885163047e-06,,3.7602814292199877e-06,,3.0595909572083405e-06,,3.5483285667784233e-06,,4.985876757483023e-06,,3.605710322439551e-06,
593,Bird_Aspen_DH37_mic_to_Vi_Yamaha_F335_piezo,5.728588987350593e-06,,4.404629294846592e-06,,2.246564962253888e-06,,3.7936918705676744e-06,,3.3862174488379003e-06,,2.2226078886090234e-06,
594,Bird_Aspen_DH37_piezo_to_Vi_Yamaha_F335_mic,4.014336144927597e-06,,3.4133791694509853e-06,,4.501794882470866e-06,,4.3417723052107895e-06,,3.1313568479564057e-06,,3.1535892359272353e-06,
595,Bird_Aspen_DH37_piezo_to_Vi_Yamaha_F335_piezo,5.074165879546782e-06,,5.9350949077593045e-06,,6.8203273602721516e-06,,4.865910058119113e-06,,5.723078894685548e-06,,5.4350195320425445e-06,
596,Bird_Aspen_DH37_mic_to_Vi_Yamaha_F335_mic,5.3705950745004385e-06,,4.844103302178246e-06,,3.3795190089786347e-06,,4.4134065512084215e-06,,5.619677044469678e-06,,3.959026069661484e-06,
597,Bird_Aspen_DH37_mic_to_Vi_Yamaha_F335_piezo,3.855258690353034e-06,,5.608613052063891e-06,,2.23531668881954e-06,,3.2418579356564584e-06,,3.62965558309141e-06,,2.2679958305741787e-06,
598,Bird_Aspen_DH37_piezo_to_Vi_Yamaha_F335_mic,3.3356167684381275e-06,,4.940771462417546e-06,,2.576137197471837e-06,,3.799454126673851e-06,,3.922342647006524e-06,,2.469073858180035e-06,
599,Bird_Aspen_DH37_piezo_to_Vi_Yamaha_F335_piezo,6.0998560712795e-06,,5.27177003149676e-06,,5.768226157455741e-06,,4.028587533416743e-06,,5.069683096591923e-06,,5.449691334341044e-06,
600,Bird_Aspen_DH37_mic_to_Vi_Yamaha_F335_mic,5.0675603837091186e-06,,5.2770415397992515e-06,,2.5215664054613527e-06,,4.71116242549848e-06,,4.775198676891002e-06,,2.5332003895145316e-06,
601,Bird_Aspen_DH37_mic_to_Vi_Yamaha_F335_piezo,3.873260070083924e-06,,4.906261432186268e-06,,2.411912973924178e-06,,2.859049794981465e-06,,3.635717206405794e-06,,2.7450568974491536e-06,
602,Bird_Aspen_DH37_piezo_to_Vi_Yamaha_F335_mic,3.0750077670151586e-06,,4.861111720963927e-06,,2.3448504565521114e-06,,3.0213354747273547e-06,,2.2552573174648677e-06,,2.661041930396616e-06,
603,Bird_Aspen_DH37_piezo_to_Vi_Yamaha_F335_piezo,2.8692608753190115e-06,,3.534702578565835e-06,,3.6218007212404538e-06,,4.320731283946375e-06,,2.5596231865836236e-06,,4.6417573787775326e-06,
604,Bird_Aspen_DH37_mic_to_Vi_Yamaha_F335_mic,6.687290462266302e-06,,6.896458826122742e-06,,3.0379461541853144e-06,,5.286529158617479e-06,,5.453812320001673e-06,,2.799246922470946e-06,
605,Bird_Aspen_DH37_mic_to_Vi_Yamaha_F335_piezo,4.587872178823323e-06,,4.402751087953197e-06,,3.5902414672835885e-06,,4.103338058788302e-06,,3.0012043009802396e-06,,2.8421563201575397e-06,
606,Bird_Aspen_DH37_piezo_to_Vi_Yamaha_F335_mic,3.0159757778904295e-06,,3.1252014244110264e-06,,2.7695216801365987e-06,,3.5010037024409837e-06,,3.7300702219341354e-06,,4.300330868134482e-06,
607,Bird_Aspen_DH37_piezo_to_Vi_Yamaha_F335_piezo,3.0015998530693512e-06,,2.777228746964693e-06,,7.465276916440365e-06,,4.584371332122322e-06,,4.7430452879751295e-06,,3.821029658908212e-06,
608,Bird_Aspen_DH37_mic_to_Vi_Yamaha_F335_mic,6.966607433618114e-06,,7.357221670470508e-06,,3.981520201851622e-06,,4.624064624579608e-06,,4.527533647748202e-06,,2.5566874150242796e-06,
609,Bird_Aspen_DH37_mic_to_Vi_Yamaha_F335_piezo,3.0324562581618613e-06,,3.918459996666454e-06,,2.1844104257768213e-06,,2.499950367294791e-06,,3.2597701952647534e-06,,2.5133171093888193e-06,
610,Bird_Aspen_DH37_piezo_to_Vi_Yamaha_F335_mic,3.887663972973368e-06,,2.221656438578885e-06,,2.446825188608041e-06,,4.041953353693612e-06,,3.839668392755978e-06,,4.6154322676818185e-06,
611,Bird_Aspen_DH37_piezo_to_Vi_Yamaha_F335_piezo,4.058719294870508e-06,,4.119820107302184e-06,,7.143044323254854e-06,,5.061117392616846e-06,,3.6533537010956234e-06,,5.228368563314538e-06,
612,Bird_Aspen_DH37_mic_to_Vi_Yamaha_F335_mic,3.729153796912416e-06,,4.222969645908883e-06,,3.3243174416335274e-06,,4.69874509069569e-06,,5.742633516518649e-06,,3.84713937278109e-06,
613,Bird_Aspen_DH37_mic_to_Vi_Yamaha_F335_piezo,2.042009185129566e-06,,2.4430288100639826e-06,,1.9866748109608965e-06,,2.2894380669186384e-06,,2.7179226858794403e-06,,2.2005099761501266e-06,
614,Bird_Aspen_DH37_piezo_to_Vi_Yamaha_F335_mic,2.681987189532255e-06,,5.083094857109751e-06,,1.8820297665817453e-06,,3.0781007766330712e-06,,3.227457837770088e-06,,2.116182957263271e-06,
615,Bird_Aspen_DH37_piezo_to_Vi_Yamaha_F335_piezo,2.429360677510174e-06,,2.536622121913147e-06,,2.689225814524124e-06,,4.435358774586714e-06,,5.192841428673105e-06,,5.61153078775662e-06,
616,Bird_Aspen_DH37_mic_to_Vi_Yamaha_F335_mic,2.8192762690959037e-06,,2.9216140201428218e-06,,2.667224675029101e-06,,3.6529350031781478e-06,,4.091371043826603e-06,,3.150061527208241e-06,
617,Bird_Aspen_DH37_mic_to_Vi_Yamaha_F335_piezo,3.8131169192879535e-06,,2.5492348246048935e-06,,2.1019978753610338e-06,,3.3474742854238578e-06,,2.660729228330749e-06,,2.3080213646419372e-06,
618,Bird_Aspen_DH37_piezo_to_Vi_Yamaha_F335_mic,4.780430689691243e-06,,6.454238715783971e-06,,2.824186304099363e-06,,3.55265472019252e-06,,3.578762475482238e-06,,2.768871106551652e-06,
619,Bird_Aspen_DH37_piezo_to_Vi_Yamaha_F335_piezo,5.104252552954725e-06,,4.858264559581216e-06,,6.172067172692253e-06,,5.18576538587109e-06,,5.514775180670636e-06,,6.057156974170742e-06,
620,Bird_Aspen_DH37_mic_to_Vi_Yamaha_F335_mic,3.6126168248187056e-06,,5.003105926778913e-06,,2.851297971133603e-06,,4.188197479603139e-06,,5.490983951411246e-06,,3.2341351051995324e-06,
621,Bird_Aspen_DH37_mic_to_Vi_Yamaha_F335_piezo,2.50555443863705e-06,,2.9130133921479303e-06,,2.126432888250518e-06,,2.477863189672991e-06,,3.274732109370129e-06,,2.372975308042237e-06,
622,Bird_Aspen_DH37_piezo_to_Vi_Yamaha_F335_mic,3.665816125736518e-06,,2.835446674389868e-06,,2.905646190757099e-06,,2.01069373742774e-06,,2.234374993183878e-06,,2.797603483599799e-06,
623,Bird_Aspen_DH37_piezo_to_Vi_Yamaha_F335_piezo,7.221309739501515e-06,,3.7614129994508154e-06,,7.550083229927949e-06,,2.8950428078408553e-06,,2.8828769054639423e-06,,3.926572248797485e-06,
624,Bird_Aspen_DH37_mic_to_Vi_Yamaha_F335_mic,5.682709361660438e-06,,4.628822295151534e-06,,3.3100533654786672e-06,,4.329114518688213e-06,,4.588707955498904e-06,,3.6163521527897755e-06,
625,Bird_Aspen_DH37_mic_to_Vi_Yamaha_F335_piezo,2.7415361975152373e-06,,2.7504569214757776e-06,,1.8975155599583261e-06,,2.5409983238700306e-06,,2.3369811645506317e-06,,1.9862113546985837e-06,
626,Bird_Aspen_DH37_piezo_to_Vi_Yamaha_F335_mic,5.039936918805983e-06,,5.62643510509358e-06,,2.422490461113613e-06,,3.613017557135253e-06,,3.725622399178564e-06,,3.865815656847434e-06,
627,Bird_Aspen_DH37_piezo_to_Vi_Yamaha_F335_piezo,2.963139073494045e-06,,3.6476453487822898e-06,,3.206807751777886e-06,,2.922393192802635e-06,,4.450115245963234e-06,,4.111583602294201e-06,
628,Bird_Aspen_DH37_mic_to_Vi_Yamaha_F335_mic,7.895845499753814e-06,,7.12997358161112e-06,,3.1105877628412217e-06,,3.619947748707042e-06,,5.411511064047018e-06,,4.268009719243178e-06,
629,Bird_Aspen_DH37_mic_to_Vi_Yamaha_F335_piezo,5.17551850672259e-06,,5.341221560824767e-06,,2.2788348215329054e-06,,3.9674085612595296e-06,,2.7489146176472903e-06,,2.199933948477003e-06,
630,Bird_Aspen_DH37_piezo_to_Vi_Yamaha_F335_mic,8.541556649505456e-06,,6.643715653074221e-06,,3.4008078041193648e-06,,2.5347063110619937e-06,,3.4920969017528095e-06,,2.8714493919219232e-06,
631,Bird_Aspen_DH37_piezo_to_Vi_Yamaha_F335_piezo,4.356351136224901e-06,,4.621993160479652e-06,,9.570559671242739e-06,,3.6950781512915306e-06,,3.407057869180016e-06,,4.985618658781782e-06,
632,Bird_Aspen_DH37_mic_to_Vi_Yamaha_F335_mic,9.633749473627869e-06,,8.908834764621088e-06,,6.659104871680639e-06,,4.879453691669439e-06,,3.995568169354002e-06,,3.857177505426029e-06,
633,Bird_Aspen_DH37_mic_to_Vi_Yamaha_F335_piezo,4.1854792763620284e-06,,5.0145104614407745e-06,,2.336992537243939e-06,,3.195364094705603e-06,,3.1337028502930773e-06,,2.3323814653176216e-06,
634,Bird_Aspen_DH37_piezo_to_Vi_Yamaha_F335_mic,2.2747572550171794e-06,,5.520593356281137e-06,,2.2814988066927724e-06,,2.345332408206267e-06,,2.384498986207005e-06,,2.6205994048966906e-06,
635,Bird_Aspen_DH37_piezo_to_Vi_Yamaha_F335_piezo,7.532379345554379e-06,,3.605391647038383e-06,,1.1189032299142863e-05,,3.2986814605734912e-06,,4.10670596123535e-06,,5.18599593770972e-06,
636,Bird_Aspen_DH37_mic_to_Vi_Yamaha_F335_mic,3.5511515193851925e-06,,3.520170753557048e-06,,2.8860806597451103e-06,,4.747880484093189e-06,,6.156080799023272e-06,,3.8513838548846405e-06,
637,Bird_Aspen_DH37_mic_to_Vi_Yamaha_F335_piezo,3.8052138350063285e-06,,5.049896547926874e-06,,2.2443161162421395e-06,,3.502746365160395e-06,,4.5349938838104485e-06,,2.593938728234639e-06,
638,Bird_Aspen_DH37_piezo_to_Vi_Yamaha_F335_mic,2.9836419664220758e-06,,3.5510654894437972e-06,,2.6210819342836185e-06,,2.011435886094461e-06,,2.0768573317585374e-06,,2.579387177247848e-06,
639,Bird_Aspen_DH37_piezo_to_Vi_Yamaha_F335_piezo,8.497931577041068e-06,,4.401804641643799e-06,,1.0165995370646819e-05,,3.972151137316906e-06,,4.009209776874891e-06,,3.488283694264343e-06,
640,Bird_Aspen_DH37_mic_to_Vi_Yamaha_F335_mic,4.983083539380372e-06,,3.613263073908387e-06,,2.802682418900909e-06,,4.622085514063183e-06,,4.860018794728874e-06,,4.561038758744126e-06,
641,Bird_Aspen_DH37_mic_to_Vi_Yamaha_F335_piezo,4.231418264688305e-06,,5.4128509393777745e-06,,2.0898768356415686e-06,,3.4181172821432427e-06,,3.998973077046997e-06,,2.2550010460622592e-06,
642,Bird_Aspen_DH37_piezo_to_Vi_Yamaha_F335_mic,3.140527297912847e-06,,4.033694691568455e-06,,2.561249868186041e-06,,2.935167402719426e-06,,2.080523309335424e-06,,2.5373342066408482e-06,
643,Bird_Aspen_DH37_piezo_to_Vi_Yamaha_F335_piezo,3.998351439395686e-06,,2.744876291404937e-06,,9.004795623818478e-06,,4.586675364402709e-06,,5.349078802713165e-06,,5.260549780683526e-06,
644,Bird_Aspen_DH37_mic_to_Vi_Yamaha_F335_mic,3.265531357966701e-06,,4.327428332779658e-06,,3.1422457971839706e-06,,3.6502352600783135e-06,,3.2453947568855026e-06,,3.0294698687982904e-06,
645,Bird_Aspen_DH37_mic_to_Vi_Yamaha_F335_piezo,3.4871812612604647e-06,,5.872425735210311e-06,,2.1938734963208907e-06,,2.564698582108836e-06,,2.886648205300162e-06,,2.2090595883716104e-06,
646,Bird_Aspen_DH37_piezo_to_Vi_Yamaha_F335_mic,1.735475518110601e-06,,3.916025476589954e-06,,2.199862049501786e-06,,1.873326102340056e-06,,2.6711474581762097e-06,,2.689560663536088e-06,
647,Bird_Aspen_DH37_piezo_to_Vi_Yamaha_F335_piezo,4.999881228328257e-06,,4.29332384195308e-06,,9.707679406408415e-06,,3.09515612541923e-06,,3.899501998921799e-06,,3.3130860464808793e-06,
648,Bird_Aspen_DH37_mic_to_Vi_Yamaha_F335_mic,6.758149806313724e-06,,7.63964889909509e-06,,3.147246522828116e-06,,5.166892732440882e-06,,5.352282550527683e-06,,2.634863561249801e-06,
649,Bird_Aspen_DH37_mic_to_Vi_Yamaha_F335_piezo,2.365056038291885e-06,,3.7392938099809703e-06,,1.9865014809054793e-06,,2.2478877328827397e-06,,2.905450610633614e-06,,2.226491139178614e-06,
650,Bird_Aspen_DH37_piezo_to_Vi_Yamaha_F335_mic,2.8954763674461924e-06,,2.5117988749900466e-06,,1.9649062191732032e-06,,3.2964700302080677e-06,,3.5935665437479797e-06,,4.27147324202368e-06,
651,Bird_Aspen_DH37_piezo_to_Vi_Yamaha_F335_piezo,2.698761458860382e-06,,3.851880722825045e-06,,4.725046326331163e-06,,4.209716385217466e-06,,3.121810154810735e-06,,5.965243168205575e-06,
652,Bird_Aspen_DH37_mic_to_Vi_Yamaha_F335_mic,8.657973554568148e-06,,9.65359673300787e-06,,3.5829786372550532e-06,,5.1664450049157e-06,,5.3597271096980234e-06,,2.9414910388460635e-06,
653,Bird_Aspen_DH37_mic_to_Vi_Yamaha_F335_piezo,2.519121097165033e-06,,5.219398889388996e-06,,2.0904536797822937e-06,,2.1700365376230303e-06,,3.4427204419848185e-06,,2.351887363398087e-06,
654,Bird_Aspen_DH37_piezo_to_Vi_Yamaha_F335_mic,3.407921939917986e-06,,2.8178702866262103e-06,,2.2537788615313584e-06,,3.4138612166242645e-06,,4.301319511821171e-06,,4.442307181691737e-06,
655,Bird_Aspen_DH37_piezo_to_Vi_Yamaha_F335_piezo,3.291961783788099e-06,,4.752303703112388e-06,,7.971106698809765e-06,,4.773138129601586e-06,,2.978588142088637e-06,,5.84359302666649e-06,
656,Bird_Aspen_DH37_mic_to_Vi_Yamaha_F335_mic,7.024448999083095e-06,,9.920928658599862e-06,,3.968714288354149e-06,,4.148715911174848e-06,,4.73599222184823e-06,,2.7384306689888476e-06,
657,Bird_Aspen_DH37_mic_to_Vi_Yamaha_F335_piezo,2.7099285482645253e-06,,3.1377475502399995e-06,,2.115306166049158e-06,,2.274215360530387e-06,,2.73412308195278e-06,,2.3217940106653677e-06,
658,Bird_Aspen_DH37_piezo_to_Vi_Yamaha_F335_mic,3.260306645155348e-06,,2.646204994043019e-06,,2.098041528600056e-06,,3.0558239656662867e-06,,4.088139728702679e-06,,3.7348791082833775e-06,
659,Bird_Aspen_DH37_piezo_to_Vi_Yamaha_F335_piezo,4.477448293556507e-06,,3.997189187135127e-06,,6.403579147623288e-06,,4.770002891657163e-06,,3.353203223842848e-06,,5.642321210017894e-06,
660,Bird_Aspen_DH37_mic_to_Vi_Yamaha_F335_mic,4.839290067939694e-06,,5.109493432327496e-06,,3.1413913852260973e-06,,5.316239544109135e-06,,5.556865484467355e-06,,3.438280907111222e-06,
661,Bird_Aspen_DH37_mic_to_Vi_Yamaha_F335_piezo,3.110975676535291e-06,,3.1502501722058123e-06,,2.4130652023401807e-06,,3.0197283535874854e-06,,3.1769288793244296e-06,,2.677081260484349e-06,
662,Bird_Aspen_DH37_piezo_to_Vi_Yamaha_F335_mic,3.620794049631885e-06,,5.605761187187821e-06,,2.373107535998057e-06,,3.328817175726835e-06,,3.3664103709895545e-06,,2.53875736150531e-06,
663,Bird_Aspen_DH37_piezo_to_Vi_Yamaha_F335_piezo,8.194267030762417e-06,,5.0163785932076905e-06,,4.0456499893982535e-06,,5.094948887646014e-06,,5.219461464817687e-06,,4.36632942581854e-06,
664,Bird_Aspen_DH37_mic_to_Vi_Yamaha_F335_mic,5.056899963421197e-06,,4.913503800681346e-06,,2.977752697965265e-06,,5.146887074596099e-06,,5.407934643937043e-06,,3.387993415263377e-06,
665,Bird_Aspen_DH37_mic_to_Vi_Yamaha_F335_piezo,3.72641256901606e-06,,2.5726707841246924e-06,,2.141799082634385e-06,,3.525347159010261e-06,,2.7564696258893097e-06,,2.3872513236108168e-06,
666,Bird_Aspen_DH37_piezo_to_Vi_Yamaha_F335_mic,4.504677791954072e-06,,6.228088739258845e-06,,3.5606341086364156e-06,,3.483359378268422e-06,,3.5558140048664506e-06,,3.1463047604803314e-06,
667,Bird_Aspen_DH37_piezo_to_Vi_Yamaha_F335_piezo,5.018484333632659e-06,,6.041833612776599e-06,,5.443404163422489e-06,,5.150569305385964e-06,,5.42474116180708e-06,,6.057454328983516e-06,
668,Bird_Aspen_DH37_mic_to_Vi_Yamaha_F335_mic,5.945127475237494e-06,,5.273797369941514e-06,,2.856956206651818e-06,,5.191415938449444e-06,,5.686508479436521e-06,,3.150987638356107e-06,
669,Bird_Aspen_DH37_mic_to_Vi_Yamaha_F335_piezo,2.6329087613076827e-06,,3.0044589118839707e-06,,2.1702014657688413e-06,,2.6623472345549874e-06,,3.342744826961063e-06,,2.426902506200789e-06,
670,Bird_Aspen_DH37_piezo_to_Vi_Yamaha_F335_mic,2.691970277386002e-06,,3.1255028867680934e-06,,2.7563745053385906e-06,,3.491696912502195e-06,,2.219504037921384e-06,,2.749349406864654e-06,
671,Bird_Aspen_DH37_piezo_to_Vi_Yamaha_F335_piezo,7.152349917505561e-06,,5.985225982252809e-06,,3.7622011449480582e-06,,3.6388194705093128e-06,,3.918873067979529e-06,,3.792406955003915e-06,
672,Bird_Aspen_DH37_mic_to_Vi_Yamaha_F335_mic,6.598090854900017e-06,,3.533093459249754e-06,,4.3777421257163254e-06,,5.361590652286808e-06,,4.1906743864844e-06,,5.2217353655379775e-06,
673,Bird_Aspen_DH37_mic_to_Vi_Yamaha_F335_piezo,2.7676787654259595e-06,,3.497024821806138e-06,,2.197033319061095e-06,,2.175390047558287e-06,,2.36881702323016e-06,,2.306594930053401e-06,
674,Bird_Aspen_DH37_piezo_to_Vi_Yamaha_F335_mic,4.076751334435365e-06,,6.750492248018315e-06,,2.25164985541971e-06,,2.244711851022308e-06,,2.511867415704391e-06,,2.769998681051474e-06,
675,Bird_Aspen_DH37_piezo_to_Vi_Yamaha_F335_piezo,2.916381466014565e-06,,2.8867206817505303e-06,,6.95796017629131e-06,,5.019014714524241e-06,,5.406299053582095e-06,,4.826847517044081e-06,
676,Bird_Aspen_DH37_mic_to_Vi_Yamaha_F335_mic,3.4872781297531557e-06,,2.8175697500343685e-06,,4.65802588247562e-06,,3.4414338757893046e-06,,2.988768392021824e-06,,5.5033541292858665e-06,
677,Bird_Aspen_DH37_mic_to_Vi_Yamaha_F335_piezo,7.215918091530955e-06,,4.398765653535315e-06,,2.3414795670013146e-06,,3.936965790543811e-06,,3.137228700534182e-06,,2.47452708227523e-06,
678,Bird_Aspen_DH37_piezo_to_Vi_Yamaha_F335_mic,8.902759445732855e-06,,8.31857680705435e-06,,2.866076442208978e-06,,2.3854990897339166e-06,,2.251132274513547e-06,,2.254003648724942e-06,
679,Bird_Aspen_DH37_piezo_to_Vi_Yamaha_F335_piezo,3.100850702956194e-06,,2.936416622327574e-06,,5.999610032946377e-06,,5.3925792787406366e-06,,5.110258384205287e-06,,4.606700479028041e-06,
680,Bird_Aspen_DH37_mic_to_Vi_Yamaha_F335_mic,3.2094743290953106e-06,,3.309710505735266e-06,,4.623419509452742e-06,,5.0875628084395855e-06,,4.101213998918045e-06,,6.591807514613455e-06,
681,Bird_Aspen_DH37_mic_to_Vi_Yamaha_F335_piezo,4.281522624696212e-06,,5.494718987242669e-06,,2.7810995354258077e-06,,3.6021204650400102e-06,,3.572968298491574e-06,,2.6815052542604257e-06,
682,Bird_Aspen_DH37_piezo_to_Vi_Yamaha_F335_mic,4.3909952417571144e-06,,6.910107062930276e-06,,2.8627850726099624e-06,,4.397551830660648e-06,,2.4989764591907323e-06,,2.677547995009987e-06,
683,Bird_Aspen_DH37_piezo_to_Vi_Yamaha_F335_piezo,3.857662097007902e-06,,5.30878273727744e-06,,8.335073568952485e-06,,3.833536410714746e-06,,4.2619375893639e-06,,3.886808893542984e-06,
684,Bird_Aspen_DH37_mic_to_Vi_Yamaha_F335_mic,3.985144343630743e-06,,4.8791739696663936e-06,,4.116129618536877e-06,,4.650761946258065e-06,,4.667649665573432e-06,,6.746824211012041e-06,
685,Bird_Aspen_DH37_mic_to_Vi_Yamaha_F335_piezo,3.2280905052841535e-06,,3.164697062610144e-06,,3.134783852233667e-06,,2.7267584045496217e-06,,2.9800620089296478e-06,,3.615135977494398e-06,
686,Bird_Aspen_DH37_piezo_to_Vi_Yamaha_F335_mic,3.719736091614402e-06,,5.271428948339921e-06,,2.9689412076648202e-06,,2.1691361830192753e-06,,2.00553499943445e-06,,2.3885094465254156e-06,
687,Bird_Aspen_DH37_piezo_to_Vi_Yamaha_F335_piezo,3.9708096008445734e-06,,5.8696533905512935e-06,,1.1781060035025478e-05,,3.96442544614105e-06,,4.625888416566639e-06,,3.7936434191268436e-06,
688,Bird_Aspen_DH37_mic_to_Vi_Yamaha_F335_mic,5.179143248216628e-06,,4.162001939331297e-06,,3.6986207871792074e-06,,5.3476846135521465e-06,,3.847189542254119e-06,,5.769359357786445e-06,
689,Bird_Aspen_DH37_mic_to_Vi_Yamaha_F335_piezo,5.580170018271868e-06,,3.835928772379323e-06,,2.3400277019839953e-06,,3.2094312342625965e-06,,4.0006858632944114e-06,,2.7847874796702144e-06,
690,Bird_Aspen_DH37_piezo_to_Vi_Yamaha_F335_mic,3.773839667908823e-06,,8.889918341096096e-06,,2.3130747549170106e-06,,2.0885821648849918e-06,,2.35586663100507e-06,,2.0970541987946083e-06,
691,Bird_Aspen_DH37_piezo_to_Vi_Yamaha_F335_piezo,5.142657971554378e-06,,5.302455304857543e-06,,7.74872317086327e-06,,4.315889797604354e-06,,5.09914140314832e-06,,3.7913388209748174e-06,
692,Bird_Aspen_DH37_mic_to_Vi_Yamaha_F335_mic,2.387305718418775e-06,,3.074344312540132e-06,,2.477340309225834e-06,,2.6821071166038452e-06,,4.387581338027222e-06,,3.5375305988790722e-06,
693,Bird_Aspen_DH37_mic_to_Vi_Yamaha_F335_piezo,5.281271457222278e-06,,4.150674316584303e-06,,2.396512773559773e-06,,3.0686121034862186e-06,,3.5063124282882347e-06,,2.561095076902609e-06,
694,Bird_Aspen_DH37_piezo_to_Vi_Yamaha_F335_mic,3.9686705902956705e-06,,6.7639892799995596e-06,,2.1100884388122408e-06,,2.0758338223674024e-06,,2.4634551492919325e-06,,2.2660911675741414e-06,
695,Bird_Aspen_DH37_piezo_to_Vi_Yamaha_F335_piezo,8.092733800589409e-06,,6.003290296718726e-06,,6.631166211404215e-06,,2.850971109434658e-06,,3.3903406238530397e-06,,2.9468705509265535e-06,
696,Bird_Aspen_DH37_mic_to_Vi_Yamaha_F335_mic,8.75132665207031e-06,,6.134303486529117e-06,,5.530101579208686e-06,,4.159651500892543e-06,,3.9142872278432335e-06,,3.061762200046995e-06,
697,Bird_Aspen_DH37_mic_to_Vi_Yamaha_F335_piezo,2.7474034768533417e-06,,3.3294629929147656e-06,,7.627319574449667e-06,,4.663682816756294e-06,,3.7929770767005418e-06,,4.979732785109966e-06,
698,Bird_Aspen_DH37_piezo_to_Vi_Yamaha_F335_mic,2.281308510003704e-06,,2.908831890004878e-06,,1.928058548405925e-06,,3.574723977794546e-06,,3.959283426070399e-06,,3.0934616152748515e-06,
699,Bird_Aspen_DH37_piezo_to_Vi_Yamaha_F335_piezo,2.8125437237736287e-06,,7.885350112853629e-06,,8.120860511869307e-06,,5.219583025297163e-06,,4.252477374218509e-06,,5.414646145849822e-06,
700,Bird_Aspen_DH37_mic_to_Vi_Yamaha_F335_mic,9.572176276328348e-06,,6.817675014088435e-06,,4.489172912741984e-06,,2.8712455129454036e-06,,3.305533932788094e-06,,4.392779959627082e-06,
701,Bird_Aspen_DH37_mic_to_Vi_Yamaha_F335_piezo,3.005771468487413e-06,,4.745686324333059e-06,,5.938401191251011e-06,,3.121473286965521e-06,,3.973607089283769e-06,,4.132528723874222e-06,
702,Bird_Aspen_DH37_piezo_to_Vi_Yamaha_F335_mic,2.8838304274990894e-06,,2.546187881826371e-06,,2.6092759642086604e-06,,3.290994882560851e-06,,4.29734448523815e-06,,2.7580212751212454e-06,
703,Bird_Aspen_DH37_piezo_to_Vi_Yamaha_F335_piezo,3.3767549103787784e-06,,5.683529551635099e-06,,8.411220833387295e-06,,5.301054816718486e-06,,2.7049739637074856e-06,,5.309023950447776e-06,
704,Bird_Aspen_DH37_mic_to_Vi_Yamaha_F335_mic,6.310757457383263e-06,,5.855539735495303e-06,,4.961192942296908e-06,,3.533661805964556e-06,,3.1276411253605814e-06,,4.702536828892777e-06,
705,Bird_Aspen_DH37_mic_to_Vi_Yamaha_F335_piezo,3.5627838818563455e-06,,3.2281324396327947e-06,,2.8525964201064345e-06,,4.8469579492919606e-06,,2.828898375587019e-06,,3.6272525750763363e-06,
706,Bird_Aspen_DH37_piezo_to_Vi_Yamaha_F335_mic,2.92288469503919e-06,,3.738004709841187e-06,,1.9858273444911095e-06,,2.725282664712386e-06,,4.980453048861599e-06,,2.752367460347098e-06,
707,Bird_Aspen_DH37_piezo_to_Vi_Yamaha_F335_piezo,4.0895004323051795e-06,,3.0554815541631466e-06,,4.856003515053302e-06,,3.6286492034574915e-06,,3.059792885108777e-06,,5.977676357591696e-06,
708,Bird_Aspen_DH37_mic_to_Vi_Yamaha_F335_mic,8.052498412911378e-06,,6.313589364011003e-06,,3.6571414959103673e-06,,3.90792871897305e-06,,4.482733384313781e-06,,2.8336040074297118e-06,
709,Bird_Aspen_DH37_mic_to_Vi_Yamaha_F335_piezo,2.909477286516496e-06,,3.4618726553414253e-06,,4.362483655445924e-06,,5.321214748056429e-06,,4.826468371296312e-06,,5.8202912909627295e-06,
710,Bird_Aspen_DH37_piezo_to_Vi_Yamaha_F335_mic,4.278809518082284e-06,,5.19333086282339e-06,,2.3009588436701343e-06,,3.340653712886083e-06,,3.5355301754364678e-06,,2.400469615173927e-06,
711,Bird_Aspen_DH37_piezo_to_Vi_Yamaha_F335_piezo,3.6671726823056874e-06,,3.961431285218051e-06,,6.169020099993469e-06,,4.875290792916901e-06,,4.79763274765985e-06,,5.849106188765961e-06,
712,Bird_Aspen_DH37_mic_to_Vi_Yamaha_F335_mic,3.6833211243484693e-06,,3.939325992769881e-06,,5.353976678446446e-06,,3.320464772866569e-06,,4.014175261069129e-06,,2.924956979314081e-06,
713,Bird_Aspen_DH37_mic_to_Vi_Yamaha_F335_piezo,3.1586665993429586e-06,,2.576465991793158e-06,,4.718783196308727e-06,,5.304279741348539e-06,,3.93668482233265e-06,,3.7146622149244993e-06,
714,Bird_Aspen_DH37_piezo_to_Vi_Yamaha_F335_mic,5.560408841094327e-06,,3.045440709816631e-06,,3.3090101536013378e-06,,3.9191541720762955e-06,,2.654277639524795e-06,,3.110661408107749e-06,
715,Bird_Aspen_DH37_piezo_to_Vi_Yamaha_F335_piezo,6.0253629917985175e-06,,4.462651092065575e-06,,3.7930841585401687e-06,,3.4456819571115754e-06,,4.708767028173703e-06,,5.30739604623997e-06,
716,Bird_Aspen_DH37_mic_to_Vi_Yamaha_F335_mic,5.7656609597492464e-06,,7.444318910746829e-06,,8.139200585757364e-06,,3.6005438969704415e-06,,3.333112956878275e-06,,4.922495170792129e-06,
717,Bird_Aspen_DH37_mic_to_Vi_Yamaha_F335_piezo,7.0153923091345196e-06,,4.886519893149877e-06,,3.7879871553912243e-06,,4.2022396081927685e-06,,4.260183457798499e-06,,5.647933335625052e-06,
718,Bird_Aspen_DH37_piezo_to_Vi_Yamaha_F335_mic,7.607439710415675e-06,,9.425727474298244e-06,,3.459437355040683e-06,,2.3741157465574464e-06,,2.8056839508586226e-06,,3.05803950685627e-06,
719,Bird_Aspen_DH37_piezo_to_Vi_Yamaha_F335_piezo,5.213808816122109e-06,,3.5303154046937703e-06,,5.185805083917771e-06,,2.530770423630247e-06,,3.7643340780630297e-06,,4.974734721284607e-06,
720,good_takamine_EG523SC_mic_to_Bird_Aspen_DH37_mic,6.251668779038702e-06,,7.747436123765276e-06,,6.343232393013375e-06,,2.624957056261405e-06,,2.6988307758387407e-06,,5.728092542247082e-06,
721,good_takamine_EG523SC_mic_to_Bird_Aspen_DH37_piezo,6.1471224277910976e-06,,3.511726382111208e-06,,6.561084522513858e-06,,1.907446819861684e-06,,1.8251860848605804e-06,,2.2242798680329304e-06,
722,good_takamine_EG523SC_piezo_to_Bird_Aspen_DH37_mic,2.941262723755241e-06,,3.135840630542355e-06,,2.692809856895697e-06,,5.007663655703945e-06,,5.009005553197726e-06,,2.7774935841945102e-06,
723,good_takamine_EG523SC_piezo_to_Bird_Aspen_DH37_piezo,5.590331827627834e-06,,5.0223048029109674e-06,,3.5651223367963347e-06,,3.166982414835053e-06,,2.752633525738768e-06,,2.411874083880207e-06,
724,good_takamine_EG523SC_mic_to_Bird_Aspen_DH37_mic,5.175354278997605e-06,,8.26582613704446e-06,,5.518344974803838e-06,,2.310549752755344e-06,,2.6175059668324794e-06,,5.062530814693857e-06,
725,good_takamine_EG523SC_mic_to_Bird_Aspen_DH37_piezo,5.9345956213164515e-06,,3.6026382394936317e-06,,8.225919757383789e-06,,2.6009666985137846e-06,,1.881183892997809e-06,,2.5781967269836356e-06,
726,good_takamine_EG523SC_piezo_to_Bird_Aspen_DH37_mic,3.4908743345064713e-06,,3.183897901164835e-06,,3.839222520817483e-06,,2.8441827994319116e-06,,2.032003828739198e-06,,2.865998557630673e-06,
727,good_takamine_EG523SC_piezo_to_Bird_Aspen_DH37_piezo,3.1091326665926763e-06,,3.0487819799490812e-06,,2.3243427241482315e-06,,2.437024185439446e-06,,2.65179406057828e-06,,2.3690186285817955e-06,
728,good_takamine_EG523SC_mic_to_Bird_Aspen_DH37_mic,4.528181085010566e-06,,4.858558909547258e-06,,5.613428233536647e-06,,2.7858817425159853e-06,,2.8025695920866166e-06,,3.612079747482554e-06,
729,good_takamine_EG523SC_mic_to_Bird_Aspen_DH37_piezo,4.7927749093265e-06,,5.544573206883685e-06,,3.8600411933056765e-06,,2.0964775575206156e-06,,2.6083926084088435e-06,,2.339064240016681e-06,
730,good_takamine_EG523SC_piezo_to_Bird_Aspen_DH37_mic,2.5464432736138067e-06,,4.678259154485728e-06,,4.358424607088555e-06,,1.955613758620273e-06,,2.2118431441673084e-06,,2.682947758726435e-06,
731,good_takamine_EG523SC_piezo_to_Bird_Aspen_DH37_piezo,3.696351991073238e-06,,6.6967666874892055e-06,,3.4154187633104676e-06,,1.9202505670088735e-06,,2.147160127958074e-06,,2.3031486177171304e-06,
732,good_takamine_EG523SC_mic_to_Bird_Aspen_DH37_mic,8.38884961792432e-06,,9.79640605278241e-06,,6.4419566855070735e-06,,2.2613703275820727e-06,,2.1465221909550207e-06,,5.128594622557031e-06,
733,good_takamine_EG523SC_mic_to_Bird_Aspen_DH37_piezo,5.950477751108388e-06,,8.04724240362007e-06,,3.6944313119711448e-06,,1.8011577259986451e-06,,1.7978302052089609e-06,,1.8699779728084106e-06,
734,good_takamine_EG523SC_piezo_to_Bird_Aspen_DH37_mic,2.3831526923660375e-06,,2.1406245997396875e-06,,3.5352442770797736e-06,,2.1612502460152323e-06,,2.2924368828363773e-06,,2.0254667985201913e-06,
735,good_takamine_EG523SC_piezo_to_Bird_Aspen_DH37_piezo,4.189321148665953e-06,,6.868207733286945e-06,,3.496704816811142e-06,,1.8077150631125493e-06,,2.10580145070897e-06,,1.8916521006240563e-06,
736,good_takamine_EG523SC_mic_to_Bird_Aspen_DH37_mic,8.173795162062816e-06,,9.098851214368595e-06,,9.456474080907195e-06,,2.589268549138175e-06,,2.4603659222064677e-06,,4.726263850869898e-06,
737,good_takamine_EG523SC_mic_to_Bird_Aspen_DH37_piezo,5.019211053053115e-06,,5.469445795287251e-06,,4.850964050563053e-06,,2.2851038237304e-06,,1.9271850618995755e-06,,2.1364663119966597e-06,
738,good_takamine_EG523SC_piezo_to_Bird_Aspen_DH37_mic,6.940547811579735e-06,,3.0032562861808624e-06,,5.0390921940038125e-06,,4.835298258279113e-06,,2.103677128377849e-06,,2.891111194912318e-06,
739,good_takamine_EG523SC_piezo_to_Bird_Aspen_DH37_piezo,4.215421021706275e-06,,5.949682121681298e-06,,4.443762653987524e-06,,1.868287808181405e-06,,1.8042188884482684e-06,,1.8550112491345618e-06,
740,good_takamine_EG523SC_mic_to_Bird_Aspen_DH37_mic,9.321703866813271e-06,,7.372932215785147e-06,,6.74052534315946e-06,,2.1798674287550232e-06,,2.1748456608186916e-06,,2.5179027603352556e-06,
741,good_takamine_EG523SC_mic_to_Bird_Aspen_DH37_piezo,7.318928926869096e-06,,5.061099229195231e-06,,3.675185832314284e-06,,2.586952269341361e-06,,2.2255136821530055e-06,,2.2744444922290477e-06,
742,good_takamine_EG523SC_piezo_to_Bird_Aspen_DH37_mic,2.6163442383171922e-06,,3.142054042190217e-06,,5.032387404112731e-06,,2.296354416171798e-06,,2.3965064124082955e-06,,2.257065223194647e-06,
743,good_takamine_EG523SC_piezo_to_Bird_Aspen_DH37_piezo,4.420634408596292e-06,,6.422737423110558e-06,,3.890802354976341e-06,,2.8607504988431256e-06,,2.33515216935515e-06,,1.9157177547917543e-06,
744,good_takamine_EG523SC_mic_to_Bird_Aspen_DH37_mic,6.197111912246347e-06,,5.747155878338973e-06,,7.13910065128804e-06,,3.9505896189091376e-06,,3.303801955557008e-06,,5.347361666073231e-06,
745,good_takamine_EG523SC_mic_to_Bird_Aspen_DH37_piezo,2.8586532286963644e-06,,2.638085712960094e-06,,3.33318956745215e-06,,3.5976624755114544e-06,,3.9027951659829515e-06,,4.706931749588418e-06,
746,good_takamine_EG523SC_piezo_to_Bird_Aspen_DH37_mic,3.9734337485258185e-06,,4.1173009626128625e-06,,4.021926695583732e-06,,3.836849242778076e-06,,4.94789107714258e-06,,4.194751970388999e-06,
747,good_takamine_EG523SC_piezo_to_Bird_Aspen_DH37_piezo,2.7794328386716394e-06,,2.2584892156452426e-06,,5.0150506591019e-06,,1.7946369034054267e-06,,1.918671603935064e-06,,1.6667377530705702e-06,
748,good_takamine_EG523SC_mic_to_Bird_Aspen_DH37_mic,5.589485614763344e-06,,6.0409044993675085e-06,,8.112130306198364e-06,,5.091622483431729e-06,,3.7879183016867866e-06,,5.1808622357227784e-06,
749,good_takamine_EG523SC_mic_to_Bird_Aspen_DH37_piezo,2.3941081565598384e-06,,2.238704057638133e-06,,3.0162245434635775e-06,,3.180350261797809e-06,,3.3821976052411233e-06,,4.783416164425694e-06,
750,good_takamine_EG523SC_piezo_to_Bird_Aspen_DH37_mic,7.106028908714493e-06,,4.262803556225341e-06,,3.3362555553498415e-06,,3.4239978891335703e-06,,3.7132577945821036e-06,,4.358416583561323e-06,
751,good_takamine_EG523SC_piezo_to_Bird_Aspen_DH37_piezo,2.428694968376616e-06,,2.07329164661317e-06,,3.4116925846385422e-06,,2.3657256597268407e-06,,2.4850634797160727e-06,,2.0936668766965826e-06,
752,good_takamine_EG523SC_mic_to_Bird_Aspen_DH37_mic,4.696072290541138e-06,,9.749227374534134e-06,,9.240686440813868e-06,,2.4827700836723627e-06,,5.206568887488364e-06,,3.6940349266446607e-06,
753,good_takamine_EG523SC_mic_to_Bird_Aspen_DH37_piezo,3.0001158923946156e-06,,2.686251306344117e-06,,2.2129922365999907e-06,,2.972735586215336e-06,,3.689807109232777e-06,,4.428141169756777e-06,
754,good_takamine_EG523SC_piezo_to_Bird_Aspen_DH37_mic,4.925592603192897e-06,,3.3239052124832813e-06,,2.9673752792698032e-06,,2.9790723468485545e-06,,2.421296403637402e-06,,3.0555710011634987e-06,
755,good_takamine_EG523SC_piezo_to_Bird_Aspen_DH37_piezo,3.429524479134996e-06,,2.632913441476458e-06,,5.105819664754938e-06,,1.8809649249669742e-06,,2.5255625927619216e-06,,1.8582063469313644e-06,
756,good_takamine_EG523SC_mic_to_Bird_Aspen_DH37_mic,4.055315180324199e-06,,3.955034041425651e-06,,7.961592123485494e-06,,6.0091885938236265e-06,,3.328269161459791e-06,,4.192026162485659e-06,
757,good_takamine_EG523SC_mic_to_Bird_Aspen_DH37_piezo,2.961205981108525e-06,,2.6814554082849386e-06,,4.135618769518653e-06,,3.4366713085991256e-06,,4.274542348025323e-06,,2.466632391482621e-06,
758,good_takamine_EG523SC_piezo_to_Bird_Aspen_DH37_mic,6.844041616329259e-06,,5.5678959376589125e-06,,2.0308319367369046e-06,,5.24799464085415e-06,,4.867839216628444e-06,,2.9888706629866998e-06,
759,good_takamine_EG523SC_piezo_to_Bird_Aspen_DH37_piezo,7.508677512726841e-06,,3.7033367722803833e-06,,7.919122095957273e-06,,3.0883536119462395e-06,,2.1847862273042986e-06,,2.103171268411791e-06,
760,good_takamine_EG523SC_mic_to_Bird_Aspen_DH37_mic,4.2741773916224976e-06,,4.186028873166185e-06,,6.51811996680453e-06,,2.8658173609270462e-06,,2.6533036958425674e-06,,5.478760360929921e-06,
761,good_takamine_EG523SC_mic_to_Bird_Aspen_DH37_piezo,3.28107657422566e-06,,2.9726197809772747e-06,,4.0166055015808005e-06,,3.302102533810606e-06,,4.043543422656373e-06,,2.9668308250669906e-06,
762,good_takamine_EG523SC_piezo_to_Bird_Aspen_DH37_mic,3.8594007705861696e-06,,5.507980159960689e-06,,6.125736710887248e-06,,2.558211885891367e-06,,2.4861563008332897e-06,,2.5888726401880982e-06,
763,good_takamine_EG523SC_piezo_to_Bird_Aspen_DH37_piezo,5.210339185245553e-06,,4.864391844811424e-06,,6.092188425485039e-06,,2.3800038750686586e-06,,1.8398410217843993e-06,,1.868350587312851e-06,
764,good_takamine_EG523SC_mic_to_Bird_Aspen_DH37_mic,4.117101371966825e-06,,4.3174160506117805e-06,,9.733147079719087e-06,,3.1841443432167402e-06,,2.481434544721855e-06,,4.808654067543735e-06,
765,good_takamine_EG523SC_mic_to_Bird_Aspen_DH37_piezo,2.632705922443926e-06,,2.517748877197565e-06,,3.831070185593683e-06,,3.390583947550928e-06,,3.8017617663351533e-06,,2.697575225940646e-06,
766,good_takamine_EG523SC_piezo_to_Bird_Aspen_DH37_mic,2.8597623592762603e-06,,3.926605601837707e-06,,7.290859066476951e-06,,3.4297328191346055e-06,,2.8547559505717462e-06,,4.7566478760539864e-06,
767,good_takamine_EG523SC_piezo_to_Bird_Aspen_DH37_piezo,5.3738835283019654e-06,,2.9492159373096873e-06,,7.219413981368392e-06,,1.749000113229809e-06,,3.4849126608509103e-06,,2.0184361862297405e-06,
768,good_takamine_EG523SC_mic_to_Bird_Aspen_DH37_mic,8.27531793011757e-06,,5.961593983240102e-06,,4.102206451454555e-06,,2.3518815740599836e-06,,2.1687493714500398e-06,,3.4871515213469308e-06,
769,good_takamine_EG523SC_mic_to_Bird_Aspen_DH37_piezo,3.123804871544388e-06,,3.366614787696875e-06,,4.621810994843869e-06,,1.8215896963670668e-06,,1.9068454339816547e-06,,1.9290435482921697e-06,
770,good_takamine_EG523SC_piezo_to_Bird_Aspen_DH37_mic,3.0439101985208936e-06,,6.371928174074176e-06,,3.011152389998523e-06,,2.663828826932975e-06,,2.3665246278199874e-06,,2.306741072228825e-06,
771,good_takamine_EG523SC_piezo_to_Bird_Aspen_DH37_piezo,3.927808613293037e-06,,5.941901280966297e-06,,2.9504797371546674e-06,,2.4508546823729734e-06,,3.1307978727229126e-06,,2.5317421837714086e-06,
772,good_takamine_EG523SC_mic_to_Bird_Aspen_DH37_mic,3.1698985558507966e-06,,5.553495133902428e-06,,4.1977199729597905e-06,,3.991194601156048e-06,,2.2740804136184767e-06,,3.6557252854449288e-06,
773,good_takamine_EG523SC_mic_to_Bird_Aspen_DH37_piezo,2.457191181142069e-06,,3.6520158761243956e-06,,2.529283281695851e-06,,3.034533608223288e-06,,1.7435106409809236e-06,,4.580808576342426e-06,
774,good_takamine_EG523SC_piezo_to_Bird_Aspen_DH37_mic,2.5927514234405766e-06,,2.0779479372812973e-06,,2.4075334660105713e-06,,2.374539213688261e-06,,2.634864238049572e-06,,1.9124602391153377e-06,
775,good_takamine_EG523SC_piezo_to_Bird_Aspen_DH37_piezo,3.983826372788706e-06,,4.779650660447225e-06,,3.850526363759128e-06,,3.0169909508315412e-06,,3.4822453446752043e-06,,2.788237561361819e-06,
776,good_takamine_EG523SC_mic_to_Bird_Aspen_DH37_mic,3.242164618433947e-06,,3.10246960499313e-06,,7.291914714551697e-06,,2.8450256023242038e-06,,2.2643486245568838e-06,,3.398558582577553e-06,
777,good_takamine_EG523SC_mic_to_Bird_Aspen_DH37_piezo,7.547206857251141e-06,,6.832938579844307e-06,,8.099973546659702e-06,,1.9326773456540416e-06,,1.7975219297879962e-06,,2.380357018416582e-06,
778,good_takamine_EG523SC_piezo_to_Bird_Aspen_DH37_mic,3.164362039437059e-06,,2.2078836953674517e-06,,4.322330438346023e-06,,2.5327899684418756e-06,,2.4007387730223164e-06,,2.022237055536522e-06,
779,good_takamine_EG523SC_piezo_to_Bird_Aspen_DH37_piezo,1.9826863816607993e-06,,6.983255040654604e-06,,2.3714578599254587e-06,,2.300848743963922e-06,,2.8380602466422928e-06,,2.3693003168071515e-06,
780,good_takamine_EG523SC_mic_to_Bird_Aspen_DH37_mic,4.601046702013755e-06,,5.889235188277666e-06,,6.707570783064284e-06,,2.1644341391821378e-06,,2.1241727608971873e-06,,4.1297837230649515e-06,
781,good_takamine_EG523SC_mic_to_Bird_Aspen_DH37_piezo,5.738192998625263e-06,,3.783009500196645e-06,,8.327363929098583e-06,,2.0877150827030312e-06,,2.6576381242190444e-06,,1.9516275973070123e-06,
782,good_takamine_EG523SC_piezo_to_Bird_Aspen_DH37_mic,2.1669090983373187e-06,,2.3866908339592932e-06,,2.6421159754159488e-06,,2.9730768688903344e-06,,2.336880074063677e-06,,2.5651053722363195e-06,
783,good_takamine_EG523SC_piezo_to_Bird_Aspen_DH37_piezo,4.5423555327299365e-06,,4.997706780569852e-06,,4.59176798806737e-06,,1.6805985468083946e-06,,2.451757864502765e-06,,1.8604404610743874e-06,
784,good_takamine_EG523SC_mic_to_Bird_Aspen_DH37_mic,6.191116978699323e-06,,6.470318036131087e-06,,3.5062851492321866e-06,,2.7608049157724547e-06,,2.2688585178789243e-06,,2.884644383923802e-06,
785,good_takamine_EG523SC_mic_to_Bird_Aspen_DH37_piezo,5.929980947953401e-06,,7.3934552810448245e-06,,4.289359250508887e-06,,2.4444259777059346e-06,,2.214793079530525e-06,,1.7861606767874901e-06,
786,good_takamine_EG523SC_piezo_to_Bird_Aspen_DH37_mic,2.820355162495506e-06,,4.4250181800477035e-06,,3.355381760090643e-06,,2.7534849238331137e-06,,2.0046434587263982e-06,,3.2953627783534644e-06,
787,good_takamine_EG523SC_piezo_to_Bird_Aspen_DH37_piezo,3.924782031850714e-06,,2.9398377386967868e-06,,3.2905467760474003e-06,,1.707543649828238e-06,,1.958222779446037e-06,,1.9662184160787328e-06,
788,good_takamine_EG523SC_mic_to_Bird_Aspen_DH37_mic,7.769587975096083e-06,,5.648735710225986e-06,,3.6466058879254265e-06,,1.8648779700658943e-06,,2.08100899233495e-06,,4.025281313981545e-06,
789,good_takamine_EG523SC_mic_to_Bird_Aspen_DH37_piezo,5.7595888742558175e-06,,4.451101647173955e-06,,4.37247416545742e-06,,2.601652902122647e-06,,1.851321381784468e-06,,2.228620145827045e-06,
790,good_takamine_EG523SC_piezo_to_Bird_Aspen_DH37_mic,5.947225719244764e-06,,5.552054458852374e-06,,4.739078446423181e-06,,2.3423748935575985e-06,,5.292758198676915e-06,,3.3947569129208155e-06,
791,good_takamine_EG523SC_piezo_to_Bird_Aspen_DH37_piezo,3.632225255650624e-06,,5.700100289461881e-06,,3.1822820678864673e-06,,2.9601579358648867e-06,,2.750155619122127e-06,,1.7998701439207874e-06,
792,good_takamine_EG523SC_mic_to_Bird_Aspen_DH37_mic,5.1020808124885255e-06,,5.818079977889608e-06,,7.413218056413695e-06,,3.938019642507782e-06,,2.981448532473618e-06,,3.5949016731948355e-06,
793,good_takamine_EG523SC_mic_to_Bird_Aspen_DH37_piezo,2.2229173736461453e-06,,2.379186458426859e-06,,3.073357574618531e-06,,3.127218170825848e-06,,3.120670233956308e-06,,4.589303273343435e-06,
794,good_takamine_EG523SC_piezo_to_Bird_Aspen_DH37_mic,3.3123016095455937e-06,,4.609808211240415e-06,,5.665698335544674e-06,,3.539227468597155e-06,,4.2411732962753745e-06,,4.653286275307504e-06,
795,good_takamine_EG523SC_piezo_to_Bird_Aspen_DH37_piezo,2.3948518776095084e-06,,2.0475702989118747e-06,,3.373116002179009e-06,,1.8293481035384568e-06,,1.993911616563275e-06,,1.728595351912836e-06,
796,good_takamine_EG523SC_mic_to_Bird_Aspen_DH37_mic,6.027146640992721e-06,,5.1426283813296085e-06,,8.061041902476268e-06,,3.0481810378155682e-06,,3.1797241299968866e-06,,3.6489066943178362e-06,
797,good_takamine_EG523SC_mic_to_Bird_Aspen_DH37_piezo,2.158542899567102e-06,,2.3649248871791968e-06,,3.113220216407216e-06,,3.339473170792348e-06,,3.6944389608315043e-06,,4.767631835169276e-06,
798,good_takamine_EG523SC_piezo_to_Bird_Aspen_DH37_mic,5.421870935877416e-06,,4.754752984459545e-06,,3.573717352528368e-06,,3.625260828249173e-06,,3.4163594562710593e-06,,3.557172401436465e-06,
799,good_takamine_EG523SC_piezo_to_Bird_Aspen_DH37_piezo,2.223598132280788e-06,,1.9716746208224715e-06,,2.781270307781885e-06,,2.24325339186755e-06,,2.3485577276547128e-06,,1.7657556859906632e-06,
800,good_takamine_EG523SC_mic_to_Bird_Aspen_DH37_mic,3.7995819672642158e-06,,6.5985148593220625e-06,,3.921073976818405e-06,,3.2171305495611456e-06,,3.199954983170317e-06,,3.0811961810004335e-06,
801,good_takamine_EG523SC_mic_to_Bird_Aspen_DH37_piezo,2.838942399641443e-06,,2.5401314392434833e-06,,3.2550578575632916e-06,,3.65077541859947e-06,,3.654766937750279e-06,,3.7922009499551815e-06,
802,good_takamine_EG523SC_piezo_to_Bird_Aspen_DH37_mic,2.7538072774145733e-06,,4.163814020309464e-06,,3.637224335104523e-06,,2.747794528164799e-06,,2.1572672672692722e-06,,3.118203143867124e-06,
803,good_takamine_EG523SC_piezo_to_Bird_Aspen_DH37_piezo,6.544381203950917e-06,,4.602556267670805e-06,,6.8400071051389435e-06,,1.936816571377783e-06,,2.46588982218039e-06,,2.0390183177150476e-06,
804,good_takamine_EG523SC_mic_to_Bird_Aspen_DH37_mic,4.233993689274681e-06,,4.272116077703718e-06,,7.28411887047969e-06,,3.5322425073292307e-06,,2.8947873080711918e-06,,4.692910638776855e-06,
805,good_takamine_EG523SC_mic_to_Bird_Aspen_DH37_piezo,3.1677388909389814e-06,,2.8010827624743555e-06,,7.605111916923803e-06,,2.786706545435822e-06,,4.058534719671813e-06,,2.368054996823673e-06,
806,good_takamine_EG523SC_piezo_to_Bird_Aspen_DH37_mic,2.61383672068015e-06,,2.3288703356703685e-06,,2.730135508984859e-06,,4.969703144812269e-06,,4.645803095130998e-06,,2.98438170074314e-06,
807,good_takamine_EG523SC_piezo_to_Bird_Aspen_DH37_piezo,6.5235923272542525e-06,,3.701767093897617e-06,,6.976900194475123e-06,,3.594316982914191e-06,,1.9949116668684094e-06,,3.1077341699274423e-06,
808,good_takamine_EG523SC_mic_to_Bird_Aspen_DH37_mic,5.0586269153594e-06,,4.476243103581428e-06,,6.5148713434074084e-06,,2.6390322837188755e-06,,2.5846027450498804e-06,,5.581781234079036e-06,
809,good_takamine_EG523SC_mic_to_Bird_Aspen_DH37_piezo,2.9677097471142748e-06,,2.855070891971449e-06,,4.203341131726407e-06,,3.6241322596890494e-06,,3.93899451663384e-06,,2.7244802806195347e-06,
810,good_takamine_EG523SC_piezo_to_Bird_Aspen_DH37_mic,3.4720589350472987e-06,,5.740553125786973e-06,,5.972651163817446e-06,,4.432921332116023e-06,,2.641819068401845e-06,,2.5345618780430465e-06,
811,good_takamine_EG523SC_piezo_to_Bird_Aspen_DH37_piezo,4.455706066941882e-06,,6.258757857543768e-06,,5.613613809930189e-06,,1.9871499424603308e-06,,1.904784802722465e-06,,2.035026825679587e-06,
812,good_takamine_EG523SC_mic_to_Bird_Aspen_DH37_mic,4.654447149568356e-06,,6.1799442109511155e-06,,8.196772953836783e-06,,3.5491840031179438e-06,,2.636511968940572e-06,,4.30857552780586e-06,
813,good_takamine_EG523SC_mic_to_Bird_Aspen_DH37_piezo,4.091241112404213e-06,,2.512956669734952e-06,,3.041128668334246e-06,,1.9478977901800015e-06,,3.8016506321621962e-06,,2.9857295887239542e-06,
814,good_takamine_EG523SC_piezo_to_Bird_Aspen_DH37_mic,6.243221881790528e-06,,5.136246014174464e-06,,5.5468138197325025e-06,,3.483338021828503e-06,,2.497071342557842e-06,,2.446934547894893e-06,
815,good_takamine_EG523SC_piezo_to_Bird_Aspen_DH37_piezo,4.630851199950186e-06,,6.242448905807514e-06,,5.679140318287792e-06,,2.083788425954091e-06,,2.290932506883036e-06,,1.8283642205872458e-06,
816,good_takamine_EG523SC_mic_to_Bird_Aspen_DH37_mic,8.877104021176816e-06,,3.857210109123856e-06,,4.415999826379917e-06,,2.3937062998503416e-06,,2.171117836947409e-06,,2.864948474140831e-06,
817,good_takamine_EG523SC_mic_to_Bird_Aspen_DH37_piezo,4.3405224399788024e-06,,3.6082342261777883e-06,,4.9240775670766095e-06,,1.8729226177192513e-06,,2.0679522097122494e-06,,2.049383082737297e-06,
818,good_takamine_EG523SC_piezo_to_Bird_Aspen_DH37_mic,5.902077391621542e-06,,3.9793682768849835e-06,,2.5659906043219025e-06,,3.6826931458498408e-06,,4.7259967920155485e-06,,5.499799158099941e-06,
819,good_takamine_EG523SC_piezo_to_Bird_Aspen_DH37_piezo,2.8339048326733834e-06,,6.532049800302357e-06,,4.59301740305596e-06,,2.5115474315860323e-06,,2.4062348337673784e-06,,2.0645936772785183e-06,
820,good_takamine_EG523SC_mic_to_Bird_Aspen_DH37_mic,5.6136528253988174e-06,,8.035776837240521e-06,,8.59262476416343e-06,,2.344527138131969e-06,,2.0755731962935124e-06,,4.7580844344077925e-06,
821,good_takamine_EG523SC_mic_to_Bird_Aspen_DH37_piezo,4.575721173490909e-06,,3.064610120269306e-06,,3.770182540973507e-06,,2.2550806204190393e-06,,2.555294847349178e-06,,3.011874946122143e-06,
822,good_takamine_EG523SC_piezo_to_Bird_Aspen_DH37_mic,2.8181338125015816e-06,,2.727194600525508e-06,,6.638454739263621e-06,,3.4447453698710742e-06,,3.4717514043659422e-06,,5.268499628566781e-06,
823,good_takamine_EG523SC_piezo_to_Bird_Aspen_DH37_piezo,4.5269650869863985e-06,,2.8103712520701933e-06,,5.008005223146403e-06,,1.5547785034889737e-06,,2.1691069452639005e-06,,2.094686838738126e-06,
824,good_takamine_EG523SC_mic_to_Bird_Aspen_DH37_mic,4.555473673039401e-06,,5.170527948950081e-06,,3.437997184864987e-06,,3.1110556908344496e-06,,1.9455611193089804e-06,,4.412215238383763e-06,
825,good_takamine_EG523SC_mic_to_Bird_Aspen_DH37_piezo,2.592066371826333e-06,,5.281688596134732e-06,,3.557974873020618e-06,,2.960524506352687e-06,,1.9137867840834384e-06,,2.940120181045948e-06,
826,good_takamine_EG523SC_piezo_to_Bird_Aspen_DH37_mic,6.218375460887217e-06,,8.16817334651533e-06,,6.202239975930558e-06,,3.830165905424926e-06,,2.8398228500850552e-06,,4.563119386909521e-06,
827,good_takamine_EG523SC_piezo_to_Bird_Aspen_DH37_piezo,4.642554266768695e-06,,3.103829451795596e-06,,3.658529157588371e-06,,2.1610212661222963e-06,,1.8944237033069888e-06,,2.2880091561595947e-06,
828,good_takamine_EG523SC_mic_to_Bird_Aspen_DH37_mic,8.97952061198327e-06,,7.232578369712545e-06,,6.017750291690771e-06,,2.061046011506282e-06,,2.6386683015795932e-06,,4.336282713429181e-06,
829,good_takamine_EG523SC_mic_to_Bird_Aspen_DH37_piezo,4.903659528155358e-06,,5.124786079117568e-06,,3.6966962159849634e-06,,2.3050168662141426e-06,,2.2686953859074705e-06,,2.410262795399062e-06,
830,good_takamine_EG523SC_piezo_to_Bird_Aspen_DH37_mic,4.299631621672592e-06,,5.767421373320722e-06,,3.8824231192389116e-06,,2.943416454188045e-06,,3.857475149620951e-06,,2.4037579405860185e-06,
831,good_takamine_EG523SC_piezo_to_Bird_Aspen_DH37_piezo,5.168068295159268e-06,,4.21262001224141e-06,,6.3113333890026935e-06,,2.2306573583366602e-06,,2.038506988713904e-06,,1.7458411426309843e-06,
832,good_takamine_EG523SC_mic_to_Bird_Aspen_DH37_mic,6.858587019260224e-06,,6.575233342131825e-06,,8.870976051749325e-06,,2.9015121308628266e-06,,1.767907108198211e-06,,4.5302811891463714e-06,
833,good_takamine_EG523SC_mic_to_Bird_Aspen_DH37_piezo,4.7314462956056015e-06,,5.369683752828352e-06,,3.2233756533238296e-06,,2.3863565258573463e-06,,2.119409916162784e-06,,2.342082077209429e-06,
834,good_takamine_EG523SC_piezo_to_Bird_Aspen_DH37_mic,3.3284960334387185e-06,,2.4039692092264227e-06,,2.992716687557482e-06,,4.591634190153383e-06,,3.1964990106632524e-06,,2.608735740823089e-06,
835,good_takamine_EG523SC_piezo_to_Bird_Aspen_DH37_piezo,3.6502312954784698e-06,,6.9240693197781096e-06,,5.5687729171843405e-06,,1.6719612838241405e-06,,2.709921514145072e-06,,1.7487674328734207e-06,
836,good_takamine_EG523SC_mic_to_Bird_Aspen_DH37_mic,6.77542057913479e-06,,9.181810400343866e-06,,4.651759959612848e-06,,1.9344463657418493e-06,,2.0092584074561806e-06,,3.222753068434322e-06,
837,good_takamine_EG523SC_mic_to_Bird_Aspen_DH37_piezo,5.46517481682945e-06,,6.231573898955412e-06,,5.58727798150788e-06,,2.030377919714867e-06,,1.8076042556457164e-06,,1.940429910211887e-06,
838,good_takamine_EG523SC_piezo_to_Bird_Aspen_DH37_mic,7.48392406707665e-06,,4.170271844226569e-06,,6.7932409563734386e-06,,2.643819020627576e-06,,2.346478242795167e-06,,2.8567130486653118e-06,
839,good_takamine_EG523SC_piezo_to_Bird_Aspen_DH37_piezo,3.480183625034471e-06,,5.724575721810136e-06,,7.003196947326118e-06,,3.827366696558798e-06,,3.5240022535684727e-06,,1.7552621821623662e-06,
840,good_takamine_EG523SC_mic_to_Bird_Aspen_DH37_mic,2.659634561829106e-06,,5.2100611918304606e-06,,4.138724038103682e-06,,5.012060231634674e-06,,3.209345177403952e-06,,4.779572114476107e-06,
841,good_takamine_EG523SC_mic_to_Bird_Aspen_DH37_piezo,1.8302790095217874e-06,,2.139633631147547e-06,,2.0240371433795302e-06,,2.5895805006146615e-06,,3.0433056829609566e-06,,3.3625676588091176e-06,
842,good_takamine_EG523SC_piezo_to_Bird_Aspen_DH37_mic,2.4129358222430162e-06,,3.1722452110802234e-06,,3.334949779067481e-06,,5.6779114201772e-06,,4.053097830957894e-06,,5.526413631977286e-06,
843,good_takamine_EG523SC_piezo_to_Bird_Aspen_DH37_piezo,3.820809499840749e-06,,3.0017507457550894e-06,,8.644380947410317e-06,,1.7078872946127731e-06,,2.1596870079753697e-06,,1.947431047792518e-06,
844,good_takamine_EG523SC_mic_to_Bird_Aspen_DH37_mic,3.7327773828041303e-06,,8.613665802292162e-06,,4.476236150151628e-06,,2.1843538188034897e-06,,2.2680728303433713e-06,,3.2886545364124193e-06,
845,good_takamine_EG523SC_mic_to_Bird_Aspen_DH37_piezo,1.8070579396403578e-06,,2.2341422567420355e-06,,1.9143350164948964e-06,,2.728930078321366e-06,,3.3041761213623333e-06,,3.2360652156295474e-06,
846,good_takamine_EG523SC_piezo_to_Bird_Aspen_DH37_mic,2.9800166536349804e-06,,3.1032865383014244e-06,,3.459841948500415e-06,,4.4266675439712825e-06,,2.4508066344204363e-06,,4.382136353726951e-06,
847,good_takamine_EG523SC_piezo_to_Bird_Aspen_DH37_piezo,4.517587945884315e-06,,2.798468286420389e-06,,6.167291835229351e-06,,2.6870945481794424e-06,,2.625488316478808e-06,,1.9222373915869665e-06,
848,good_takamine_EG523SC_mic_to_Bird_Aspen_DH37_mic,3.930785229041497e-06,,4.995904993517047e-06,,5.877755938896714e-06,,3.5430223002052846e-06,,3.9940442917580395e-06,,3.573992535493654e-06,
849,good_takamine_EG523SC_mic_to_Bird_Aspen_DH37_piezo,2.2416555601948136e-06,,2.7098719271384946e-06,,2.8272337738063104e-06,,3.6551897132464155e-06,,4.5444615845294005e-06,,4.01271313914223e-06,
850,good_takamine_EG523SC_piezo_to_Bird_Aspen_DH37_mic,2.8399727532157356e-06,,2.8168440931241285e-06,,6.748880542529149e-06,,5.109553507062903e-06,,3.6396244493597877e-06,,3.509179333461836e-06,
851,good_takamine_EG523SC_piezo_to_Bird_Aspen_DH37_piezo,5.367230516862268e-06,,6.037677490698137e-06,,6.921925645809508e-06,,2.5485390906051584e-06,,2.807248154809455e-06,,2.3053976316877047e-06,
852,good_takamine_EG523SC_mic_to_Bird_Aspen_DH37_mic,3.4783378793585805e-06,,3.2962702406817143e-06,,8.146004447214062e-06,,5.7939045044140136e-06,,4.845384568688713e-06,,4.981997111250091e-06,
853,good_takamine_EG523SC_mic_to_Bird_Aspen_DH37_piezo,2.6541623225639904e-06,,2.6775040399662246e-06,,3.4114755004738196e-06,,4.809707969027561e-06,,4.641229329190253e-06,,3.1961059027807e-06,
854,good_takamine_EG523SC_piezo_to_Bird_Aspen_DH37_mic,3.52081480278224e-06,,3.078625192059056e-06,,4.590722602009392e-06,,2.800519814668305e-06,,3.0747893316205085e-06,,4.319198010879413e-06,
855,good_takamine_EG523SC_piezo_to_Bird_Aspen_DH37_piezo,4.4756162384286755e-06,,3.68570599462964e-06,,6.0989550294302536e-06,,2.0362536613598533e-06,,2.0757319566378397e-06,,1.98732575306077e-06,
856,good_takamine_EG523SC_mic_to_Bird_Aspen_DH37_mic,3.9907879435140024e-06,,3.881135515635186e-06,,3.6116292290517134e-06,,3.486791450380429e-06,,2.572134335205431e-06,,2.567729085317114e-06,
857,good_takamine_EG523SC_mic_to_Bird_Aspen_DH37_piezo,2.8220808256576227e-06,,2.7628785574526166e-06,,3.1660147705223888e-06,,4.623156689625647e-06,,4.60181794792435e-06,,3.224547269548007e-06,
858,good_takamine_EG523SC_piezo_to_Bird_Aspen_DH37_mic,3.54513232234883e-06,,3.703750294447631e-06,,3.6228045881662014e-06,,2.2820395625145243e-06,,2.431872262104303e-06,,2.2124364691189266e-06,
859,good_takamine_EG523SC_piezo_to_Bird_Aspen_DH37_piezo,6.119901671353664e-06,,4.393919575147667e-06,,3.283792971866583e-06,,2.211742992106925e-06,,2.057340335732964e-06,,2.3627024773909843e-06,
860,good_takamine_EG523SC_mic_to_Bird_Aspen_DH37_mic,5.637103725007537e-06,,6.038645067571289e-06,,3.7002014568212534e-06,,3.3144793831358108e-06,,3.844735270293267e-06,,3.2681630835217337e-06,
861,good_takamine_EG523SC_mic_to_Bird_Aspen_DH37_piezo,2.527435636438459e-06,,3.0430687545244427e-06,,5.678405404084496e-06,,2.7277736168771365e-06,,3.931897504544686e-06,,2.935700376726909e-06,
862,good_takamine_EG523SC_piezo_to_Bird_Aspen_DH37_mic,2.8982453145724404e-06,,4.596465074785581e-06,,2.3849004767582396e-06,,2.4079737878706855e-06,,5.065892890456766e-06,,3.966003222711833e-06,
863,good_takamine_EG523SC_piezo_to_Bird_Aspen_DH37_piezo,6.1537120619683e-06,,5.657264289178814e-06,,2.703186444130998e-06,,2.321892509875792e-06,,2.3801135597734047e-06,,3.242316670022099e-06,
864,good_takamine_EG523SC_mic_to_AJ_JJasmine_JF37CD_mic,2.0460224280172626e-06,,2.3719867909896585e-06,,1.8139901981908066e-06,,3.254534172454944e-06,,3.321192125281073e-06,,3.6875404515820587e-06,
865,good_takamine_EG523SC_mic_to_AJ_JJasmine_JF37CD_piezo,1.8859050369669746e-06,,2.4698230817081715e-06,,1.7285749388879093e-06,,1.7717356615673996e-06,,2.470063556525158e-06,,3.4675987492592625e-06,
866,good_takamine_EG523SC_piezo_to_AJ_JJasmine_JF37CD_mic,2.6165309797328606e-06,,2.5607537616672705e-06,,2.649818647824843e-06,,3.188213826047539e-06,,2.981122596047629e-06,,4.536940089333082e-06,
867,good_takamine_EG523SC_piezo_to_AJ_JJasmine_JF37CD_piezo,2.697975532395964e-06,,2.5878324876668744e-06,,3.016957442843934e-06,,2.12167640436393e-06,,2.219100412020318e-06,,3.3696196823738015e-06,
868,good_takamine_EG523SC_mic_to_AJ_JJasmine_JF37CD_mic,2.48242886564674e-06,,1.9988168647400523e-06,,2.052855052305999e-06,,2.4563297426885736e-06,,3.6647696625158192e-06,,4.375762808039312e-06,
869,good_takamine_EG523SC_mic_to_AJ_JJasmine_JF37CD_piezo,3.2194524233907322e-06,,2.554294075291843e-06,,1.7113505461082237e-06,,2.4532588016693253e-06,,2.3385367450637663e-06,,3.6434693866041065e-06,
870,good_takamine_EG523SC_piezo_to_AJ_JJasmine_JF37CD_mic,8.152091239818217e-06,,2.1794270545205123e-06,,2.099473509304768e-06,,2.713786021592637e-06,,2.4633113912074673e-06,,2.764766110274746e-06,
871,good_takamine_EG523SC_piezo_to_AJ_JJasmine_JF37CD_piezo,2.6373132020754105e-06,,3.5890052912589482e-06,,2.2082619164632864e-06,,2.2567895072686207e-06,,3.4224803845014908e-06,,2.1869186983173875e-06,
872,good_takamine_EG523SC_mic_to_AJ_JJasmine_JF37CD_mic,2.20051259388009e-06,,3.1495650907039654e-06,,1.9692483068511506e-06,,3.388237924442021e-06,,3.8270311461557305e-06,,4.913049766688778e-06,
873,good_takamine_EG523SC_mic_to_AJ_JJasmine_JF37CD_piezo,1.5638058007304052e-06,,1.7365461335757359e-06,,1.3496881745674789e-06,,2.0285449774026567e-06,,1.7857528724271046e-06,,3.801916187624066e-06,
874,good_takamine_EG523SC_piezo_to_AJ_JJasmine_JF37CD_mic,3.4304004641749604e-06,,3.600303753635168e-06,,3.7690083407709398e-06,,2.364847704035468e-06,,3.747851030596032e-06,,3.2299430015808353e-06,
875,good_takamine_EG523SC_piezo_to_AJ_JJasmine_JF37CD_piezo,3.4071362065051215e-06,,1.982618522332166e-06,,3.6349472433012694e-06,,3.1013953919101585e-06,,2.1225199492408304e-06,,2.819264962502406e-06,
876,good_takamine_EG523SC_mic_to_AJ_JJasmine_JF37CD_mic,1.7137498895519396e-06,,2.1212078579417517e-06,,1.7801961188527138e-06,,2.6628746894153984e-06,,4.0954211458980994e-06,,3.916791575117072e-06,
877,good_takamine_EG523SC_mic_to_AJ_JJasmine_JF37CD_piezo,2.58417126858571e-06,,2.5715277298452334e-06,,1.7522849525998046e-06,,2.646968411595556e-06,,2.474734253037613e-06,,2.7440347876815727e-06,
878,good_takamine_EG523SC_piezo_to_AJ_JJasmine_JF37CD_mic,1.7032784128681132e-06,,1.7057505419438116e-06,,1.923654124002288e-06,,2.5792714700541594e-06,,4.204744446127305e-06,,3.4032657522552017e-06,
879,good_takamine_EG523SC_piezo_to_AJ_JJasmine_JF37CD_piezo,1.629699590101382e-06,,2.391866309209671e-06,,1.66617762100847e-06,,1.8393259395567332e-06,,2.032855310990727e-06,,2.747857566998663e-06,
880,good_takamine_EG523SC_mic_to_AJ_JJasmine_JF37CD_mic,2.315084850285955e-06,,2.246202592127573e-06,,1.892353621562936e-06,,2.52614716456057e-06,,3.4684244615243407e-06,,5.176534421896107e-06,
881,good_takamine_EG523SC_mic_to_AJ_JJasmine_JF37CD_piezo,2.5764206340896357e-06,,2.7793749033449975e-06,,1.9066593093130509e-06,,2.9861379461340738e-06,,2.638138965867769e-06,,2.537025307858224e-06,
882,good_takamine_EG523SC_piezo_to_AJ_JJasmine_JF37CD_mic,1.9082240589326324e-06,,1.7354233781193364e-06,,1.715229042761575e-06,,2.9224278493465236e-06,,3.2071682505193957e-06,,2.837603291018066e-06,
883,good_takamine_EG523SC_piezo_to_AJ_JJasmine_JF37CD_piezo,1.9326358203667698e-06,,1.879036304717436e-06,,1.3915002984984865e-06,,1.6765545182893398e-06,,2.0470080683785247e-06,,2.701119994156977e-06,
884,good_takamine_EG523SC_mic_to_AJ_JJasmine_JF37CD_mic,2.1952472623222337e-06,,2.5845649798191e-06,,2.0768477763236617e-06,,2.873527463615105e-06,,3.577811647926601e-06,,5.495747520047078e-06,
885,good_takamine_EG523SC_mic_to_AJ_JJasmine_JF37CD_piezo,1.5630104996003856e-06,,1.4600844008379682e-06,,1.3038552409431159e-06,,1.859442869368504e-06,,1.880188255934319e-06,,3.7292144159904734e-06,
886,good_takamine_EG523SC_piezo_to_AJ_JJasmine_JF37CD_mic,7.274273207862251e-06,,4.128321324852178e-06,,2.470101883584862e-06,,1.8959374680472283e-06,,2.613610891146458e-06,,3.036046433996901e-06,
887,good_takamine_EG523SC_piezo_to_AJ_JJasmine_JF37CD_piezo,1.1872327734293009e-06,,1.387716645763755e-06,,1.824131041569565e-06,,2.052583649734513e-06,,2.1535945474334427e-06,,3.2439004607110714e-06,
888,good_takamine_EG523SC_mic_to_AJ_JJasmine_JF37CD_mic,2.5754772671426196e-06,,2.7575450309580717e-06,,1.8807879190718593e-06,,4.192608230299374e-06,,4.9876403520854616e-06,,5.663456301681062e-06,
889,good_takamine_EG523SC_mic_to_AJ_JJasmine_JF37CD_piezo,3.0406588257447846e-06,,3.242501656001223e-06,,1.8738823800790345e-06,,4.958363754423598e-06,,4.478020416440295e-06,,3.4610676201964448e-06,
890,good_takamine_EG523SC_piezo_to_AJ_JJasmine_JF37CD_mic,3.5338274798551393e-06,,3.340102399608552e-06,,3.3916516434199396e-06,,1.6929936755568278e-06,,2.1045441996045213e-06,,1.8248855100287219e-06,
891,good_takamine_EG523SC_piezo_to_AJ_JJasmine_JF37CD_piezo,2.8706533200537e-06,,4.128289460350926e-06,,2.4871706826193232e-06,,1.903955164051175e-06,,2.660261295411552e-06,,2.9500558505702286e-06,
892,good_takamine_EG523SC_mic_to_AJ_JJasmine_JF37CD_mic,2.3291470474702748e-06,,2.3749107757453955e-06,,1.8060839401161491e-06,,3.768043550672966e-06,,4.566035529721074e-06,,4.8692329812049074e-06,
893,good_takamine_EG523SC_mic_to_AJ_JJasmine_JF37CD_piezo,2.290201653632549e-06,,2.584158309420066e-06,,2.1039795245808303e-06,,5.417377607293455e-06,,4.354886171406022e-06,,3.271056192927502e-06,
894,good_takamine_EG523SC_piezo_to_AJ_JJasmine_JF37CD_mic,6.3326188383373615e-06,,3.745459900834264e-06,,3.307713787281706e-06,,1.8171206380627158e-06,,1.5670432238662284e-06,,2.8862610571157838e-06,
895,good_takamine_EG523SC_piezo_to_AJ_JJasmine_JF37CD_piezo,2.529015506134964e-06,,2.653583754984231e-06,,2.635454323403242e-06,,3.2508276473351962e-06,,3.0477709516846945e-06,,4.970309673540298e-06,
896,good_takamine_EG523SC_mic_to_AJ_JJasmine_JF37CD_mic,2.2454930814019744e-06,,2.110283123368287e-06,,1.910532723481469e-06,,3.4072801316840735e-06,,3.987155658571732e-06,,5.350597274052781e-06,
897,good_takamine_EG523SC_mic_to_AJ_JJasmine_JF37CD_piezo,2.8381974242893864e-06,,3.619989597642114e-06,,2.8020298813528734e-06,,4.202995995435167e-06,,3.4417346697117e-06,,3.505814664721903e-06,
898,good_takamine_EG523SC_piezo_to_AJ_JJasmine_JF37CD_mic,4.535308012926765e-06,,3.2848929526803825e-06,,2.607937946368529e-06,,2.0859224517226394e-06,,4.051432943602908e-06,,2.166807943995843e-06,
899,good_takamine_EG523SC_piezo_to_AJ_JJasmine_JF37CD_piezo,3.2987667362239937e-06,,3.7813190568672717e-06,,1.900778377380605e-06,,2.5993496912797277e-06,,1.887775900977644e-06,,3.1466146206499256e-06,
900,good_takamine_EG523SC_mic_to_AJ_JJasmine_JF37CD_mic,2.0714041044990572e-06,,2.4988512622798435e-06,,1.7559225892491978e-06,,4.046635692205629e-06,,4.906338536824165e-06,,6.620419937820658e-06,
901,good_takamine_EG523SC_mic_to_AJ_JJasmine_JF37CD_piezo,2.1526744424657826e-06,,2.3705916491502546e-06,,1.8439565992786758e-06,,2.5224136768753457e-06,,2.749705442034441e-06,,3.4069131047779735e-06,
902,good_takamine_EG523SC_piezo_to_AJ_JJasmine_JF37CD_mic,6.9179170413112725e-06,,5.7965948972858e-06,,2.0962817304955216e-06,,2.011753310621313e-06,,2.870528546929014e-06,,3.356678517016371e-06,
903,good_takamine_EG523SC_piezo_to_AJ_JJasmine_JF37CD_piezo,2.3418182407571147e-06,,3.681736498667235e-06,,2.1747650940084133e-06,,4.384463850460901e-06,,1.8599055561254083e-06,,2.91324539283512e-06,
904,good_takamine_EG523SC_mic_to_AJ_JJasmine_JF37CD_mic,3.1089810232205865e-06,,3.3063472523868784e-06,,1.816323307583814e-06,,3.82502940162394e-06,,4.841687976563045e-06,,5.8569939534200474e-06,
905,good_takamine_EG523SC_mic_to_AJ_JJasmine_JF37CD_piezo,2.6824750972111576e-06,,2.769462521111584e-06,,1.9523241527495495e-06,,3.5178237190013957e-06,,3.4411930857888697e-06,,4.039029346377174e-06,
906,good_takamine_EG523SC_piezo_to_AJ_JJasmine_JF37CD_mic,4.065369319169852e-06,,2.719932677852154e-06,,5.635992901822227e-06,,2.222776013324878e-06,,2.9856261132720996e-06,,3.535013922303116e-06,
907,good_takamine_EG523SC_piezo_to_AJ_JJasmine_JF37CD_piezo,3.5446424219418976e-06,,1.6251662537863462e-06,,2.3500048104842918e-06,,4.049700694743009e-06,,1.975944153608711e-06,,4.231549716723925e-06,
908,good_takamine_EG523SC_mic_to_AJ_JJasmine_JF37CD_mic,2.498289084943909e-06,,2.795268585468796e-06,,1.7937868794632212e-06,,3.063863922908361e-06,,3.7082331319271813e-06,,5.431692110262236e-06,
909,good_takamine_EG523SC_mic_to_AJ_JJasmine_JF37CD_piezo,3.354091360332915e-06,,2.89725333835127e-06,,2.557645765894269e-06,,3.011125972595331e-06,,3.6192200135124398e-06,,2.48545404474111e-06,
910,good_takamine_EG523SC_piezo_to_AJ_JJasmine_JF37CD_mic,3.6605562369656165e-06,,3.7273229664448816e-06,,3.2978723323288654e-06,,2.6099270324364558e-06,,3.969105936542968e-06,,3.679533730400936e-06,
911,good_takamine_EG523SC_piezo_to_AJ_JJasmine_JF37CD_piezo,2.8770693030901075e-06,,1.6260110553301476e-06,,2.5771304773334817e-06,,3.8203960096794315e-06,,2.1685242584105693e-06,,3.631992840324115e-06,
912,good_takamine_EG523SC_mic_to_AJ_JJasmine_JF37CD_mic,2.646826258562109e-06,,3.519931030052561e-06,,1.8881044655727084e-06,,3.10860620231425e-06,,3.964373517320303e-06,,5.287411946925371e-06,
913,good_takamine_EG523SC_mic_to_AJ_JJasmine_JF37CD_piezo,1.889610766039614e-06,,3.3764696092451427e-06,,1.8573852335529642e-06,,2.0133696913611883e-06,,3.022324335278387e-06,,2.5676654373575443e-06,
914,good_takamine_EG523SC_piezo_to_AJ_JJasmine_JF37CD_mic,2.8996661452475592e-06,,2.8728604443461444e-06,,2.947294975437544e-06,,3.672574905896893e-06,,2.619447602695316e-06,,4.198526590246438e-06,
915,good_takamine_EG523SC_piezo_to_AJ_JJasmine_JF37CD_piezo,2.2277768775036673e-06,,1.9322109136694474e-06,,1.9060196516894444e-06,,1.5552731100130066e-06,,1.6573760422922085e-06,,1.6467393690685383e-06,
916,good_takamine_EG523SC_mic_to_AJ_JJasmine_JF37CD_mic,3.067940211996716e-06,,3.0902370177577277e-06,,3.866445862958581e-06,,3.2916865841491695e-06,,2.872289347762538e-06,,4.548418793527472e-06,
917,good_takamine_EG523SC_mic_to_AJ_JJasmine_JF37CD_piezo,3.5530670761149e-06,,1.8656134545612505e-06,,2.480432783285112e-06,,2.6850268229488245e-06,,2.9682438759645505e-06,,2.395768914623265e-06,
918,good_takamine_EG523SC_piezo_to_AJ_JJasmine_JF37CD_mic,2.7514322284337694e-06,,2.307961803593737e-06,,2.1086159736111447e-06,,4.639497489747734e-06,,2.8319645983901686e-06,,2.4263639498945284e-06,
919,good_takamine_EG523SC_piezo_to_AJ_JJasmine_JF37CD_piezo,2.0154421157669098e-06,,1.8173290989909399e-06,,2.273045134840629e-06,,1.7329058793757718e-06,,1.7456580830876854e-06,,1.8205095495907832e-06,
920,good_takamine_EG523SC_mic_to_AJ_JJasmine_JF37CD_mic,2.000066327677185e-06,,2.2512291816864084e-06,,1.9450421762415773e-06,,4.170555843990433e-06,,3.2803150344455015e-06,,5.8510484879396736e-06,
921,good_takamine_EG523SC_mic_to_AJ_JJasmine_JF37CD_piezo,2.3749682517100866e-06,,1.7553457871269253e-06,,1.6260050097262406e-06,,2.582659266377079e-06,,2.0148702371985952e-06,,3.4139815850773932e-06,
922,good_takamine_EG523SC_piezo_to_AJ_JJasmine_JF37CD_mic,2.4980601195531605e-06,,3.190207988428617e-06,,2.2565186719341655e-06,,4.260295909791248e-06,,2.2980832226502125e-06,,1.9825804006339588e-06,
923,good_takamine_EG523SC_piezo_to_AJ_JJasmine_JF37CD_piezo,2.121245195224937e-06,,2.232891510338688e-06,,2.038987594436614e-06,,1.6345687028120991e-06,,1.9158295706594976e-06,,1.8016079885074977e-06,
924,good_takamine_EG523SC_mic_to_AJ_JJasmine_JF37CD_mic,1.9066077805176669e-06,,2.0576487195224586e-06,,1.991086930310988e-06,,2.7501760940298827e-06,,3.367870628301241e-06,,5.529044574910089e-06,
925,good_takamine_EG523SC_mic_to_AJ_JJasmine_JF37CD_piezo,2.3825825752892654e-06,,2.9012269787681904e-06,,1.7213412253595012e-06,,2.7873814406365006e-06,,3.0472893806828695e-06,,2.357674701708041e-06,
926,good_takamine_EG523SC_piezo_to_AJ_JJasmine_JF37CD_mic,2.4119492087907535e-06,,2.357128970244764e-06,,1.8053439543171136e-06,,4.344365999688382e-06,,3.497626681772357e-06,,4.314474709750487e-06,
927,good_takamine_EG523SC_piezo_to_AJ_JJasmine_JF37CD_piezo,1.5290857506149845e-06,,1.4180700285499808e-06,,1.5085290296416018e-06,,2.5459708568248487e-06,,2.6194395338651315e-06,,2.581190642081296e-06,
928,good_takamine_EG523SC_mic_to_AJ_JJasmine_JF37CD_mic,3.672937471398959e-06,,2.4269560657891497e-06,,3.498719672614412e-06,,3.7639810774964936e-06,,4.267897391161369e-06,,3.956204992115637e-06,
929,good_takamine_EG523SC_mic_to_AJ_JJasmine_JF37CD_piezo,1.9106337208514688e-06,,1.8736090456955212e-06,,1.6918119164496164e-06,,2.764198058914371e-06,,2.1868621333442587e-06,,2.0545955439260825e-06,
930,good_takamine_EG523SC_piezo_to_AJ_JJasmine_JF37CD_mic,1.5011995476769312e-06,,1.4537856139192283e-06,,1.6248364936647326e-06,,2.962491231628846e-06,,2.60995896416839e-06,,3.098806896700575e-06,
931,good_takamine_EG523SC_piezo_to_AJ_JJasmine_JF37CD_piezo,1.8757058457907385e-06,,1.7514408816629505e-06,,2.1547793911760655e-06,,3.089165910896621e-06,,3.348606496380354e-06,,2.80091429968578e-06,
932,good_takamine_EG523SC_mic_to_AJ_JJasmine_JF37CD_mic,7.163184090681125e-06,,2.1825905274545366e-06,,4.074586261904952e-06,,2.1433506012953027e-06,,3.743775376437231e-06,,2.277923888297309e-06,
933,good_takamine_EG523SC_mic_to_AJ_JJasmine_JF37CD_piezo,2.266834796911888e-06,,2.2130193134897603e-06,,2.3329515051467786e-06,,1.5695260814678451e-06,,1.667940291350439e-06,,1.5974771653071966e-06,
934,good_takamine_EG523SC_piezo_to_AJ_JJasmine_JF37CD_mic,1.8807608455678725e-06,,1.8257278647481133e-06,,2.486134509017071e-06,,2.918599240683718e-06,,2.9767713724438948e-06,,2.432288930780054e-06,
935,good_takamine_EG523SC_piezo_to_AJ_JJasmine_JF37CD_piezo,1.7924725721937156e-06,,1.4572648569643373e-06,,1.8913976603265094e-06,,2.688604748465229e-06,,4.699528226993797e-06,,2.1314644137591035e-06,
936,good_takamine_EG523SC_mic_to_AJ_JJasmine_JF37CD_mic,2.026084943057088e-06,,2.4521971269526926e-06,,1.863541425709858e-06,,4.558204165209099e-06,,5.375420676863219e-06,,5.990952586303253e-06,
937,good_takamine_EG523SC_mic_to_AJ_JJasmine_JF37CD_piezo,3.653697494527607e-06,,3.4977963948440773e-06,,2.435319650079835e-06,,5.153579620673126e-06,,4.4366053490651434e-06,,3.1187879923487037e-06,
938,good_takamine_EG523SC_piezo_to_AJ_JJasmine_JF37CD_mic,2.8020632140800734e-06,,4.48001118689171e-06,,5.450824528462079e-06,,2.059091325290531e-06,,2.02148221986543e-06,,1.7615513501399166e-06,
939,good_takamine_EG523SC_piezo_to_AJ_JJasmine_JF37CD_piezo,2.732476472528656e-06,,5.26406525254649e-06,,3.0527289113118165e-06,,2.8952641049719735e-06,,2.4450110911929287e-06,,2.227097206648324e-06,
940,good_takamine_EG523SC_mic_to_AJ_JJasmine_JF37CD_mic,1.7201394843018526e-06,,2.140341728942091e-06,,1.7907535811860937e-06,,3.997577290698114e-06,,4.704450077679903e-06,,4.758395619855416e-06,
941,good_takamine_EG523SC_mic_to_AJ_JJasmine_JF37CD_piezo,1.7158669986714478e-06,,3.5467042426470906e-06,,2.2655635227212303e-06,,3.824442237727755e-06,,4.880042468208216e-06,,3.408955177535621e-06,
942,good_takamine_EG523SC_piezo_to_AJ_JJasmine_JF37CD_mic,8.446625320186167e-06,,4.078426494964951e-06,,3.798282369908231e-06,,2.0800082142024302e-06,,1.765603124606707e-06,,2.3329755309432134e-06,
943,good_takamine_EG523SC_piezo_to_AJ_JJasmine_JF37CD_piezo,2.681329076105148e-06,,3.1026588938152567e-06,,2.5402194168615472e-06,,2.3088586343582205e-06,,2.193609884850067e-06,,2.3831165296112666e-06,
944,good_takamine_EG523SC_mic_to_AJ_JJasmine_JF37CD_mic,2.565840225117313e-06,,1.927316406345192e-06,,1.7560222251535904e-06,,3.4784600556039445e-06,,3.7111456916906747e-06,,4.3520534692109145e-06,
945,good_takamine_EG523SC_mic_to_AJ_JJasmine_JF37CD_piezo,3.872598603315039e-06,,4.704294941088655e-06,,2.7135112237524517e-06,,5.306772294551176e-06,,4.875030357142527e-06,,3.21684436959855e-06,
946,good_takamine_EG523SC_piezo_to_AJ_JJasmine_JF37CD_mic,3.275509578151812e-06,,3.5687536577614097e-06,,3.202260910502055e-06,,2.7240135577964575e-06,,4.304780875416508e-06,,2.69219919090146e-06,
947,good_takamine_EG523SC_piezo_to_AJ_JJasmine_JF37CD_piezo,2.896260161315546e-06,,3.5701125237787173e-06,,4.248514769585794e-06,,2.134247073619413e-06,,3.4387885329322956e-06,,4.002112900573758e-06,
948,good_takamine_EG523SC_mic_to_AJ_JJasmine_JF37CD_mic,2.333562078274642e-06,,2.8016274335974177e-06,,1.8681742771977133e-06,,3.7038886983525513e-06,,4.651937490016261e-06,,6.7482636529400805e-06,
949,good_takamine_EG523SC_mic_to_AJ_JJasmine_JF37CD_piezo,1.990011265975091e-06,,2.3345187669121117e-06,,1.8742730998787087e-06,,2.465075992011381e-06,,2.7455410739377693e-06,,2.883874689590999e-06,
950,good_takamine_EG523SC_piezo_to_AJ_JJasmine_JF37CD_mic,2.6197497992150354e-06,,2.2207350068473886e-06,,2.3537863633882913e-06,,1.9896071584504347e-06,,4.617959260272301e-06,,3.515676785430853e-06,
951,good_takamine_EG523SC_piezo_to_AJ_JJasmine_JF37CD_piezo,2.265880169595416e-06,,2.868727781681874e-06,,2.280561031716478e-06,,4.971800023431067e-06,,1.8573588494278722e-06,,5.02928339960741e-06,
952,good_takamine_EG523SC_mic_to_AJ_JJasmine_JF37CD_mic,2.6927685495233376e-06,,3.3661161622483067e-06,,1.9150917768837793e-06,,3.7926132885709187e-06,,4.424396298116212e-06,,5.977998545299838e-06,
953,good_takamine_EG523SC_mic_to_AJ_JJasmine_JF37CD_piezo,2.725212981428716e-06,,2.923497137033827e-06,,1.8417572981599774e-06,,3.3221166013423367e-06,,3.5160988261423154e-06,,4.170821654161979e-06,
954,good_takamine_EG523SC_piezo_to_AJ_JJasmine_JF37CD_mic,3.97832789288472e-06,,4.408781526102073e-06,,5.013644724520701e-06,,2.1400798519663413e-06,,3.002700890080869e-06,,3.0167208197019435e-06,
955,good_takamine_EG523SC_piezo_to_AJ_JJasmine_JF37CD_piezo,2.24482525901431e-06,,1.790465437513709e-06,,1.8235220350041388e-06,,3.783910362359738e-06,,3.0931631632164662e-06,,3.761545939445092e-06,
956,good_takamine_EG523SC_mic_to_AJ_JJasmine_JF37CD_mic,3.562703678203314e-06,,2.705985419787147e-06,,1.991887932349298e-06,,2.6924775694211963e-06,,3.317777908217933e-06,,5.589399680462883e-06,
957,good_takamine_EG523SC_mic_to_AJ_JJasmine_JF37CD_piezo,2.650575925924087e-06,,2.607724322432531e-06,,2.7204668561427285e-06,,3.2183170074569774e-06,,2.8816668704255262e-06,,2.465199584995758e-06,
958,good_takamine_EG523SC_piezo_to_AJ_JJasmine_JF37CD_mic,4.253777674980503e-06,,4.7711056486866186e-06,,2.8084209544676893e-06,,2.4905810170101123e-06,,3.585280083283002e-06,,3.375122999847342e-06,
959,good_takamine_EG523SC_piezo_to_AJ_JJasmine_JF37CD_piezo,3.751723824527058e-06,,1.5651133395321328e-06,,3.1426596559413876e-06,,5.492186881060012e-06,,2.088717404229403e-06,,5.703054060618745e-06,
960,good_takamine_EG523SC_mic_to_AJ_JJasmine_JF37CD_mic,1.7970180798077265e-06,,1.7191040399960266e-06,,1.8482079572489569e-06,,3.2047878000470997e-06,,3.2093207906106813e-06,,4.7880851079146645e-06,
961,good_takamine_EG523SC_mic_to_AJ_JJasmine_JF37CD_piezo,2.0501683477970202e-06,,2.0488674512758144e-06,,1.9212981350281078e-06,,2.382862301262565e-06,,2.5858458921805433e-06,,2.561918182855777e-06,
962,good_takamine_EG523SC_piezo_to_AJ_JJasmine_JF37CD_mic,3.4520288318132044e-06,,2.5226242014630295e-06,,2.6992758997924972e-06,,2.9970026311033145e-06,,3.0045539177423566e-06,,4.6369538995255835e-06,
963,good_takamine_EG523SC_piezo_to_AJ_JJasmine_JF37CD_piezo,1.6832170331048712e-06,,1.8018492039367398e-06,,2.4782181776400795e-06,,1.932811096585447e-06,,2.9684382188418336e-06,,1.939245658843276e-06,
964,good_takamine_EG523SC_mic_to_AJ_JJasmine_JF37CD_mic,2.398518995067802e-06,,1.7472055290856797e-06,,1.8413366584454333e-06,,3.0552038641463906e-06,,3.3588139445978186e-06,,4.374636307817148e-06,
965,good_takamine_EG523SC_mic_to_AJ_JJasmine_JF37CD_piezo,3.391793090726827e-06,,2.7316056236872664e-06,,1.8073435928808755e-06,,2.3083096192455233e-06,,2.1081451123526473e-06,,3.5027954681769056e-06,
966,good_takamine_EG523SC_piezo_to_AJ_JJasmine_JF37CD_mic,2.1911880480613562e-06,,1.9525679308979854e-06,,2.493478842106322e-06,,3.0089028524735218e-06,,4.607246645978072e-06,,3.569639092867876e-06,
967,good_takamine_EG523SC_piezo_to_AJ_JJasmine_JF37CD_piezo,2.3355656295274528e-06,,1.8909381366466555e-06,,3.0642881662605686e-06,,2.2090986439457737e-06,,2.5988871465222907e-06,,2.0461966317526186e-06,
968,good_takamine_EG523SC_mic_to_AJ_JJasmine_JF37CD_mic,2.7537626998286275e-06,,2.4776963673005316e-06,,1.8676243227186503e-06,,4.408868903921006e-06,,4.01307870277107e-06,,4.6106235020139755e-06,
969,good_takamine_EG523SC_mic_to_AJ_JJasmine_JF37CD_piezo,2.1777240748979564e-06,,2.217264560898262e-06,,1.8854017949696009e-06,,2.078285612468936e-06,,2.233785500339289e-06,,3.021235220704306e-06,
970,good_takamine_EG523SC_piezo_to_AJ_JJasmine_JF37CD_mic,2.491378867289153e-06,,2.345694110185137e-06,,2.3196261198533084e-06,,2.807433356712902e-06,,3.275223089525845e-06,,2.526530297513915e-06,
971,good_takamine_EG523SC_piezo_to_AJ_JJasmine_JF37CD_piezo,1.517098032472542e-06,,2.0381517773491793e-06,,2.0900820355983905e-06,,4.359280771686503e-06,,2.793397155044835e-06,,2.8412870518264627e-06,
972,good_takamine_EG523SC_mic_to_AJ_JJasmine_JF37CD_mic,2.4627635943725097e-06,,1.848668301480308e-06,,2.283343458016242e-06,,3.823039382414851e-06,,4.423901583370313e-06,,4.8671374275749514e-06,
973,good_takamine_EG523SC_mic_to_AJ_JJasmine_JF37CD_piezo,2.7143341775198485e-06,,2.2162180286514185e-06,,2.7242434237394223e-06,,2.517918473899871e-06,,2.5085975154031474e-06,,2.4732683956596522e-06,
974,good_takamine_EG523SC_piezo_to_AJ_JJasmine_JF37CD_mic,1.7227837527016653e-06,,1.923364192613907e-06,,1.6708335924891897e-06,,4.43750881967883e-06,,4.174798424702992e-06,,2.682053364616465e-06,
975,good_takamine_EG523SC_piezo_to_AJ_JJasmine_JF37CD_piezo,1.6551816703309591e-06,,1.5967164471625826e-06,,1.5517967836224436e-06,,2.068870629505867e-06,,2.15840495299318e-06,,1.6972904145824251e-06,
976,good_takamine_EG523SC_mic_to_AJ_JJasmine_JF37CD_mic,2.2997701551056574e-06,,1.869373643719085e-06,,2.1463436611791186e-06,,4.481076563521969e-06,,4.0332814728617354e-06,,5.163650668683744e-06,
977,good_takamine_EG523SC_mic_to_AJ_JJasmine_JF37CD_piezo,2.1927577510488227e-06,,2.2845474724899198e-06,,1.7822418969734912e-06,,2.552570988333288e-06,,2.409181948434498e-06,,3.4592134194513524e-06,
978,good_takamine_EG523SC_piezo_to_AJ_JJasmine_JF37CD_mic,2.196962445005613e-06,,2.1066466315420974e-06,,1.74952001098174e-06,,2.7950897470799725e-06,,2.9421263324760956e-06,,2.633099449957436e-06,
979,good_takamine_EG523SC_piezo_to_AJ_JJasmine_JF37CD_piezo,1.74961583083795e-06,,1.9444860570686155e-06,,1.4236117942682518e-06,,1.8759707777171569e-06,,2.846415783542614e-06,,1.968996060936121e-06,
980,good_takamine_EG523SC_mic_to_AJ_JJasmine_JF37CD_mic,1.5748366192806117e-06,,1.706931705528419e-06,,2.540838434002843e-06,,4.4511951192959e-06,,4.478563668197211e-06,,5.880481767155909e-06,
981,good_takamine_EG523SC_mic_to_AJ_JJasmine_JF37CD_piezo,1.830709782486339e-06,,1.6256203627789945e-06,,2.323099953700052e-06,,2.551829117662667e-06,,2.112077127563174e-06,,2.7524170244461073e-06,
982,good_takamine_EG523SC_piezo_to_AJ_JJasmine_JF37CD_mic,2.996996031752845e-06,,3.4358406585818067e-06,,1.6668199186173116e-06,,4.302409749232124e-06,,4.972769659201581e-06,,2.3686841027636523e-06,
983,good_takamine_EG523SC_piezo_to_AJ_JJasmine_JF37CD_piezo,1.765532227184664e-06,,2.087130172725844e-06,,1.521758790183043e-06,,2.1672352135631028e-06,,2.057647086969762e-06,,3.024571323568579e-06,
984,good_takamine_EG523SC_mic_to_AJ_JJasmine_JF37CD_mic,1.7765294702171026e-06,,1.679749681197909e-06,,1.874273105584329e-06,,3.552163122848997e-06,,5.16892949000257e-06,,5.817724786561628e-06,
985,good_takamine_EG523SC_mic_to_AJ_JJasmine_JF37CD_piezo,7.85584080102674e-06,,3.542564496721171e-06,,2.566420611219117e-06,,3.0807549240613732e-06,,3.4701804223917737e-06,,3.705025491515058e-06,
986,good_takamine_EG523SC_piezo_to_AJ_JJasmine_JF37CD_mic,2.710917435911124e-06,,2.5385663341710437e-06,,3.011286266670316e-06,,3.5699108141536843e-06,,2.6570535078286692e-06,,2.383263871779198e-06,
987,good_takamine_EG523SC_piezo_to_AJ_JJasmine_JF37CD_piezo,4.796081145186504e-06,,1.8249876629979493e-06,,5.148091176599457e-06,,2.5271578383217e-06,,4.120963649746896e-06,,3.7868914580094527e-06,
988,good_takamine_EG523SC_mic_to_AJ_JJasmine_JF37CD_mic,2.2572530550108764e-06,,1.6106635126481239e-06,,1.8726424393558597e-06,,3.5430645854693217e-06,,3.6397005092585565e-06,,4.717080072112206e-06,
989,good_takamine_EG523SC_mic_to_AJ_JJasmine_JF37CD_piezo,7.014487626451298e-06,,4.428513061502692e-06,,2.8012722060119876e-06,,2.9343543256810984e-06,,5.330033848884742e-06,,3.6369358589987083e-06,
990,good_takamine_EG523SC_piezo_to_AJ_JJasmine_JF37CD_mic,3.2092801689345695e-06,,3.156561960709935e-06,,3.478405473819876e-06,,3.494839852930541e-06,,4.7104071523842586e-06,,3.178078129201045e-06,
991,good_takamine_EG523SC_piezo_to_AJ_JJasmine_JF37CD_piezo,5.538173679314003e-06,,2.527970101632744e-06,,4.7396937169885054e-06,,2.7924895592314237e-06,,4.139394461988603e-06,,3.028025992091381e-06,
992,good_takamine_EG523SC_mic_to_AJ_JJasmine_JF37CD_mic,1.7085843257921785e-06,,2.108533643254e-06,,1.6623928856201273e-06,,2.4418806121132926e-06,,4.113043067334025e-06,,3.853693394540129e-06,
993,good_takamine_EG523SC_mic_to_AJ_JJasmine_JF37CD_piezo,4.07613594685892e-06,,4.282246955260878e-06,,2.7148320085738664e-06,,2.7759974782824767e-06,,4.472539194396919e-06,,5.161035710554649e-06,
994,good_takamine_EG523SC_piezo_to_AJ_JJasmine_JF37CD_mic,3.764646522267223e-06,,2.8802275531884943e-06,,4.157564795432694e-06,,4.435572439598458e-06,,3.7525824239351012e-06,,3.716720096619083e-06,
995,good_takamine_EG523SC_piezo_to_AJ_JJasmine_JF37CD_piezo,5.607493469794939e-06,,2.9820792642950584e-06,,5.0251087648510364e-06,,2.3117900353194115e-06,,5.2252561231691135e-06,,2.590521736109695e-06,
996,good_takamine_EG523SC_mic_to_AJ_JJasmine_JF37CD_mic,2.80751550640138e-06,,4.170969750952932e-06,,2.121818126008089e-06,,4.3990122371968614e-06,,3.347522338045567e-06,,5.3121289129238345e-06,
997,good_takamine_EG523SC_mic_to_AJ_JJasmine_JF37CD_piezo,2.9574786205042785e-06,,3.16521238309287e-06,,2.7948759036371052e-06,,2.719090643039792e-06,,3.1006494837459197e-06,,2.982660864224334e-06,
998,good_takamine_EG523SC_piezo_to_AJ_JJasmine_JF37CD_mic,7.757398476198908e-06,,2.6623940694969806e-06,,3.356555848371649e-06,,2.2425507180513028e-06,,3.7493009808755674e-06,,2.4515002408278347e-06,
999,good_takamine_EG523SC_piezo_to_AJ_JJasmine_JF37CD_piezo,2.510532492459866e-06,,3.1939390556986844e-06,,3.203543132587747e-06,,4.770671612968584e-06,,4.7881442290693595e-06,,4.299508374958252e-06,
1000,good_takamine_EG523SC_mic_to_AJ_JJasmine_JF37CD_mic,2.9443797330796836e-06,,4.333800734845289e-06,,1.9639287406367625e-06,,3.064092488817241e-06,,3.776621733608281e-06,,6.202926188711867e-06,
1001,good_takamine_EG523SC_mic_to_AJ_JJasmine_JF37CD_piezo,3.2165009660595387e-06,,3.1769504238156174e-06,,2.6888160883205112e-06,,3.604852777811604e-06,,3.390605519884138e-06,,2.9990758808416056e-06,
1002,good_takamine_EG523SC_piezo_to_AJ_JJasmine_JF37CD_mic,5.566282744785081e-06,,2.98463298718613e-06,,2.8913938264018636e-06,,2.8181761809086524e-06,,3.974781229166794e-06,,4.42740537234675e-06,
1003,good_takamine_EG523SC_piezo_to_AJ_JJasmine_JF37CD_piezo,3.966355343863597e-06,,1.6832664828690607e-06,,3.6370366076568236e-06,,2.3492645572525587e-06,,2.014675815920555e-06,,4.50217684985674e-06,
1004,good_takamine_EG523SC_mic_to_AJ_JJasmine_JF37CD_mic,1.8253529271430424e-06,,2.3307332224213955e-06,,5.264046375228557e-06,,2.89196614725417e-06,,3.625380032616514e-06,,2.696323444986643e-06,
1005,good_takamine_EG523SC_mic_to_AJ_JJasmine_JF37CD_piezo,4.905738807693767e-06,,3.189000299927806e-06,,3.2623479962764183e-06,,4.7414446507778854e-06,,4.8610528430907935e-06,,3.2798003902642106e-06,
1006,good_takamine_EG523SC_piezo_to_AJ_JJasmine_JF37CD_mic,7.813445234876558e-06,,2.740957309455972e-06,,2.06482869724684e-06,,1.5895186554588483e-06,,4.561598073552141e-06,,2.895106813734896e-06,
1007,good_takamine_EG523SC_piezo_to_AJ_JJasmine_JF37CD_piezo,3.1873212654036564e-06,,2.4297307968699885e-06,,3.2164411534547444e-06,,3.24075498777751e-06,,3.2943514922409224e-06,,4.70564904840565e-06,
1008,good_takamine_EG523SC_mic_to_Classical_Unknown_mic,7.48077731118773e-06,,4.1581716103895915e-06,,5.689224997668785e-06,,2.348004050375554e-06,,2.169310605128478e-06,,4.325425558989276e-06,
1009,good_takamine_EG523SC_mic_to_Classical_Unknown_piezo,3.8856412594749716e-06,,8.163481278230833e-06,,7.014571010996496e-06,,1.931030745878171e-06,,1.635110135705096e-06,,2.3864189400037403e-06,
1010,good_takamine_EG523SC_piezo_to_Classical_Unknown_mic,2.4068149156390186e-06,,2.346624612109234e-06,,2.072370151741872e-06,,2.6121565242019424e-06,,2.879061936290271e-06,,3.519054585411963e-06,
1011,good_takamine_EG523SC_piezo_to_Classical_Unknown_piezo,8.067081454499017e-06,,5.076123316439722e-06,,4.588799488694636e-06,,1.5383767907116166e-06,,1.7650613088258036e-06,,1.35918794942966e-06,
1012,good_takamine_EG523SC_mic_to_Classical_Unknown_mic,4.463580276732562e-06,,7.563944314287088e-06,,6.104145749624129e-06,,2.676487471248809e-06,,3.7096952934132098e-06,,4.329960292314075e-06,
1013,good_takamine_EG523SC_mic_to_Classical_Unknown_piezo,5.506616812412728e-06,,7.5561696518345535e-06,,5.707963776606315e-06,,1.815306928006849e-06,,2.0097078840659528e-06,,2.8553015607865062e-06,
1014,good_takamine_EG523SC_piezo_to_Classical_Unknown_mic,7.777965672658349e-06,,1.7759947434848678e-06,,2.2089311455404853e-06,,3.1299939833521124e-06,,2.9500743334090325e-06,,3.158595185835742e-06,
1015,good_takamine_EG523SC_piezo_to_Classical_Unknown_piezo,3.151144448965794e-06,,5.607635468711145e-06,,5.066464855760734e-06,,1.7932356178387354e-06,,1.6905976595293658e-06,,1.3603115802884653e-06,
1016,good_takamine_EG523SC_mic_to_Classical_Unknown_mic,5.817187523453062e-06,,6.130766158918056e-06,,3.901711425539035e-06,,3.3803897063380902e-06,,3.960604306723452e-06,,5.648079683683417e-06,
1017,good_takamine_EG523SC_mic_to_Classical_Unknown_piezo,6.075381342646573e-06,,6.308623836295892e-06,,6.989868958040608e-06,,1.7067800286323714e-06,,1.8441277978511256e-06,,3.1101957274558547e-06,
1018,good_takamine_EG523SC_piezo_to_Classical_Unknown_mic,2.280440448963884e-06,,3.0345640015907147e-06,,1.8756619486460199e-06,,3.018207713283509e-06,,2.31691712818949e-06,,2.693485120204563e-06,
1019,good_takamine_EG523SC_piezo_to_Classical_Unknown_piezo,2.1812800105081773e-06,,2.582985971838356e-06,,4.181118328750817e-06,,1.605555355696979e-06,,1.9688544295391183e-06,,1.6433680311714265e-06,
1020,good_takamine_EG523SC_mic_to_Classical_Unknown_mic,6.202281281272017e-06,,6.419853416387171e-06,,4.124657392009773e-06,,2.5649655327963384e-06,,2.926353951648601e-06,,4.3715162963542125e-06,
1021,good_takamine_EG523SC_mic_to_Classical_Unknown_piezo,6.535834628758217e-06,,7.317823717597809e-06,,7.0358521618853665e-06,,1.7794290363210455e-06,,1.7326687829549968e-06,,2.8820979881626123e-06,
1022,good_takamine_EG523SC_piezo_to_Classical_Unknown_mic,2.2643130340762314e-06,,2.4000458516080467e-06,,1.606591203249255e-06,,2.7329759182198246e-06,,2.7317502228168946e-06,,2.2412845463949754e-06,
1023,good_takamine_EG523SC_piezo_to_Classical_Unknown_piezo,3.3541372753004426e-06,,2.945642864270072e-06,,2.9883616554591257e-06,,1.6068137997585053e-06,,2.543116928228631e-06,,1.9210293782186386e-06,
1024,good_takamine_EG523SC_mic_to_Classical_Unknown_mic,6.372822419357743e-06,,3.9691956383453155e-06,,2.782825874409352e-06,,2.38097258037483e-06,,2.131652533475854e-06,,4.833204430542202e-06,
1025,good_takamine_EG523SC_mic_to_Classical_Unknown_piezo,4.734069710055726e-06,,7.418716893258616e-06,,7.910157363414617e-06,,1.4863525199202914e-06,,1.485512934653757e-06,,2.867383685328733e-06,
1026,good_takamine_EG523SC_piezo_to_Classical_Unknown_mic,1.9635639426327772e-06,,2.239433543368927e-06,,1.7825787633493514e-06,,2.2669416609305303e-06,,2.213849440626641e-06,,2.267313266932187e-06,
1027,good_takamine_EG523SC_piezo_to_Classical_Unknown_piezo,5.191458543860125e-06,,3.5510361985162384e-06,,4.407802674021432e-06,,1.4180569034726737e-06,,1.9877074444241335e-06,,1.775259962491274e-06,
1028,good_takamine_EG523SC_mic_to_Classical_Unknown_mic,5.035847271886769e-06,,8.091705493058745e-06,,3.284328057324766e-06,,2.572079940881851e-06,,2.9324403467254474e-06,,4.2246041749355245e-06,
1029,good_takamine_EG523SC_mic_to_Classical_Unknown_piezo,5.467510519163756e-06,,4.312074483203891e-06,,8.080583006434866e-06,,1.7755288628073377e-06,,1.8573141124628128e-06,,2.991506445551977e-06,
1030,good_takamine_EG523SC_piezo_to_Classical_Unknown_mic,4.135905487772215e-06,,2.257810403832502e-06,,2.157946953279064e-06,,3.12969142405792e-06,,2.0099748638212266e-06,,2.119453970922027e-06,
1031,good_takamine_EG523SC_piezo_to_Classical_Unknown_piezo,5.839022617952831e-06,,3.0706978900227643e-06,,4.481411435653102e-06,,1.3447065840054335e-06,,1.3936547275566869e-06,,1.4810485405320601e-06,
1032,good_takamine_EG523SC_mic_to_Classical_Unknown_mic,5.433785230405977e-06,,6.650623416379754e-06,,6.47834779101607e-06,,4.750746615120953e-06,,4.784456150772464e-06,,3.372471437600189e-06,
1033,good_takamine_EG523SC_mic_to_Classical_Unknown_piezo,2.908784110256442e-06,,2.565540875732164e-06,,2.1785593472180854e-06,,2.3247858697646082e-06,,2.6455682353803354e-06,,2.1478293265719593e-06,
1034,good_takamine_EG523SC_piezo_to_Classical_Unknown_mic,2.915420400878801e-06,,2.951484760820528e-06,,2.997778972767165e-06,,4.822132515312615e-06,,4.2910728380517285e-06,,4.15695438119261e-06,
1035,good_takamine_EG523SC_piezo_to_Classical_Unknown_piezo,2.866605245676428e-06,,4.357140324024303e-06,,1.8124727143824599e-06,,1.5939779044236764e-06,,2.1092782645254728e-06,,2.302387031895091e-06,
1036,good_takamine_EG523SC_mic_to_Classical_Unknown_mic,8.195573533989324e-06,,5.846700051277203e-06,,8.021598323347249e-06,,4.4914867253762666e-06,,4.524851050702443e-06,,2.9196020192985264e-06,
1037,good_takamine_EG523SC_mic_to_Classical_Unknown_piezo,2.383861860233469e-06,,2.3635031659728345e-06,,1.945977516295511e-06,,2.2214563802579884e-06,,2.064692045442379e-06,,1.6272199321472094e-06,
1038,good_takamine_EG523SC_piezo_to_Classical_Unknown_mic,3.878286523776254e-06,,3.2410841651262137e-06,,2.4948095025406067e-06,,5.668883097373972e-06,,5.486787747885441e-06,,4.472321626382583e-06,
1039,good_takamine_EG523SC_piezo_to_Classical_Unknown_piezo,7.108281749504751e-06,,3.4242086738674996e-06,,3.321350050727678e-06,,1.5092409684685747e-06,,1.6538024121634812e-06,,2.39743886409175e-06,
1040,good_takamine_EG523SC_mic_to_Classical_Unknown_mic,4.090616696911309e-06,,5.42349128884677e-06,,3.6152109196171864e-06,,2.622920108319598e-06,,2.600048307071027e-06,,5.146253213572974e-06,
1041,good_takamine_EG523SC_mic_to_Classical_Unknown_piezo,4.1911699621466924e-06,,7.049253353163824e-06,,2.540328845489938e-06,,1.7635652814211377e-06,,1.7990648238423425e-06,,1.8189211714892438e-06,
1042,good_takamine_EG523SC_piezo_to_Classical_Unknown_mic,8.296174432354416e-06,,3.4764401531625187e-06,,6.209718653102451e-06,,3.7851041378860944e-06,,5.15239836504611e-06,,3.474805952132261e-06,
1043,good_takamine_EG523SC_piezo_to_Classical_Unknown_piezo,7.533052141448768e-06,,6.544531818884766e-06,,6.962035120479569e-06,,1.6519648593287385e-06,,1.4149684821106005e-06,,1.4594816638899428e-06,
1044,good_takamine_EG523SC_mic_to_Classical_Unknown_mic,7.322060573129965e-06,,8.593784699341633e-06,,3.5458811994241906e-06,,2.5851545548728886e-06,,2.7626210330235323e-06,,3.7326458677271927e-06,
1045,good_takamine_EG523SC_mic_to_Classical_Unknown_piezo,2.3631591431877277e-06,,2.5981782142091853e-06,,1.5025243434965842e-06,,1.6190286260993167e-06,,1.7070288156185568e-06,,1.6865127026356086e-06,
1046,good_takamine_EG523SC_piezo_to_Classical_Unknown_mic,4.076723066886255e-06,,3.207374195181513e-06,,2.5977269842875526e-06,,4.1766130213147935e-06,,2.5933546651396103e-06,,5.751476308766484e-06,
1047,good_takamine_EG523SC_piezo_to_Classical_Unknown_piezo,2.9757035769973648e-06,,5.1141097120618905e-06,,2.7724997494649486e-06,,1.931067940836126e-06,,1.6775501971644312e-06,,1.592705809542483e-06,
1048,good_takamine_EG523SC_mic_to_Classical_Unknown_mic,6.203969008536377e-06,,6.4518078366922485e-06,,5.0315637373156005e-06,,3.071662767331141e-06,,3.3184101527644166e-06,,3.6541497794469434e-06,
1049,good_takamine_EG523SC_mic_to_Classical_Unknown_piezo,3.2686131131792495e-06,,2.696355654647251e-06,,2.7218128162589073e-06,,1.5818892838085307e-06,,1.7083701375341487e-06,,1.8628688053031974e-06,
1050,good_takamine_EG523SC_piezo_to_Classical_Unknown_mic,3.582507251660433e-06,,2.3872178930984555e-06,,2.5000014460755627e-06,,2.9343870159924065e-06,,2.7301185136641247e-06,,5.606510850854843e-06,
1051,good_takamine_EG523SC_piezo_to_Classical_Unknown_piezo,1.8935606134198712e-06,,2.8417017741615712e-06,,2.07938228259804e-06,,1.8694999207991216e-06,,2.886377817685965e-06,,1.8584185027371142e-06,
1052,good_takamine_EG523SC_mic_to_Classical_Unknown_mic,7.086041773712791e-06,,5.980803081439258e-06,,6.509973511799092e-06,,2.9642396726312003e-06,,3.4109993265774528e-06,,3.1319639042363135e-06,
1053,good_takamine_EG523SC_mic_to_Classical_Unknown_piezo,4.790130075929115e-06,,3.11917350635098e-06,,2.988560708018864e-06,,1.6628760969734923e-06,,1.6152183038240864e-06,,1.940128887987348e-06,
1054,good_takamine_EG523SC_piezo_to_Classical_Unknown_mic,3.002358913124934e-06,,2.0588700739495494e-06,,2.6500017110490263e-06,,4.678793449852444e-06,,3.633590814955531e-06,,4.2375288718417025e-06,
1055,good_takamine_EG523SC_piezo_to_Classical_Unknown_piezo,2.0817713289265692e-06,,2.8052313865858554e-06,,2.5452663938728602e-06,,1.982357185907411e-06,,3.218406818285366e-06,,2.4888273818346353e-06,
1056,good_takamine_EG523SC_mic_to_Classical_Unknown_mic,6.663058720977438e-06,,6.3695963907624125e-06,,3.2356202797789408e-06,,2.0538509046325385e-06,,3.1820936445121913e-06,,5.765160268253352e-06,
1057,good_takamine_EG523SC_mic_to_Classical_Unknown_piezo,3.4578460831145694e-06,,6.1692817368283e-06,,4.2759688884654895e-06,,1.6370665146162015e-06,,1.6881741991497153e-06,,2.2918081025737485e-06,
1058,good_takamine_EG523SC_piezo_to_Classical_Unknown_mic,2.784799152738633e-06,,2.386223408372945e-06,,2.1879206887470927e-06,,4.9058268119589765e-06,,2.1726462970534587e-06,,3.7788724879089915e-06,
1059,good_takamine_EG523SC_piezo_to_Classical_Unknown_piezo,2.129477064329343e-06,,5.018319755073812e-06,,4.025056571986284e-06,,1.9692341200184025e-06,,1.6136579281916467e-06,,1.4489728744893274e-06,
1060,good_takamine_EG523SC_mic_to_Classical_Unknown_mic,6.574616721988603e-06,,7.791426315649575e-06,,4.629916271596114e-06,,2.6193132515660865e-06,,3.035937011129513e-06,,2.869270398980821e-06,
1061,good_takamine_EG523SC_mic_to_Classical_Unknown_piezo,3.005442886052015e-06,,8.430421167409706e-06,,2.955984350379634e-06,,1.6240214035579409e-06,,1.7933218360736957e-06,,2.1046472205423615e-06,
1062,good_takamine_EG523SC_piezo_to_Classical_Unknown_mic,1.940833915717458e-06,,1.922128225959282e-06,,1.7042428881570876e-06,,2.388390674551341e-06,,2.688227579171773e-06,,2.320649014793021e-06,
1063,good_takamine_EG523SC_piezo_to_Classical_Unknown_piezo,2.2469496932865553e-06,,4.763388222253527e-06,,7.523547253256042e-06,,1.8107663691739261e-06,,1.644598845183781e-06,,1.4579225638723174e-06,
1064,good_takamine_EG523SC_mic_to_Classical_Unknown_mic,4.0841731454470065e-06,,3.062367572893294e-06,,3.580195793836282e-06,,2.1141886970350777e-06,,2.295642172639476e-06,,5.6865345423876334e-06,
1065,good_takamine_EG523SC_mic_to_Classical_Unknown_piezo,3.3615222535402614e-06,,2.7783607092621855e-06,,5.501346946810567e-06,,1.474551714750523e-06,,1.3219923133726803e-06,,2.567215077231286e-06,
1066,good_takamine_EG523SC_piezo_to_Classical_Unknown_mic,2.979988911088406e-06,,2.1870449863833327e-06,,2.68055963782901e-06,,4.173858700797547e-06,,2.9835467644028105e-06,,2.4771668702771725e-06,
1067,good_takamine_EG523SC_piezo_to_Classical_Unknown_piezo,2.964968898728825e-06,,1.9424392910830915e-06,,3.0498610279292472e-06,,1.593850470617462e-06,,1.7490805465058312e-06,,2.1965994783192555e-06,
1068,good_takamine_EG523SC_mic_to_Classical_Unknown_mic,5.733000581097822e-06,,6.735805827106943e-06,,2.826429970508449e-06,,2.1321745622968083e-06,,2.6756424933054796e-06,,5.16217537432674e-06,
1069,good_takamine_EG523SC_mic_to_Classical_Unknown_piezo,6.044038769430436e-06,,5.792417092033481e-06,,5.384300094646651e-06,,2.046196834776959e-06,,1.8031048049981686e-06,,2.8090889361119333e-06,
1070,good_takamine_EG523SC_piezo_to_Classical_Unknown_mic,1.6991626961133364e-06,,1.960940060968097e-06,,1.8496846836105268e-06,,2.5003719468132498e-06,,2.872453693204544e-06,,2.576582297144783e-06,
1071,good_takamine_EG523SC_piezo_to_Classical_Unknown_piezo,1.7754357028363928e-06,,2.7775617524073712e-06,,3.29618180529467e-06,,1.479221770065054e-06,,2.0038586988688253e-06,,1.6716550472175086e-06,
1072,good_takamine_EG523SC_mic_to_Classical_Unknown_mic,4.747797236010501e-06,,7.390217168503985e-06,,2.650701099359334e-06,,2.902934539810555e-06,,2.9312740822878917e-06,,4.622110904315877e-06,
1073,good_takamine_EG523SC_mic_to_Classical_Unknown_piezo,3.1744573838063084e-06,,5.349674919795708e-06,,7.547925802775704e-06,,1.5636885338329965e-06,,1.604510372040627e-06,,2.739095024896135e-06,
1074,good_takamine_EG523SC_piezo_to_Classical_Unknown_mic,3.0963595476288284e-06,,2.4019466833246066e-06,,2.872395969993428e-06,,3.049227307078633e-06,,3.1643709423168195e-06,,2.3960857348113495e-06,
1075,good_takamine_EG523SC_piezo_to_Classical_Unknown_piezo,2.2568158411319515e-06,,3.7356577029030643e-06,,3.2247911840903575e-06,,2.9267653773045767e-06,,1.334850710108989e-06,,2.221297573351116e-06,
1076,good_takamine_EG523SC_mic_to_Classical_Unknown_mic,2.470025737743381e-06,,7.472220193880536e-06,,3.11173100480023e-06,,2.0020171656278653e-06,,2.651598718536666e-06,,2.808738001049892e-06,
1077,good_takamine_EG523SC_mic_to_Classical_Unknown_piezo,2.2570032526990954e-06,,7.175993306613219e-06,,5.329986025230052e-06,,1.2364427328143332e-06,,1.4295941186094255e-06,,2.199611372677967e-06,
1078,good_takamine_EG523SC_piezo_to_Classical_Unknown_mic,2.457606287419883e-06,,5.560534267108141e-06,,1.9511286399115888e-06,,3.311400757989953e-06,,2.854424900035532e-06,,2.2774415712229604e-06,
1079,good_takamine_EG523SC_piezo_to_Classical_Unknown_piezo,3.183542869566483e-06,,3.5358036658991934e-06,,2.630414934417134e-06,,1.4125258654017589e-06,,1.5184436468434738e-06,,1.5799449620755282e-06,
1080,good_takamine_EG523SC_mic_to_Classical_Unknown_mic,5.739190357776465e-06,,6.750098664433357e-06,,5.472628436127207e-06,,4.839882693169318e-06,,4.454921072876578e-06,,3.9342102085224255e-06,
1081,good_takamine_EG523SC_mic_to_Classical_Unknown_piezo,2.613286432274595e-06,,2.4348907462861784e-06,,2.0569473310193276e-06,,1.9065884351915228e-06,,2.2130862786646647e-06,,1.7317374075379232e-06,
1082,good_takamine_EG523SC_piezo_to_Classical_Unknown_mic,2.6758107981633552e-06,,3.2270574840499812e-06,,4.536625159856876e-06,,6.277169957947451e-06,,3.5027802132902577e-06,,5.824989938078684e-06,
1083,good_takamine_EG523SC_piezo_to_Classical_Unknown_piezo,4.828489162800229e-06,,7.434705654091432e-06,,2.1170844235138178e-06,,1.6532424057367527e-06,,2.100265918278561e-06,,2.545515965364351e-06,
1084,good_takamine_EG523SC_mic_to_Classical_Unknown_mic,5.342989306837443e-06,,6.292641398459316e-06,,3.3418089454309467e-06,,4.5916660183901576e-06,,4.335679913464666e-06,,3.6675168506843014e-06,
1085,good_takamine_EG523SC_mic_to_Classical_Unknown_piezo,3.7957979711780676e-06,,3.989541398014475e-06,,2.776335205213557e-06,,1.4424942121363318e-06,,1.6570464476672422e-06,,1.9010312483889285e-06,
1086,good_takamine_EG523SC_piezo_to_Classical_Unknown_mic,3.8005964839523557e-06,,3.2215942337754904e-06,,2.6515622152475907e-06,,3.801637355681125e-06,,6.464904857202081e-06,,5.983878928160046e-06,
1087,good_takamine_EG523SC_piezo_to_Classical_Unknown_piezo,5.405737919569339e-06,,3.6496167029785263e-06,,3.5952469497915056e-06,,1.6292694639647234e-06,,1.6984599915291406e-06,,1.3402704072548835e-06,
1088,good_takamine_EG523SC_mic_to_Classical_Unknown_mic,8.234643613537543e-06,,5.1120932685653135e-06,,4.756326489321675e-06,,3.3730066244858556e-06,,4.002278592009393e-06,,4.672727043410653e-06,
1089,good_takamine_EG523SC_mic_to_Classical_Unknown_piezo,5.865638174765189e-06,,5.587633468766367e-06,,3.5290830707235444e-06,,1.8977228467569765e-06,,1.806498840990178e-06,,2.1937238141232793e-06,
1090,good_takamine_EG523SC_piezo_to_Classical_Unknown_mic,2.895690061172151e-06,,3.6771200396792373e-06,,2.33852809541727e-06,,4.013212646857743e-06,,6.4607213537294424e-06,,3.72684377450825e-06,
1091,good_takamine_EG523SC_piezo_to_Classical_Unknown_piezo,8.901732500490136e-06,,6.10941034768467e-06,,9.443382421626461e-06,,1.950840238100883e-06,,1.3136918353156112e-06,,1.4351795495992187e-06,
1092,good_takamine_EG523SC_mic_to_Classical_Unknown_mic,7.369091820399205e-06,,8.26051573584297e-06,,3.7693058990447678e-06,,2.5862918625644895e-06,,2.8295560819394703e-06,,4.012995355468275e-06,
1093,good_takamine_EG523SC_mic_to_Classical_Unknown_piezo,2.3500604123546414e-06,,2.3433961052245167e-06,,1.3320223508944317e-06,,1.6705329542756536e-06,,1.6789232923088555e-06,,1.912085741719566e-06,
1094,good_takamine_EG523SC_piezo_to_Classical_Unknown_mic,3.6997219003391183e-06,,4.101238924131238e-06,,3.475272091675947e-06,,6.036915044035658e-06,,2.7274134761278767e-06,,6.077913454427863e-06,
1095,good_takamine_EG523SC_piezo_to_Classical_Unknown_piezo,2.4757114494246885e-06,,4.293562796685687e-06,,2.3839097700258043e-06,,1.9706185016996843e-06,,1.6367453051266071e-06,,2.2381194602381138e-06,
1096,good_takamine_EG523SC_mic_to_Classical_Unknown_mic,6.485861508289334e-06,,5.7950838197689895e-06,,4.820949309081818e-06,,2.927678576621514e-06,,3.282306995602234e-06,,3.7902150384181288e-06,
1097,good_takamine_EG523SC_mic_to_Classical_Unknown_piezo,3.048771386565599e-06,,2.9411210121901484e-06,,2.8838839276886974e-06,,1.7790417822262209e-06,,1.6588237743247003e-06,,1.899438492930384e-06,
1098,good_takamine_EG523SC_piezo_to_Classical_Unknown_mic,2.88101389618805e-06,,2.412746349620238e-06,,4.066732563466151e-06,,3.2477046762902395e-06,,2.4600697030423676e-06,,5.918993693929428e-06,
1099,good_takamine_EG523SC_piezo_to_Classical_Unknown_piezo,1.9866063740605673e-06,,2.6920023047507343e-06,,1.963513783682191e-06,,1.605764342976122e-06,,2.5514353182550914e-06,,1.7998272526464258e-06,
1100,good_takamine_EG523SC_mic_to_Classical_Unknown_mic,4.974556229753247e-06,,7.18099244912989e-06,,8.591218175706101e-06,,3.3588970142200906e-06,,3.0206514347019328e-06,,3.044861731023292e-06,
1101,good_takamine_EG523SC_mic_to_Classical_Unknown_piezo,3.0641517458580706e-06,,3.063101673943539e-06,,2.950291843978569e-06,,1.7175488274513246e-06,,1.5920327296153724e-06,,2.0019564124238006e-06,
1102,good_takamine_EG523SC_piezo_to_Classical_Unknown_mic,5.298906069094058e-06,,2.566490772675957e-06,,3.3206948704234327e-06,,3.346621008503461e-06,,4.321025931343628e-06,,6.234057305750062e-06,
1103,good_takamine_EG523SC_piezo_to_Classical_Unknown_piezo,2.423613858312705e-06,,3.0182519774146736e-06,,2.9042583897290514e-06,,1.7134612500283005e-06,,2.8429135174751424e-06,,2.2925135864924137e-06,
1104,good_takamine_EG523SC_mic_to_Classical_Unknown_mic,5.199053604413813e-06,,4.621663987519376e-06,,4.58658089185529e-06,,2.3048390608041165e-06,,2.3905793061790307e-06,,5.7375512364063256e-06,
1105,good_takamine_EG523SC_mic_to_Classical_Unknown_piezo,5.044494022729683e-06,,8.112160101944322e-06,,7.329487249236707e-06,,1.6970002792693026e-06,,1.6981216506939238e-06,,2.6773282813733054e-06,
1106,good_takamine_EG523SC_piezo_to_Classical_Unknown_mic,1.875528666776144e-06,,2.383271167390213e-06,,3.1356945255819636e-06,,3.6083955564974663e-06,,4.981034751022233e-06,,4.8830063341608905e-06,
1107,good_takamine_EG523SC_piezo_to_Classical_Unknown_piezo,3.2486909733746356e-06,,5.429781290502559e-06,,3.063440316887791e-06,,1.3964853538436683e-06,,1.4459957113357696e-06,,1.566609781843413e-06,
1108,good_takamine_EG523SC_mic_to_Classical_Unknown_mic,4.197127684715686e-06,,4.28561331514348e-06,,3.8614181175226765e-06,,2.124666103635776e-06,,2.557993688726568e-06,,5.851857425267184e-06,
1109,good_takamine_EG523SC_mic_to_Classical_Unknown_piezo,4.347662107177522e-06,,6.679915619479737e-06,,6.265775074936694e-06,,1.6395704726702635e-06,,1.5902637371553587e-06,,2.4822802808607955e-06,
1110,good_takamine_EG523SC_piezo_to_Classical_Unknown_mic,2.2256471367406996e-06,,2.2723659211531893e-06,,4.5523992155616456e-06,,4.268793989044502e-06,,4.4588373024140615e-06,,5.950598514086876e-06,
1111,good_takamine_EG523SC_piezo_to_Classical_Unknown_piezo,6.624057076339852e-06,,5.508173745914495e-06,,3.6687896492925647e-06,,1.3011907981393814e-06,,1.516820306866613e-06,,1.2259955991566679e-06,
1112,good_takamine_EG523SC_mic_to_Classical_Unknown_mic,6.116692246307381e-06,,6.740379449290412e-06,,4.495116260943094e-06,,3.0958312268718833e-06,,2.756546432638127e-06,,5.604703218261887e-06,
1113,good_takamine_EG523SC_mic_to_Classical_Unknown_piezo,5.2210386496193145e-06,,7.680343807099646e-06,,6.015491145265283e-06,,1.8399313247773974e-06,,1.6418464072453128e-06,,2.60825569857815e-06,
1114,good_takamine_EG523SC_piezo_to_Classical_Unknown_mic,3.042038480302386e-06,,3.185000978731528e-06,,3.73155452293992e-06,,3.4801973871549487e-06,,3.6729285111956627e-06,,4.4652848531275516e-06,
1115,good_takamine_EG523SC_piezo_to_Classical_Unknown_piezo,1.8013964415995256e-06,,2.5037469268887464e-06,,3.2913837830141574e-06,,1.7146475906481453e-06,,1.5699258934070546e-06,,1.4665557759625319e-06,
1116,good_takamine_EG523SC_mic_to_Classical_Unknown_mic,7.471144251650104e-06,,5.413398103036329e-06,,3.0103307638161058e-06,,2.432117313389274e-06,,2.2747812759839585e-06,,5.4112737321567385e-06,
1117,good_takamine_EG523SC_mic_to_Classical_Unknown_piezo,7.6355162842657e-06,,6.789465358757292e-06,,7.431373540241251e-06,,1.683399144139886e-06,,1.5767593544664812e-06,,2.3878255995004123e-06,
1118,good_takamine_EG523SC_piezo_to_Classical_Unknown_mic,1.9149673038948958e-06,,2.3639745804046216e-06,,2.054045503160053e-06,,3.580265168931885e-06,,3.5532809607714466e-06,,2.605438704953797e-06,
1119,good_takamine_EG523SC_piezo_to_Classical_Unknown_piezo,3.103970397163366e-06,,2.663064343756997e-06,,2.7320360503286005e-06,,1.6206306193509514e-06,,2.2738626546518967e-06,,2.1015562866532568e-06,
1120,good_takamine_EG523SC_mic_to_Classical_Unknown_mic,4.775061815432028e-06,,5.145378407327948e-06,,2.808801623618752e-06,,2.017193236194945e-06,,2.13862706874977e-06,,4.5117962034741305e-06,
1121,good_takamine_EG523SC_mic_to_Classical_Unknown_piezo,5.262097478789206e-06,,6.489657177178414e-06,,5.867149199428291e-06,,1.6991915069364776e-06,,1.5870195270256494e-06,,2.5674578784500683e-06,
1122,good_takamine_EG523SC_piezo_to_Classical_Unknown_mic,2.756159429589322e-06,,2.4200804215324453e-06,,2.4083656342233424e-06,,3.6476543099837123e-06,,3.3815665042751074e-06,,2.9237755636690657e-06,
1123,good_takamine_EG523SC_piezo_to_Classical_Unknown_piezo,4.837426014472985e-06,,3.3458928010719394e-06,,4.508815918125976e-06,,1.3427319067539773e-06,,1.9480122129164863e-06,,1.616700660073317e-06,
1124,good_takamine_EG523SC_mic_to_Classical_Unknown_mic,4.935511833198491e-06,,5.4509850758017516e-06,,3.5716304395264333e-06,,2.222993105085635e-06,,2.510089224156384e-06,,3.850635507559601e-06,
1125,good_takamine_EG523SC_mic_to_Classical_Unknown_piezo,4.965810177841386e-06,,6.072888139111057e-06,,8.036460231445824e-06,,1.496469468915288e-06,,1.5792267729631563e-06,,2.5651812051615672e-06,
1126,good_takamine_EG523SC_piezo_to_Classical_Unknown_mic,7.123091003113765e-06,,2.743754081187693e-06,,2.7415723054839882e-06,,1.937792325612298e-06,,2.3187177726748515e-06,,1.9899334803229894e-06,
1127,good_takamine_EG523SC_piezo_to_Classical_Unknown_piezo,1.9875604601328194e-06,,2.408141924987914e-06,,3.107497711206303e-06,,1.5091907984541255e-06,,1.5228593492290812e-06,,1.8801158700423844e-06,
1128,good_takamine_EG523SC_mic_to_Classical_Unknown_mic,2.5722314644023312e-06,,5.343980487933971e-06,,7.77362726042438e-06,,3.396154021277479e-06,,2.6221545088892213e-06,,3.452822333296191e-06,
1129,good_takamine_EG523SC_mic_to_Classical_Unknown_piezo,3.586668629521485e-06,,3.8102271370269573e-06,,2.536873613657756e-06,,2.263456387756868e-06,,1.6938496052931895e-06,,2.202768929971198e-06,
1130,good_takamine_EG523SC_piezo_to_Classical_Unknown_mic,2.2937867402188607e-06,,2.3839722259674386e-06,,2.5226163834981854e-06,,5.593483848933626e-06,,4.608010388309751e-06,,4.14376547806706e-06,
1131,good_takamine_EG523SC_piezo_to_Classical_Unknown_piezo,2.258519519803393e-06,,2.907953277004577e-06,,1.8666593384571468e-06,,2.8728325960934852e-06,,2.964340868994491e-06,,2.2497294811883436e-06,
1132,good_takamine_EG523SC_mic_to_Classical_Unknown_mic,2.6466865265587445e-06,,4.77051068253527e-06,,6.657678505918781e-06,,3.559418053228585e-06,,2.7838510439001763e-06,,3.424661504817602e-06,
1133,good_takamine_EG523SC_mic_to_Classical_Unknown_piezo,4.609929797214373e-06,,4.7153247608036534e-06,,2.6550466056309497e-06,,2.3767440083393413e-06,,1.7009966843141604e-06,,1.8409740762226174e-06,
1134,good_takamine_EG523SC_piezo_to_Classical_Unknown_mic,3.2073306163401594e-06,,2.065973939813521e-06,,2.643329587807218e-06,,3.958486443136819e-06,,5.340141342442111e-06,,4.494453634844394e-06,
1135,good_takamine_EG523SC_piezo_to_Classical_Unknown_piezo,6.044339810602584e-06,,4.041944312341454e-06,,3.5826635396522293e-06,,1.438650477159168e-06,,1.7038767870485997e-06,,1.5098557433379323e-06,
1136,good_takamine_EG523SC_mic_to_Classical_Unknown_mic,4.282688349854199e-06,,5.705403828230242e-06,,6.9958049215769e-06,,2.9841393533725135e-06,,3.5311958221900382e-06,,3.732482089296937e-06,
1137,good_takamine_EG523SC_mic_to_Classical_Unknown_piezo,3.1365539317987017e-06,,4.348326428495987e-06,,2.502433006629906e-06,,1.6219468626024846e-06,,2.134769347698105e-06,,2.120355887083671e-06,
1138,good_takamine_EG523SC_piezo_to_Classical_Unknown_mic,2.708110200377657e-06,,1.9018108031833103e-06,,2.335430982906646e-06,,4.303248107968311e-06,,4.527369939648439e-06,,2.987584202646596e-06,
1139,good_takamine_EG523SC_piezo_to_Classical_Unknown_piezo,3.0688002905815505e-06,,5.265883557014943e-06,,6.326241412752282e-06,,3.4054755019682953e-06,,2.3950367939108127e-06,,1.9487254592558923e-06,
1140,good_takamine_EG523SC_mic_to_Classical_Unknown_mic,4.674287582626503e-06,,4.276222175606425e-06,,6.244222873324407e-06,,3.581011557825729e-06,,3.4285095859560594e-06,,3.1023430939410907e-06,
1141,good_takamine_EG523SC_mic_to_Classical_Unknown_piezo,4.130646466647836e-06,,4.1104237906340065e-06,,1.889298731518097e-06,,2.149634918400305e-06,,2.206300545167038e-06,,1.6990486427680048e-06,
1142,good_takamine_EG523SC_piezo_to_Classical_Unknown_mic,3.1282203911824144e-06,,7.491675751933484e-06,,3.7056328468689195e-06,,3.76171806043117e-06,,2.547362270836697e-06,,5.9086790408393945e-06,
1143,good_takamine_EG523SC_piezo_to_Classical_Unknown_piezo,2.093284523175229e-06,,2.6148875402970064e-06,,1.73814535378255e-06,,1.8386791096733954e-06,,1.3881698593285702e-06,,2.2327098302897163e-06,
1144,good_takamine_EG523SC_mic_to_Classical_Unknown_mic,4.372953856057382e-06,,4.362744513957288e-06,,6.395794254769033e-06,,3.806922402977814e-06,,3.611838637766956e-06,,3.2007431860829405e-06,
1145,good_takamine_EG523SC_mic_to_Classical_Unknown_piezo,3.8321918802201215e-06,,3.84241059593319e-06,,2.593747020594539e-06,,2.130975913504667e-06,,2.1731147703593774e-06,,1.7102125560911862e-06,
1146,good_takamine_EG523SC_piezo_to_Classical_Unknown_mic,4.384202451908718e-06,,2.4382799420410645e-06,,5.28083097679351e-06,,3.3666059748402795e-06,,3.5714437783282867e-06,,4.42412679181267e-06,
1147,good_takamine_EG523SC_piezo_to_Classical_Unknown_piezo,1.5061791600060322e-06,,2.1506503660107257e-06,,1.9096661239080864e-06,,2.6530079501152067e-06,,1.9378195398442235e-06,,1.7767564109755422e-06,
1148,good_takamine_EG523SC_mic_to_Classical_Unknown_mic,5.564173754620868e-06,,4.420831494668074e-06,,5.263296046801105e-06,,3.6865061446027936e-06,,4.028902971824064e-06,,3.1142854460722675e-06,
1149,good_takamine_EG523SC_mic_to_Classical_Unknown_piezo,4.732247161236438e-06,,3.2228183599701666e-06,,2.697974343393577e-06,,1.991558508865373e-06,,1.9862668663611365e-06,,1.817219658446004e-06,
1150,good_takamine_EG523SC_piezo_to_Classical_Unknown_mic,4.043448416512264e-06,,2.684016355165921e-06,,9.081322667745946e-06,,2.3875265364667085e-06,,2.668231054734588e-06,,4.6840178765524065e-06,
1151,good_takamine_EG523SC_piezo_to_Classical_Unknown_piezo,2.2448118413993605e-06,,2.6544969970378994e-06,,2.342345343335315e-06,,1.722700642365633e-06,,2.128146321893022e-06,,1.5571108331164585e-06,
1152,good_takamine_EG523SC_mic_to_bad_takamine_EG440SC_mic,3.538405144969136e-06,,2.4411457877673043e-06,,2.644977626584006e-06,,1.6409355621267878e-06,,1.668325762244389e-06,,1.7733973340422253e-06,
1153,good_takamine_EG523SC_mic_to_bad_takamine_EG440SC_piezo,4.0798634764422975e-06,,8.218746974316313e-06,,2.5837815543038853e-06,,2.179146040125685e-06,,2.634025662145194e-06,,4.082551803523819e-06,
1154,good_takamine_EG523SC_piezo_to_bad_takamine_EG440SC_mic,2.2661740789620916e-06,,2.3197840219841377e-06,,1.967877534639108e-06,,1.67811526208446e-06,,1.5184231598372893e-06,,1.5136288139439486e-06,
1155,good_takamine_EG523SC_piezo_to_bad_takamine_EG440SC_piezo,2.299314168352574e-06,,2.295940287628697e-06,,3.727660920577487e-06,,3.305070912929791e-06,,3.2013072105490174e-06,,2.4451509701177254e-06,
1156,good_takamine_EG523SC_mic_to_bad_takamine_EG440SC_mic,5.3910175102811666e-06,,2.0497885832429676e-06,,2.8271387876959915e-06,,1.4595144837847499e-06,,1.601571864926254e-06,,1.8239027103575118e-06,
1157,good_takamine_EG523SC_mic_to_bad_takamine_EG440SC_piezo,4.146147223391422e-06,,4.993660945259123e-06,,2.570223463147909e-06,,2.376793471491261e-06,,3.1007835784102947e-06,,4.247895175692327e-06,
1158,good_takamine_EG523SC_piezo_to_bad_takamine_EG440SC_mic,6.059735814290387e-06,,1.9344020367325855e-06,,1.9922284913060985e-06,,1.475816405277819e-06,,1.6819604352919594e-06,,1.5254764336043606e-06,
1159,good_takamine_EG523SC_piezo_to_bad_takamine_EG440SC_piezo,5.791612609459774e-06,,2.468741668935913e-06,,7.730519638682443e-06,,2.0152840258153564e-06,,2.264449622500563e-06,,1.948278434170098e-06,
1160,good_takamine_EG523SC_mic_to_bad_takamine_EG440SC_mic,3.107000100814196e-06,,2.675081583114845e-06,,2.0093744573147297e-06,,1.5395507132521554e-06,,1.590653455752312e-06,,1.7972597669093882e-06,
1161,good_takamine_EG523SC_mic_to_bad_takamine_EG440SC_piezo,4.705939639755974e-06,,5.510921099389411e-06,,3.128414288448568e-06,,2.632929471115425e-06,,2.814730932031291e-06,,4.4230149533875914e-06,
1162,good_takamine_EG523SC_piezo_to_bad_takamine_EG440SC_mic,2.287044543678491e-06,,2.6424762143806757e-06,,2.4003843385941623e-06,,1.7247854461038864e-06,,1.3678924484896657e-06,,1.6097837039762896e-06,
1163,good_takamine_EG523SC_piezo_to_bad_takamine_EG440SC_piezo,5.244117581156557e-06,,4.561469388778432e-06,,6.015392524331994e-06,,2.848861589193425e-06,,2.9031002031958444e-06,,1.8972058179067384e-06,
1164,good_takamine_EG523SC_mic_to_bad_takamine_EG440SC_mic,3.20586481353448e-06,,2.8904326953368955e-06,,2.4317215565707107e-06,,1.2609841430732095e-06,,1.858178172600356e-06,,2.151470886233952e-06,
1165,good_takamine_EG523SC_mic_to_bad_takamine_EG440SC_piezo,6.482433234004761e-06,,8.414911889731317e-06,,3.3424755186355493e-06,,3.365621147217865e-06,,3.5475142515084837e-06,,4.640154038680564e-06,
1166,good_takamine_EG523SC_piezo_to_bad_takamine_EG440SC_mic,2.2964309297987847e-06,,2.1437161585903492e-06,,1.7622448157491927e-06,,1.2083919696229924e-06,,1.33650218378964e-06,,1.5662846838742477e-06,
1167,good_takamine_EG523SC_piezo_to_bad_takamine_EG440SC_piezo,6.596962880386184e-06,,5.143135110942259e-06,,3.3244244638667373e-06,,3.7283252473624993e-06,,2.5368184611710286e-06,,2.0415135969360913e-06,
1168,good_takamine_EG523SC_mic_to_bad_takamine_EG440SC_mic,3.554274919343804e-06,,2.4380279562931314e-06,,2.150436895431851e-06,,1.5580414298581214e-06,,1.7564429619546986e-06,,1.9803206849701098e-06,
1169,good_takamine_EG523SC_mic_to_bad_takamine_EG440SC_piezo,4.555012443855187e-06,,7.696942105023697e-06,,3.169572534477834e-06,,3.094705371454475e-06,,3.4638671389412616e-06,,4.578184824356006e-06,
1170,good_takamine_EG523SC_piezo_to_bad_takamine_EG440SC_mic,1.8604584593702068e-06,,1.506581356970208e-06,,1.6235202889309238e-06,,1.5185257321407423e-06,,1.4845211091888476e-06,,1.468038098917516e-06,
1171,good_takamine_EG523SC_piezo_to_bad_takamine_EG440SC_piezo,3.6089412100414733e-06,,6.695655175490867e-06,,2.863459422318253e-06,,3.0952798913603132e-06,,3.7841551631167544e-06,,2.2861471617342495e-06,
1172,good_takamine_EG523SC_mic_to_bad_takamine_EG440SC_mic,2.6809316241751634e-06,,2.520235652391756e-06,,2.3885797525330176e-06,,1.3160747904580807e-06,,1.8216047783863377e-06,,1.8538328607390931e-06,
1173,good_takamine_EG523SC_mic_to_bad_takamine_EG440SC_piezo,4.314235506495834e-06,,6.532559888767814e-06,,3.2563773370892816e-06,,3.4138670799942563e-06,,3.4777628983955007e-06,,4.642544416786861e-06,
1174,good_takamine_EG523SC_piezo_to_bad_takamine_EG440SC_mic,2.0334159978865214e-06,,1.8507596876565368e-06,,1.602270454003029e-06,,1.9203332625643884e-06,,1.574897474294574e-06,,1.2892398814594421e-06,
1175,good_takamine_EG523SC_piezo_to_bad_takamine_EG440SC_piezo,3.394946244239483e-06,,3.444308751590811e-06,,3.4634105231988413e-06,,2.048113172156836e-06,,2.661418562374299e-06,,2.6078354109452923e-06,
1176,good_takamine_EG523SC_mic_to_bad_takamine_EG440SC_mic,3.851824431511528e-06,,3.740516062531177e-06,,4.322615803705342e-06,,1.710231194878939e-06,,1.6786560928743465e-06,,1.8508807966098368e-06,
1177,good_takamine_EG523SC_mic_to_bad_takamine_EG440SC_piezo,5.067751550660366e-06,,4.664491671870259e-06,,4.161448787519767e-06,,3.841145231532717e-06,,3.5895401541581604e-06,,4.990356748452018e-06,
1178,good_takamine_EG523SC_piezo_to_bad_takamine_EG440SC_mic,2.9884727745657083e-06,,2.7940247839132824e-06,,2.7275551562388204e-06,,2.3134097319369476e-06,,2.543255393533628e-06,,3.3078714375865383e-06,
1179,good_takamine_EG523SC_piezo_to_bad_takamine_EG440SC_piezo,2.989251891662788e-06,,3.0206770614538265e-06,,2.764399301039692e-06,,4.532418685376101e-06,,4.581055004479929e-06,,5.47500321879977e-06,
1180,good_takamine_EG523SC_mic_to_bad_takamine_EG440SC_mic,3.857612925885565e-06,,4.134977288322716e-06,,4.790333231041221e-06,,1.774537098306717e-06,,1.7105709523893601e-06,,1.6835611280638268e-06,
1181,good_takamine_EG523SC_mic_to_bad_takamine_EG440SC_piezo,3.7135041718105564e-06,,3.731697365845782e-06,,4.480575888548657e-06,,4.22028212944041e-06,,4.485602030685534e-06,,4.22270148699127e-06,
1182,good_takamine_EG523SC_piezo_to_bad_takamine_EG440SC_mic,4.793396326546362e-06,,2.974541605021867e-06,,2.636019345091874e-06,,2.3665882734717263e-06,,3.4042562643316976e-06,,1.7905105379883793e-06,
1183,good_takamine_EG523SC_piezo_to_bad_takamine_EG440SC_piezo,7.17452620358185e-06,,2.8534406632792484e-06,,7.921672916794355e-06,,5.183106728436717e-06,,5.033546396956573e-06,,4.523105705466928e-06,
1184,good_takamine_EG523SC_mic_to_bad_takamine_EG440SC_mic,3.6902026492315018e-06,,4.252443254646703e-06,,4.147225696555197e-06,,1.4997939110342666e-06,,1.6890572903241916e-06,,1.8989071461302536e-06,
1185,good_takamine_EG523SC_mic_to_bad_takamine_EG440SC_piezo,3.336731175895851e-06,,8.368772180757893e-06,,5.382422751102786e-06,,4.432947050613614e-06,,2.4704409314039433e-06,,3.734873498777294e-06,
1186,good_takamine_EG523SC_piezo_to_bad_takamine_EG440SC_mic,3.556968389643652e-06,,2.714360137138479e-06,,2.2935955095259e-06,,1.6672793196057744e-06,,1.3457040499859225e-06,,1.5953736448693776e-06,
1187,good_takamine_EG523SC_piezo_to_bad_takamine_EG440SC_piezo,7.525270647211832e-06,,6.430739383000713e-06,,5.144881019672061e-06,,3.6789566479713213e-06,,3.691305870335281e-06,,4.558607590110561e-06,
1188,good_takamine_EG523SC_mic_to_bad_takamine_EG440SC_mic,3.4595302647502448e-06,,3.536696621444868e-06,,2.071966497672222e-06,,1.4776821832754665e-06,,1.8824564593708388e-06,,2.0360128671826833e-06,
1189,good_takamine_EG523SC_mic_to_bad_takamine_EG440SC_piezo,5.361172060981747e-06,,7.109136899617511e-06,,3.632775296533992e-06,,4.390499946983913e-06,,4.2747464841841e-06,,3.987811564806561e-06,
1190,good_takamine_EG523SC_piezo_to_bad_takamine_EG440SC_mic,2.1634059086102434e-06,,2.2319107629054465e-06,,1.7721299423879624e-06,,1.5220778772917043e-06,,1.3581181781942995e-06,,1.344470852498575e-06,
1191,good_takamine_EG523SC_piezo_to_bad_takamine_EG440SC_piezo,4.728875813464235e-06,,7.56329867892104e-06,,7.619137910672578e-06,,4.046830741194123e-06,,2.907867336560695e-06,,5.978741330496038e-06,
1192,good_takamine_EG523SC_mic_to_bad_takamine_EG440SC_mic,4.459093375044606e-06,,5.032262524701063e-06,,2.93099013595699e-06,,1.566854607968298e-06,,1.6214120779889604e-06,,1.6941662140012012e-06,
1193,good_takamine_EG523SC_mic_to_bad_takamine_EG440SC_piezo,5.52630409496901e-06,,7.302863268876253e-06,,7.423881664633096e-06,,2.6442211393614867e-06,,4.575494677224044e-06,,3.775697977071871e-06,
1194,good_takamine_EG523SC_piezo_to_bad_takamine_EG440SC_mic,2.8058206699712548e-06,,2.117590149060308e-06,,2.6855569148880496e-06,,1.3436087222690914e-06,,1.2916492286369793e-06,,1.5397458581748259e-06,
1195,good_takamine_EG523SC_piezo_to_bad_takamine_EG440SC_piezo,3.1249012486839895e-06,,4.122878158840824e-06,,4.816166055840914e-06,,3.307672631544312e-06,,2.09180844910624e-06,,5.1068186780097665e-06,
1196,good_takamine_EG523SC_mic_to_bad_takamine_EG440SC_mic,3.7928717596106166e-06,,4.651892600725306e-06,,2.799905260975504e-06,,1.538239620337436e-06,,1.7070392679124401e-06,,1.8083347173015157e-06,
1197,good_takamine_EG523SC_mic_to_bad_takamine_EG440SC_piezo,3.1066855290945147e-06,,4.819145517380144e-06,,5.24587582787632e-06,,3.6443781607435905e-06,,3.5236139768165032e-06,,3.979568811318176e-06,
1198,good_takamine_EG523SC_piezo_to_bad_takamine_EG440SC_mic,2.852193672624571e-06,,2.879889755768064e-06,,2.2407931896856033e-06,,1.3893902266239608e-06,,1.536518603719424e-06,,1.644496359294297e-06,
1199,good_takamine_EG523SC_piezo_to_bad_takamine_EG440SC_piezo,3.962744882443074e-06,,4.409006568025703e-06,,4.539602404503741e-06,,2.9028188007191737e-06,,3.0564193525903447e-06,,5.613044002357429e-06,
1200,good_takamine_EG523SC_mic_to_bad_takamine_EG440SC_mic,3.2961083497727746e-06,,2.4246360442965784e-06,,2.432531803742481e-06,,1.4652324487304576e-06,,1.7621386585545782e-06,,1.78842062907539e-06,
1201,good_takamine_EG523SC_mic_to_bad_takamine_EG440SC_piezo,3.2862914918469782e-06,,4.060103869319836e-06,,7.2928147595327386e-06,,2.8352668918614406e-06,,2.6735869707821397e-06,,3.5884543691977364e-06,
1202,good_takamine_EG523SC_piezo_to_bad_takamine_EG440SC_mic,2.558548456550764e-06,,2.0545823420704967e-06,,2.063926532269581e-06,,1.4428042042170714e-06,,1.192219282172492e-06,,1.2116244200595655e-06,
1203,good_takamine_EG523SC_piezo_to_bad_takamine_EG440SC_piezo,4.310498427802404e-06,,4.744152915927673e-06,,6.297443816061142e-06,,2.919058159384632e-06,,3.2485783218216577e-06,,3.0580937731716218e-06,
1204,good_takamine_EG523SC_mic_to_bad_takamine_EG440SC_mic,9.40171530198634e-06,,2.7331909270906433e-06,,5.052682476339747e-06,,1.6958607407793796e-06,,1.698099812461362e-06,,1.5080127839365649e-06,
1205,good_takamine_EG523SC_mic_to_bad_takamine_EG440SC_piezo,4.830082470737362e-06,,4.5852430322937375e-06,,4.291797557133122e-06,,3.0416418418483e-06,,2.6779626163688133e-06,,3.316142717521988e-06,
1206,good_takamine_EG523SC_piezo_to_bad_takamine_EG440SC_mic,2.04965487119754e-06,,2.076721928055249e-06,,1.7264317655470124e-06,,1.072326162714545e-06,,1.180997529617896e-06,,1.2409110968981148e-06,
1207,good_takamine_EG523SC_piezo_to_bad_takamine_EG440SC_piezo,5.057636874804768e-06,,5.329198253531744e-06,,6.530604653638754e-06,,4.341875305795508e-06,,4.6113556429329766e-06,,2.1461282800452648e-06,
1208,good_takamine_EG523SC_mic_to_bad_takamine_EG440SC_mic,2.377503793185791e-06,,2.0795520174609298e-06,,1.8583837648107628e-06,,1.4614490501940251e-06,,1.854618799454858e-06,,1.995783431705279e-06,
1209,good_takamine_EG523SC_mic_to_bad_takamine_EG440SC_piezo,5.530086634521061e-06,,7.4776388367513835e-06,,2.9996211961975555e-06,,3.0949696642558354e-06,,3.2671096460769445e-06,,4.901210241651159e-06,
1210,good_takamine_EG523SC_piezo_to_bad_takamine_EG440SC_mic,2.454367559979593e-06,,2.359355791841753e-06,,2.0063421926584156e-06,,1.2342562901519997e-06,,1.1821363933686837e-06,,1.2108955137806123e-06,
1211,good_takamine_EG523SC_piezo_to_bad_takamine_EG440SC_piezo,4.668152021249048e-06,,4.633261139856559e-06,,3.3657959044752155e-06,,2.06997673490076e-06,,1.9067812789818492e-06,,1.7032090248857277e-06,
1212,good_takamine_EG523SC_mic_to_bad_takamine_EG440SC_mic,2.5358202218003876e-06,,2.9399097135697254e-06,,2.5210535618249723e-06,,1.5362472176069816e-06,,1.880400340830457e-06,,2.217345083753528e-06,
1213,good_takamine_EG523SC_mic_to_bad_takamine_EG440SC_piezo,4.7577627494984415e-06,,5.401203848391776e-06,,2.9279285387221925e-06,,2.642084893267611e-06,,4.507347944827717e-06,,4.344014553176099e-06,
1214,good_takamine_EG523SC_piezo_to_bad_takamine_EG440SC_mic,1.735523940242026e-06,,1.8776937865792665e-06,,2.723429320077811e-06,,1.1536231460886904e-06,,1.2512200455897005e-06,,1.7402724028654582e-06,
1215,good_takamine_EG523SC_piezo_to_bad_takamine_EG440SC_piezo,7.128881383845071e-06,,5.9643859443333005e-06,,7.500763719143064e-06,,4.397135032625662e-06,,3.5443509447097e-06,,3.717024707123483e-06,
1216,good_takamine_EG523SC_mic_to_bad_takamine_EG440SC_mic,3.0612072681047027e-06,,2.4222053994110266e-06,,2.0386146011785725e-06,,1.4570246351530888e-06,,1.4451093497560066e-06,,2.0235651193207237e-06,
1217,good_takamine_EG523SC_mic_to_bad_takamine_EG440SC_piezo,6.235154429417279e-06,,7.262194906485406e-06,,2.5795985112280887e-06,,3.551084028709918e-06,,3.6525583205403668e-06,,4.567848883431707e-06,
1218,good_takamine_EG523SC_piezo_to_bad_takamine_EG440SC_mic,2.002420200453092e-06,,2.324394210719652e-06,,1.9147024087345384e-06,,1.8089688544965833e-06,,2.048730971690767e-06,,1.6651188838021365e-06,
1219,good_takamine_EG523SC_piezo_to_bad_takamine_EG440SC_piezo,4.877848800380492e-06,,5.093767453762417e-06,,3.7661757115213968e-06,,2.800254260609605e-06,,4.5090005307018426e-06,,2.9312266754022325e-06,
1220,good_takamine_EG523SC_mic_to_bad_takamine_EG440SC_mic,5.9997158391059535e-06,,2.4026991286727844e-06,,4.324689239745619e-06,,1.3684688630429337e-06,,1.2695118142725197e-06,,1.3229909945620974e-06,
1221,good_takamine_EG523SC_mic_to_bad_takamine_EG440SC_piezo,4.318667844835526e-06,,3.3142812833226693e-06,,8.66313800188523e-06,,2.034493325746804e-06,,2.421313986837925e-06,,2.6747995538358603e-06,
1222,good_takamine_EG523SC_piezo_to_bad_takamine_EG440SC_mic,2.0718066084940206e-06,,2.019815519421785e-06,,2.0742562029516105e-06,,1.2525198413632244e-06,,1.368068326145203e-06,,1.2044617386719336e-06,
1223,good_takamine_EG523SC_piezo_to_bad_takamine_EG440SC_piezo,3.054029641344942e-06,,3.7328565263602837e-06,,6.837032917960698e-06,,1.99725194641768e-06,,2.080219127440862e-06,,4.024899700803047e-06,
1224,good_takamine_EG523SC_mic_to_bad_takamine_EG440SC_mic,3.1493761308697435e-06,,4.386893760127273e-06,,3.2008047407237564e-06,,1.658168793388925e-06,,1.6538220546481855e-06,,1.9434214749119623e-06,
1225,good_takamine_EG523SC_mic_to_bad_takamine_EG440SC_piezo,5.145356852528303e-06,,4.850829345320871e-06,,4.655877125172504e-06,,3.7642714904337667e-06,,3.3654975940333542e-06,,4.601743959852761e-06,
1226,good_takamine_EG523SC_piezo_to_bad_takamine_EG440SC_mic,2.559412583090861e-06,,3.27714545461348e-06,,3.560555755493702e-06,,2.595366537393434e-06,,2.3445125976054427e-06,,3.50526031565918e-06,
1227,good_takamine_EG523SC_piezo_to_bad_takamine_EG440SC_piezo,2.8910780294391904e-06,,3.0863394382534497e-06,,3.0282436551934015e-06,,4.8395666127813335e-06,,4.36322008643907e-06,,5.440979338146079e-06,
1228,good_takamine_EG523SC_mic_to_bad_takamine_EG440SC_mic,2.655439402156362e-06,,4.2084717558468e-06,,2.4268168016892206e-06,,1.44812596404304e-06,,1.5394685561685506e-06,,1.5178687258835685e-06,
1229,good_takamine_EG523SC_mic_to_bad_takamine_EG440SC_piezo,5.704369867887275e-06,,4.370657229507705e-06,,6.295606100597802e-06,,4.603941684259653e-06,,4.073435734214292e-06,,4.518954357350141e-06,
1230,good_takamine_EG523SC_piezo_to_bad_takamine_EG440SC_mic,4.897673359958677e-06,,3.1933347032367425e-06,,3.035594322383217e-06,,2.115854736893566e-06,,3.870219740717579e-06,,2.867526570170107e-06,
1231,good_takamine_EG523SC_piezo_to_bad_takamine_EG440SC_piezo,5.316506084472784e-06,,4.170119898732815e-06,,3.685480176314378e-06,,4.778185662953808e-06,,3.815185208972643e-06,,4.664290146387238e-06,
1232,good_takamine_EG523SC_mic_to_bad_takamine_EG440SC_mic,3.053890659997724e-06,,3.876487952423184e-06,,2.4659948613617806e-06,,1.5081982969738208e-06,,1.5644340158910452e-06,,1.955336303759197e-06,
1233,good_takamine_EG523SC_mic_to_bad_takamine_EG440SC_piezo,3.4645869984423438e-06,,3.7280429524280025e-06,,7.619632622270267e-06,,4.621090337329956e-06,,3.3127880921059853e-06,,3.5507853097804823e-06,
1234,good_takamine_EG523SC_piezo_to_bad_takamine_EG440SC_mic,2.8594741496379658e-06,,2.468088611514558e-06,,2.5229953970683276e-06,,1.6936581488914386e-06,,1.4927315138236887e-06,,1.6297833473004052e-06,
1235,good_takamine_EG523SC_piezo_to_bad_takamine_EG440SC_piezo,5.413871377647772e-06,,5.578377038078876e-06,,5.433861195425714e-06,,3.67804094257316e-06,,4.194012266764189e-06,,3.898494227384962e-06,
1236,good_takamine_EG523SC_mic_to_bad_takamine_EG440SC_mic,3.4590823151196573e-06,,3.627217248879716e-06,,2.1738262926013514e-06,,1.4511852728127462e-06,,1.8594843524551042e-06,,2.0509434798673173e-06,
1237,good_takamine_EG523SC_mic_to_bad_takamine_EG440SC_piezo,6.318321653488386e-06,,7.050264114802987e-06,,3.754571840100929e-06,,4.304658564159581e-06,,4.015986749758027e-06,,3.7683190601140514e-06,
1238,good_takamine_EG523SC_piezo_to_bad_takamine_EG440SC_mic,1.7633690415793726e-06,,1.8923881790856931e-06,,1.883423340978545e-06,,1.5419337895441656e-06,,1.2695009274647093e-06,,1.3758112903751624e-06,
1239,good_takamine_EG523SC_piezo_to_bad_takamine_EG440SC_piezo,6.844296333832833e-06,,5.238081649489845e-06,,4.8074845875869085e-06,,3.878278589839573e-06,,2.6748809059471367e-06,,3.66854946102012e-06,
1240,good_takamine_EG523SC_mic_to_bad_takamine_EG440SC_mic,4.119110756484295e-06,,4.711543812581385e-06,,2.2628991042556253e-06,,1.5701542804976666e-06,,1.672655243873975e-06,,1.9748215902596257e-06,
1241,good_takamine_EG523SC_mic_to_bad_takamine_EG440SC_piezo,7.902593663748559e-06,,7.053195814413173e-06,,8.164571900101659e-06,,2.9418182821727104e-06,,3.4400897419832937e-06,,3.538995243918424e-06,
1242,good_takamine_EG523SC_piezo_to_bad_takamine_EG440SC_mic,2.4983831287085734e-06,,2.80395834409126e-06,,2.6440476171538714e-06,,1.5386454756640271e-06,,1.4322989741244557e-06,,1.3987191114319201e-06,
1243,good_takamine_EG523SC_piezo_to_bad_takamine_EG440SC_piezo,7.176313499902851e-06,,6.046449745399098e-06,,9.159361242509372e-06,,3.334952635367413e-06,,4.236462073079474e-06,,5.6047249014577335e-06,
1244,good_takamine_EG523SC_mic_to_bad_takamine_EG440SC_mic,5.456839856829124e-06,,4.076821229757056e-06,,2.9131958740818945e-06,,1.6529397438479248e-06,,1.5955176494196025e-06,,1.7860748050346294e-06,
1245,good_takamine_EG523SC_mic_to_bad_takamine_EG440SC_piezo,4.049427901707052e-06,,5.300147419335668e-06,,5.862018856572798e-06,,3.936901273093142e-06,,3.0250520651758133e-06,,4.525465159454619e-06,
1246,good_takamine_EG523SC_piezo_to_bad_takamine_EG440SC_mic,2.875364696826576e-06,,3.3983865711388342e-06,,2.1380489910202823e-06,,1.42215884844494e-06,,1.6135881951815706e-06,,1.579389178199286e-06,
1247,good_takamine_EG523SC_piezo_to_bad_takamine_EG440SC_piezo,3.841874109049313e-06,,5.044207577118668e-06,,3.6276539892902484e-06,,4.158383364023001e-06,,2.5477483692555598e-06,,3.7644266206776563e-06,
1248,good_takamine_EG523SC_mic_to_bad_takamine_EG440SC_mic,3.9090888071449e-06,,3.508128160986169e-06,,2.191475354475108e-06,,1.5541113419704527e-06,,1.4411424633259292e-06,,1.6795961261810447e-06,
1249,good_takamine_EG523SC_mic_to_bad_takamine_EG440SC_piezo,5.852311326727635e-06,,7.363664870775866e-06,,2.7355061576272606e-06,,2.1996660585793834e-06,,4.316525016944535e-06,,3.7906680007791085e-06,
1250,good_takamine_EG523SC_piezo_to_bad_takamine_EG440SC_mic,2.2912203936822774e-06,,2.123292570283463e-06,,1.7843841215779404e-06,,2.502682848322886e-06,,2.0302533806806182e-06,,1.7338851524155888e-06,
1251,good_takamine_EG523SC_piezo_to_bad_takamine_EG440SC_piezo,4.466118475313472e-06,,7.408785549889957e-06,,4.612137474648796e-06,,3.146563127521555e-06,,2.7597613302359833e-06,,2.918897531662108e-06,
1252,good_takamine_EG523SC_mic_to_bad_takamine_EG440SC_mic,2.7949662508031563e-06,,3.484934894589226e-06,,2.3468872992845058e-06,,1.3790373536057714e-06,,1.733881424494644e-06,,1.9658935773659546e-06,
1253,good_takamine_EG523SC_mic_to_bad_takamine_EG440SC_piezo,6.232167573356196e-06,,5.394428594987849e-06,,4.151165544966121e-06,,3.4615808352936338e-06,,3.1269180507040382e-06,,4.386485607585095e-06,
1254,good_takamine_EG523SC_piezo_to_bad_takamine_EG440SC_mic,2.0544029874483647e-06,,2.38275411153224e-06,,2.035332299970396e-06,,1.7143857293937357e-06,,1.6160998588125716e-06,,1.6376378665394506e-06,
1255,good_takamine_EG523SC_piezo_to_bad_takamine_EG440SC_piezo,5.741140754895313e-06,,5.201637906579991e-06,,5.560626962615112e-06,,2.303177958168958e-06,,2.089848757770123e-06,,2.226176856219801e-06,
1256,good_takamine_EG523SC_mic_to_bad_takamine_EG440SC_mic,2.4401934616175097e-06,,2.4253942047286426e-06,,2.2407667663448124e-06,,1.5252688638551897e-06,,1.8494678375196004e-06,,1.9200893194415997e-06,
1257,good_takamine_EG523SC_mic_to_bad_takamine_EG440SC_piezo,4.731931026643678e-06,,4.781641974350676e-06,,5.552326727281413e-06,,3.0940200924074635e-06,,2.997403355244556e-06,,4.786187803072654e-06,
1258,good_takamine_EG523SC_piezo_to_bad_takamine_EG440SC_mic,2.585338885652712e-06,,2.2721509984201596e-06,,2.2254809906432745e-06,,1.6820852527180773e-06,,1.649833721553204e-06,,1.277402855147947e-06,
1259,good_takamine_EG523SC_piezo_to_bad_takamine_EG440SC_piezo,6.519483474862585e-06,,7.64244318576735e-06,,4.367641489687008e-06,,2.7361537423857615e-06,,2.0046075536709755e-06,,1.9705113760946066e-06,
1260,good_takamine_EG523SC_mic_to_bad_takamine_EG440SC_mic,8.831704389314296e-06,,3.320615529098511e-06,,2.851997858187011e-06,,1.5034802321150946e-06,,1.579696506442786e-06,,1.7315855036679576e-06,
1261,good_takamine_EG523SC_mic_to_bad_takamine_EG440SC_piezo,3.747448430222291e-06,,3.820942412749249e-06,,2.7395224385540926e-06,,3.0523504129672217e-06,,4.073687487671107e-06,,4.823007028135111e-06,
1262,good_takamine_EG523SC_piezo_to_bad_takamine_EG440SC_mic,1.7090482848326174e-06,,1.9647750566866476e-06,,2.040582629638948e-06,,1.4292426398816912e-06,,1.5869949129716294e-06,,1.6796634847697118e-06,
1263,good_takamine_EG523SC_piezo_to_bad_takamine_EG440SC_piezo,2.6210569728085467e-06,,4.37530247016459e-06,,3.3403851438275375e-06,,2.1271378798895928e-06,,1.9663971912920074e-06,,2.337630573267845e-06,
1264,good_takamine_EG523SC_mic_to_bad_takamine_EG440SC_mic,3.1667767261220904e-06,,3.116432528818133e-06,,2.175097122936909e-06,,1.4479471612393296e-06,,1.91857433550898e-06,,1.989300889390088e-06,
1265,good_takamine_EG523SC_mic_to_bad_takamine_EG440SC_piezo,6.481297953098122e-06,,6.986734045777584e-06,,3.8475613569052125e-06,,3.577260608498753e-06,,4.604662179726568e-06,,4.111918975961287e-06,
1266,good_takamine_EG523SC_piezo_to_bad_takamine_EG440SC_mic,2.627149026400805e-06,,2.4708236976311315e-06,,1.793766680206559e-06,,1.318218593820952e-06,,1.698628552252715e-06,,1.4135057775216048e-06,
1267,good_takamine_EG523SC_piezo_to_bad_takamine_EG440SC_piezo,2.84719306264526e-06,,5.188657319267534e-06,,3.901633137594668e-06,,1.583549213041404e-06,,1.944125208860789e-06,,1.918531902278896e-06,
1268,good_takamine_EG523SC_mic_to_bad_takamine_EG440SC_mic,2.2614086930431243e-06,,2.4839748685409074e-06,,4.429644278824023e-06,,1.4519693366196224e-06,,1.7094885868426197e-06,,2.7144851929268985e-06,
1269,good_takamine_EG523SC_mic_to_bad_takamine_EG440SC_piezo,4.0964676747393115e-06,,3.7817828662608762e-06,,3.0999545560931917e-06,,3.4310980705223848e-06,,3.834166968648089e-06,,4.124125439381774e-06,
1270,good_takamine_EG523SC_piezo_to_bad_takamine_EG440SC_mic,2.3563893750971493e-06,,2.160638735076674e-06,,2.1127994840750706e-06,,1.8166115098295765e-06,,1.5423346027358059e-06,,1.3486840815635872e-06,
1271,good_takamine_EG523SC_piezo_to_bad_takamine_EG440SC_piezo,5.851510430937328e-06,,4.139467516738367e-06,,5.726457647966575e-06,,2.1087083766078445e-06,,1.743804616089443e-06,,2.263512751557373e-06,
1272,good_takamine_EG523SC_mic_to_bad_takamine_EG440SC_mic,3.689631062544241e-06,,3.926471163307464e-06,,4.479887488142228e-06,,1.795516547103227e-06,,1.5797990627019856e-06,,1.9449369463831623e-06,
1273,good_takamine_EG523SC_mic_to_bad_takamine_EG440SC_piezo,4.929083766990834e-06,,5.932886258177185e-06,,3.386967205873013e-06,,2.8171791961570003e-06,,3.4094126706370767e-06,,4.64821827558454e-06,
1274,good_takamine_EG523SC_piezo_to_bad_takamine_EG440SC_mic,2.3692401286403336e-06,,2.2975190596476764e-06,,2.466088662313615e-06,,1.7796557122531065e-06,,1.633056813088957e-06,,2.7836533042935797e-06,
1275,good_takamine_EG523SC_piezo_to_bad_takamine_EG440SC_piezo,2.7926840207033385e-06,,2.6048988803310527e-06,,3.019171381660285e-06,,4.7574773579066875e-06,,4.836461833811835e-06,,3.871171078059155e-06,
1276,good_takamine_EG523SC_mic_to_bad_takamine_EG440SC_mic,5.311859473357394e-06,,3.5225944154382075e-06,,6.9508398955466395e-06,,1.607632245386277e-06,,1.9060395808645886e-06,,1.7578146594230113e-06,
1277,good_takamine_EG523SC_mic_to_bad_takamine_EG440SC_piezo,3.6969219910192657e-06,,3.701537878395144e-06,,2.7975811773218343e-06,,3.939250126006258e-06,,3.8045094716528514e-06,,3.821668054249511e-06,
1278,good_takamine_EG523SC_piezo_to_bad_takamine_EG440SC_mic,2.6739817255552837e-06,,2.630467990083919e-06,,2.725857105899661e-06,,1.618591500990845e-06,,1.5372556104020012e-06,,2.0861346337470724e-06,
1279,good_takamine_EG523SC_piezo_to_bad_takamine_EG440SC_piezo,2.4023237960638076e-06,,3.1612537537109105e-06,,9.585811380828878e-06,,2.2919347354768625e-06,,2.7981329367812617e-06,,3.1354149521966007e-06,
1280,good_takamine_EG523SC_mic_to_bad_takamine_EG440SC_mic,6.275773141157944e-06,,7.3418655375521086e-06,,5.234985610084837e-06,,1.7562076196122276e-06,,1.8085842321162804e-06,,1.7591792653416589e-06,
1281,good_takamine_EG523SC_mic_to_bad_takamine_EG440SC_piezo,2.6042302152742705e-06,,2.611831069624392e-06,,4.20275909436089e-06,,3.17907887867735e-06,,4.5530747064368e-06,,4.657349875450331e-06,
1282,good_takamine_EG523SC_piezo_to_bad_takamine_EG440SC_mic,3.645601020221773e-06,,2.3657804830717567e-06,,2.826183498622806e-06,,1.9233767652796187e-06,,1.7681223640987768e-06,,1.2750975583491335e-06,
1283,good_takamine_EG523SC_piezo_to_bad_takamine_EG440SC_piezo,4.990852067381378e-06,,3.946930157084641e-06,,6.812618736728381e-06,,2.3084063353962136e-06,,3.8861443971268796e-06,,3.612252050877366e-06,
1284,good_takamine_EG523SC_mic_to_bad_takamine_EG440SC_mic,8.799139777809805e-06,,9.298669592324346e-06,,4.636455759387453e-06,,1.7928787059599837e-06,,1.7585484066898217e-06,,1.8264437884175153e-06,
1285,good_takamine_EG523SC_mic_to_bad_takamine_EG440SC_piezo,3.530675245548524e-06,,3.465325554673041e-06,,5.643185850079721e-06,,3.9997610635852525e-06,,3.959832225740449e-06,,3.549878166479304e-06,
1286,good_takamine_EG523SC_piezo_to_bad_takamine_EG440SC_mic,2.214470778852192e-06,,3.206902797257928e-06,,2.9422806891993546e-06,,1.619345136957581e-06,,1.541835532815055e-06,,1.734474181583489e-06,
1287,good_takamine_EG523SC_piezo_to_bad_takamine_EG440SC_piezo,3.903499130359303e-06,,3.3877929636297245e-06,,3.254201963767596e-06,,3.288107954217872e-06,,3.614811108859095e-06,,3.145978385603386e-06,
1288,good_takamine_EG523SC_mic_to_bad_takamine_EG440SC_mic,8.416436034045456e-06,,9.112734930706351e-06,,4.3845743129034355e-06,,1.8647482971258296e-06,,1.806915564857595e-06,,1.6895809199440362e-06,
1289,good_takamine_EG523SC_mic_to_bad_takamine_EG440SC_piezo,3.669916633080486e-06,,3.50936675300872e-06,,6.123401063275681e-06,,4.315395730899191e-06,,4.17529786752123e-06,,3.559099427601089e-06,
1290,good_takamine_EG523SC_piezo_to_bad_takamine_EG440SC_mic,2.2554974973361907e-06,,2.046561316375776e-06,,3.2423887716325143e-06,,1.444113414350509e-06,,1.4969459199256802e-06,,1.5996762815511592e-06,
1291,good_takamine_EG523SC_piezo_to_bad_takamine_EG440SC_piezo,3.000632983256178e-06,,4.531897712739418e-06,,3.119511853444144e-06,,2.587868253715282e-06,,3.5860317626595514e-06,,3.4427664873791162e-06,
1292,good_takamine_EG523SC_mic_to_bad_takamine_EG440SC_mic,5.501527398444847e-06,,7.116379579352206e-06,,4.66678978515899e-06,,1.6313109548823177e-06,,1.7390433628649712e-06,,1.7694564575342225e-06,
1293,good_takamine_EG523SC_mic_to_bad_takamine_EG440SC_piezo,3.6005351041523634e-06,,3.6010680076541278e-06,,4.338127538840729e-06,,4.128540082482703e-06,,4.144436044398043e-06,,3.47054287616999e-06,
1294,good_takamine_EG523SC_piezo_to_bad_takamine_EG440SC_mic,2.3496601756591955e-06,,2.2615301661586923e-06,,1.8985710245905023e-06,,2.2314698536105646e-06,,1.4686054115380095e-06,,1.5193263170606375e-06,
1295,good_takamine_EG523SC_piezo_to_bad_takamine_EG440SC_piezo,4.067184825331168e-06,,3.441315916363168e-06,,3.4909916967283713e-06,,3.468601556993473e-06,,2.667557703832488e-06,,3.403552914863746e-06,
1296,good_takamine_EG523SC_mic_to_Vi_Yamaha_F335_mic,1.6105484062889152e-06,,1.96734880269939e-06,,2.8052907817854943e-06,,2.234036899476382e-06,,2.7939398492072487e-06,,6.653325268763244e-06,
1297,good_takamine_EG523SC_mic_to_Vi_Yamaha_F335_piezo,2.7907658641244375e-06,,4.908096705932709e-06,,4.2236967458608195e-06,,2.4271971123803796e-06,,2.022407971576835e-06,,2.952637824500056e-06,
1298,good_takamine_EG523SC_piezo_to_Vi_Yamaha_F335_mic,1.8691283308869884e-06,,1.7931464783153939e-06,,1.6082517644859103e-06,,2.6039314598954185e-06,,2.4244057969566245e-06,,2.4621947791879292e-06,
1299,good_takamine_EG523SC_piezo_to_Vi_Yamaha_F335_piezo,3.2048874163934554e-06,,2.5117873057447036e-06,,2.6156856139188813e-06,,2.9502477292694848e-06,,2.6078113002295664e-06,,3.397887397270331e-06,
1300,good_takamine_EG523SC_mic_to_Vi_Yamaha_F335_mic,1.9150470485990614e-06,,2.997283750942573e-06,,2.355886729502566e-06,,3.0489542512989375e-06,,5.354530710926551e-06,,6.73617443089371e-06,
1301,good_takamine_EG523SC_mic_to_Vi_Yamaha_F335_piezo,4.026116712394059e-06,,4.94788988270279e-06,,4.9956096592612636e-06,,2.745515363291244e-06,,2.5872308063828633e-06,,3.407300029415287e-06,
1302,good_takamine_EG523SC_piezo_to_Vi_Yamaha_F335_mic,1.7188112683771194e-06,,2.0543730443212248e-06,,2.2493401092875905e-06,,2.9573318878166306e-06,,4.793505049529502e-06,,2.090405579166844e-06,
1303,good_takamine_EG523SC_piezo_to_Vi_Yamaha_F335_piezo,3.837832228740581e-06,,2.979589930800641e-06,,3.430127161451188e-06,,3.2695596373575297e-06,,3.031570594693929e-06,,3.1862432154989035e-06,
1304,good_takamine_EG523SC_mic_to_Vi_Yamaha_F335_mic,2.4725092636953127e-06,,1.9108210638906033e-06,,2.0923077739649814e-06,,2.5373373602882117e-06,,2.9472396196177553e-06,,5.19147818434642e-06,
1305,good_takamine_EG523SC_mic_to_Vi_Yamaha_F335_piezo,5.9058767889189695e-06,,7.35787069322982e-06,,4.787025831465646e-06,,2.46203119764185e-06,,2.2137595280690696e-06,,2.7392221448346377e-06,
1306,good_takamine_EG523SC_piezo_to_Vi_Yamaha_F335_mic,3.1762064364640223e-06,,2.929526183802951e-06,,1.7144226507427548e-06,,4.654471578125408e-06,,4.78556439886931e-06,,2.6441385000222606e-06,
1307,good_takamine_EG523SC_piezo_to_Vi_Yamaha_F335_piezo,3.404186011050319e-06,,2.3888796461453616e-06,,2.33441686873039e-06,,2.6228850457360185e-06,,3.1305082433578908e-06,,2.8084338107689883e-06,
1308,good_takamine_EG523SC_mic_to_Vi_Yamaha_F335_mic,1.6538643193876773e-06,,3.10469832382531e-06,,2.2906781516710407e-06,,2.1840027699673522e-06,,5.913698847827013e-06,,6.380435596551185e-06,
1309,good_takamine_EG523SC_mic_to_Vi_Yamaha_F335_piezo,5.4912044246515835e-06,,7.748591765997996e-06,,3.2703547279125787e-06,,2.1596269388258175e-06,,2.6197380955203725e-06,,3.823169832675143e-06,
1310,good_takamine_EG523SC_piezo_to_Vi_Yamaha_F335_mic,2.86804654514895e-06,,3.257816788702674e-06,,2.0694378278232903e-06,,3.7372475000951056e-06,,3.830483876058993e-06,,5.147985835748303e-06,
1311,good_takamine_EG523SC_piezo_to_Vi_Yamaha_F335_piezo,5.844244785746928e-06,,6.017799841211435e-06,,2.674336617554368e-06,,3.48156805348692e-06,,2.135059894140576e-06,,3.133628955970266e-06,
1312,good_takamine_EG523SC_mic_to_Vi_Yamaha_F335_mic,2.1134877693596423e-06,,2.875292599783454e-06,,1.9817380674325837e-06,,2.4528544964747314e-06,,5.224899977990489e-06,,5.133500315427718e-06,
1313,good_takamine_EG523SC_mic_to_Vi_Yamaha_F335_piezo,4.085925062250874e-06,,4.966589284708914e-06,,4.57295542107896e-06,,3.887401237314326e-06,,3.0730221823176118e-06,,2.999753907529124e-06,
1314,good_takamine_EG523SC_piezo_to_Vi_Yamaha_F335_mic,1.5087829831135156e-06,,2.0942789846726623e-06,,1.7145816797726056e-06,,2.9130789951718404e-06,,5.007576910704845e-06,,3.7717139795357537e-06,
1315,good_takamine_EG523SC_piezo_to_Vi_Yamaha_F335_piezo,6.195035212312863e-06,,3.250241169069267e-06,,2.4476568882870707e-06,,2.218733431271969e-06,,2.3789250907825e-06,,2.806249713537956e-06,
1316,good_takamine_EG523SC_mic_to_Vi_Yamaha_F335_mic,1.8093240036969994e-06,,3.3062551086142575e-06,,2.67097891503072e-06,,3.136078777243812e-06,,6.212728748401171e-06,,5.894315718976168e-06,
1317,good_takamine_EG523SC_mic_to_Vi_Yamaha_F335_piezo,3.702048633252164e-06,,3.650621886967928e-06,,3.137663697360257e-06,,1.997975543276135e-06,,2.0326095438651855e-06,,3.3478285167001317e-06,
1318,good_takamine_EG523SC_piezo_to_Vi_Yamaha_F335_mic,2.811372609588592e-06,,2.268529120657617e-06,,1.8529529244125809e-06,,4.177373514169162e-06,,3.4574758135713997e-06,,2.591447048031282e-06,
1319,good_takamine_EG523SC_piezo_to_Vi_Yamaha_F335_piezo,1.7560037354504387e-06,,2.218752722966778e-06,,2.2348011926003213e-06,,3.385202207915079e-06,,3.3645877559893854e-06,,3.080102266240706e-06,
1320,good_takamine_EG523SC_mic_to_Vi_Yamaha_F335_mic,2.6404667236699447e-06,,2.663595470764828e-06,,2.096810583489628e-06,,2.6980640768143283e-06,,2.5241624146753615e-06,,5.477093570244228e-06,
1321,good_takamine_EG523SC_mic_to_Vi_Yamaha_F335_piezo,3.4043094394186115e-06,,4.158616105005882e-06,,6.005212257417334e-06,,3.1838630166797793e-06,,3.513774249637202e-06,,4.17793312794857e-06,
1322,good_takamine_EG523SC_piezo_to_Vi_Yamaha_F335_mic,2.158437316276041e-06,,2.0094939577333255e-06,,2.033701582283949e-06,,3.973038198591554e-06,,4.909138607506274e-06,,5.665799115330524e-06,
1323,good_takamine_EG523SC_piezo_to_Vi_Yamaha_F335_piezo,3.0766188620767576e-06,,2.6537840651175292e-06,,2.6996848093313174e-06,,2.0633146936295768e-06,,3.228704220630785e-06,,2.60474761028307e-06,
1324,good_takamine_EG523SC_mic_to_Vi_Yamaha_F335_mic,2.5178533514397943e-06,,2.4072645500398933e-06,,1.9061005309583027e-06,,2.5655057604261876e-06,,2.3774252836923357e-06,,4.673585211344245e-06,
1325,good_takamine_EG523SC_mic_to_Vi_Yamaha_F335_piezo,3.712104748838733e-06,,3.3077795299618035e-06,,7.714532801816944e-06,,2.889966255780928e-06,,3.1310297139523427e-06,,3.4290800516328247e-06,
1326,good_takamine_EG523SC_piezo_to_Vi_Yamaha_F335_mic,2.402788137579021e-06,,2.0384410922679862e-06,,1.8214395905637236e-06,,4.047089609719404e-06,,4.475008406005942e-06,,4.640439516186185e-06,
1327,good_takamine_EG523SC_piezo_to_Vi_Yamaha_F335_piezo,3.9843582091069504e-06,,3.5705758933331286e-06,,2.5538216655754557e-06,,2.924972393227705e-06,,3.519563921475848e-06,,3.523543661075475e-06,
1328,good_takamine_EG523SC_mic_to_Vi_Yamaha_F335_mic,1.833393746568875e-06,,2.1095523023817074e-06,,2.090182412874984e-06,,2.7952869625969334e-06,,2.7857334415491814e-06,,6.530611206998285e-06,
1329,good_takamine_EG523SC_mic_to_Vi_Yamaha_F335_piezo,3.7951988389856722e-06,,4.41843263944267e-06,,4.512709309708975e-06,,3.6946547772449066e-06,,4.236787102775128e-06,,4.867637691055272e-06,
1330,good_takamine_EG523SC_piezo_to_Vi_Yamaha_F335_mic,7.961791674178257e-06,,3.0016909979513085e-06,,3.6074576068699566e-06,,3.944120070291955e-06,,4.741662040295969e-06,,3.443749302585963e-06,
1331,good_takamine_EG523SC_piezo_to_Vi_Yamaha_F335_piezo,2.232947056427287e-06,,3.562249299846771e-06,,3.540896130009709e-06,,2.7594436915571825e-06,,3.6279039574655732e-06,,4.748675330414091e-06,
1332,good_takamine_EG523SC_mic_to_Vi_Yamaha_F335_mic,1.7058956464478402e-06,,2.4324016410925148e-06,,1.8965712573879055e-06,,1.8823336664183984e-06,,5.4133911957329055e-06,,4.998226685351894e-06,
1333,good_takamine_EG523SC_mic_to_Vi_Yamaha_F335_piezo,5.379442391043067e-06,,4.492682805164915e-06,,6.196921754822243e-06,,3.782096728016978e-06,,4.438989541554959e-06,,2.7869840711914333e-06,
1334,good_takamine_EG523SC_piezo_to_Vi_Yamaha_F335_mic,4.5971620931914585e-06,,3.2242413232362575e-06,,2.3496349949822825e-06,,3.618640989518689e-06,,4.733911962921694e-06,,5.035302308657461e-06,
1335,good_takamine_EG523SC_piezo_to_Vi_Yamaha_F335_piezo,7.713858089929292e-06,,3.26409593829301e-06,,4.3946722335727256e-06,,3.5807965153741834e-06,,3.5117677884480262e-06,,3.4397327565379727e-06,
1336,good_takamine_EG523SC_mic_to_Vi_Yamaha_F335_mic,2.169828549794891e-06,,2.1916183036233437e-06,,1.8486330483960834e-06,,1.8007981632240967e-06,,4.989286675945846e-06,,4.518834176329764e-06,
1337,good_takamine_EG523SC_mic_to_Vi_Yamaha_F335_piezo,4.429163114516639e-06,,3.969313930215952e-06,,7.5183887234399054e-06,,4.45908363907777e-06,,5.701411950795956e-06,,3.245972641313565e-06,
1338,good_takamine_EG523SC_piezo_to_Vi_Yamaha_F335_mic,5.919880736910861e-06,,1.6869726376028296e-06,,3.676469434481602e-06,,2.8098531869954943e-06,,2.8214210989947795e-06,,3.842866943736262e-06,
1339,good_takamine_EG523SC_piezo_to_Vi_Yamaha_F335_piezo,6.410430928869799e-06,,5.116296733520791e-06,,3.4145692646571597e-06,,3.146246640818761e-06,,1.961259088073525e-06,,4.414261556167784e-06,
1340,good_takamine_EG523SC_mic_to_Vi_Yamaha_F335_mic,2.5428145121043576e-06,,2.2011381004525393e-06,,1.8385476345158313e-06,,1.913876158877423e-06,,4.837773320540971e-06,,4.873995101336975e-06,
1341,good_takamine_EG523SC_mic_to_Vi_Yamaha_F335_piezo,3.475432840601323e-06,,4.150919692106367e-06,,5.5118605583411145e-06,,4.278201922802115e-06,,4.97361238097275e-06,,3.3345778616976784e-06,
1342,good_takamine_EG523SC_piezo_to_Vi_Yamaha_F335_mic,3.216792221322866e-06,,1.7770261750176874e-06,,2.5481013577450273e-06,,3.6077054904795397e-06,,2.893834228522994e-06,,5.277936703850577e-06,
1343,good_takamine_EG523SC_piezo_to_Vi_Yamaha_F335_piezo,7.28695810267001e-06,,5.893816175910171e-06,,3.5604855422083844e-06,,3.741100413287125e-06,,2.23915712966292e-06,,4.148501852902967e-06,
1344,good_takamine_EG523SC_mic_to_Vi_Yamaha_F335_mic,2.3145682498304524e-06,,2.7214493164533516e-06,,2.8938487739105383e-06,,3.457811219283265e-06,,3.049001498262199e-06,,4.693146804019452e-06,
1345,good_takamine_EG523SC_mic_to_Vi_Yamaha_F335_piezo,6.336249413172285e-06,,5.460678198783678e-06,,3.403961214527651e-06,,1.967678347490957e-06,,2.506757968486277e-06,,3.103299922267971e-06,
1346,good_takamine_EG523SC_piezo_to_Vi_Yamaha_F335_mic,1.6741102218079522e-06,,2.055793492677675e-06,,1.500034995676784e-06,,2.929055815825472e-06,,4.268174765764419e-06,,2.2670677048349356e-06,
1347,good_takamine_EG523SC_piezo_to_Vi_Yamaha_F335_piezo,5.429249039649932e-06,,2.208584474750187e-06,,3.2297033326469303e-06,,2.050164783779478e-06,,2.93080241382013e-06,,3.8117111187639506e-06,
1348,good_takamine_EG523SC_mic_to_Vi_Yamaha_F335_mic,7.360446858832954e-06,,3.612052988105134e-06,,5.6550095925099224e-06,,3.349926009143999e-06,,2.9524360744627884e-06,,3.1475824059052315e-06,
1349,good_takamine_EG523SC_mic_to_Vi_Yamaha_F335_piezo,5.0146091605251846e-06,,4.352422483387159e-06,,5.2059621289490425e-06,,2.8004641067001135e-06,,2.6874848319398947e-06,,2.689044038876527e-06,
1350,good_takamine_EG523SC_piezo_to_Vi_Yamaha_F335_mic,1.3886699702434075e-06,,1.5743015048977241e-06,,1.6842883531342186e-06,,2.2934947044205743e-06,,2.0584705358528756e-06,,1.888607830988182e-06,
1351,good_takamine_EG523SC_piezo_to_Vi_Yamaha_F335_piezo,4.535202024566629e-06,,3.1533174720889836e-06,,3.0890990481667703e-06,,3.537187489353033e-06,,2.65236132462931e-06,,3.3695903812342487e-06,
1352,good_takamine_EG523SC_mic_to_Vi_Yamaha_F335_mic,3.5062772083056736e-06,,3.5184855485075044e-06,,2.2741107123997206e-06,,3.0508173228080195e-06,,3.1779805512336665e-06,,6.20065462407645e-06,
1353,good_takamine_EG523SC_mic_to_Vi_Yamaha_F335_piezo,5.970149057508698e-06,,4.143649561408966e-06,,3.330617132771771e-06,,2.639659138849709e-06,,2.1469015576282936e-06,,3.6497088641626997e-06,
1354,good_takamine_EG523SC_piezo_to_Vi_Yamaha_F335_mic,1.8085441757190759e-06,,1.8693432483712033e-06,,2.3529842584403966e-06,,2.071926133370471e-06,,2.3567728970747145e-06,,1.7875907129056455e-06,
1355,good_takamine_EG523SC_piezo_to_Vi_Yamaha_F335_piezo,2.616558087861439e-06,,2.2557683908066294e-06,,2.825776009380962e-06,,2.5532025909044396e-06,,3.3613204529674497e-06,,2.6504948238916333e-06,
1356,good_takamine_EG523SC_mic_to_Vi_Yamaha_F335_mic,1.859119790285194e-06,,2.299998101393872e-06,,2.195095685632279e-06,,2.7499630172355013e-06,,5.734420465734323e-06,,6.95455479670828e-06,
1357,good_takamine_EG523SC_mic_to_Vi_Yamaha_F335_piezo,6.37563174798275e-06,,4.669122545501721e-06,,4.497189799871635e-06,,2.786599011644766e-06,,3.998228356239752e-06,,4.349224636307358e-06,
1358,good_takamine_EG523SC_piezo_to_Vi_Yamaha_F335_mic,1.571501384720978e-06,,1.6982005431790385e-06,,1.7136705296084065e-06,,2.9172078676528244e-06,,2.964298714605262e-06,,2.63845083468371e-06,
1359,good_takamine_EG523SC_piezo_to_Vi_Yamaha_F335_piezo,3.6067951460951767e-06,,3.1369112504269083e-06,,2.514410795017959e-06,,3.685663829736603e-06,,2.424981784769978e-06,,3.578062338571566e-06,
1360,good_takamine_EG523SC_mic_to_Vi_Yamaha_F335_mic,4.1495604800498935e-06,,3.210877166902499e-06,,2.134301557312092e-06,,2.332553442056046e-06,,3.451979006502004e-06,,4.371207018779409e-06,
1361,good_takamine_EG523SC_mic_to_Vi_Yamaha_F335_piezo,5.3844746337635905e-06,,7.095515194305717e-06,,3.0675648515456177e-06,,2.360978894476163e-06,,2.9642242770291208e-06,,2.680839438430092e-06,
1362,good_takamine_EG523SC_piezo_to_Vi_Yamaha_F335_mic,1.6929394937741472e-06,,2.0046613859187314e-06,,1.9215073038453216e-06,,2.7821210142833454e-06,,3.3838369868309802e-06,,2.066992332476299e-06,
1363,good_takamine_EG523SC_piezo_to_Vi_Yamaha_F335_piezo,5.2347590535934565e-06,,2.163465745472698e-06,,2.7676734987029293e-06,,2.3870716690289804e-06,,3.3083913326690055e-06,,2.8150100539483564e-06,
1364,good_takamine_EG523SC_mic_to_Vi_Yamaha_F335_mic,3.000211573212366e-06,,2.5372166166809664e-06,,2.172744364690724e-06,,1.8285278265276578e-06,,4.495123807687712e-06,,2.210131206815761e-06,
1365,good_takamine_EG523SC_mic_to_Vi_Yamaha_F335_piezo,3.6464030451241893e-06,,2.724559206951891e-06,,4.6320803539044095e-06,,2.1136561597292078e-06,,2.3338554551242416e-06,,2.475180364549002e-06,
1366,good_takamine_EG523SC_piezo_to_Vi_Yamaha_F335_mic,2.119534879788779e-06,,1.955346077103292e-06,,2.1386618954650117e-06,,4.087228738178399e-06,,3.691461524796715e-06,,2.637305208575527e-06,
1367,good_takamine_EG523SC_piezo_to_Vi_Yamaha_F335_piezo,2.9579520335941032e-06,,2.1944194543914073e-06,,2.2429430846431065e-06,,2.646397174826698e-06,,2.563640960744892e-06,,4.220343698847968e-06,
1368,good_takamine_EG523SC_mic_to_Vi_Yamaha_F335_mic,2.3417552785497273e-06,,2.6017316824146967e-06,,1.9606399733347876e-06,,2.918462591737473e-06,,2.5772842967841277e-06,,6.430848115655366e-06,
1369,good_takamine_EG523SC_mic_to_Vi_Yamaha_F335_piezo,3.4787217697093743e-06,,4.214916636633251e-06,,4.7476666311078324e-06,,3.452424998547311e-06,,4.2221421095845704e-06,,4.6845006681976756e-06,
1370,good_takamine_EG523SC_piezo_to_Vi_Yamaha_F335_mic,2.021919204279229e-06,,2.1241044593851e-06,,2.4694640658241307e-06,,3.94324067245544e-06,,3.201438347781517e-06,,4.925584679908579e-06,
1371,good_takamine_EG523SC_piezo_to_Vi_Yamaha_F335_piezo,2.8479890276360364e-06,,2.483438344123594e-06,,2.853681700713158e-06,,2.5373992845359444e-06,,3.1410985904489085e-06,,2.6728626673295747e-06,
1372,good_takamine_EG523SC_mic_to_Vi_Yamaha_F335_mic,2.1271841590135173e-06,,2.320102309634149e-06,,1.8575305572171799e-06,,2.532470932749833e-06,,2.502308113530459e-06,,5.330477342453444e-06,
1373,good_takamine_EG523SC_mic_to_Vi_Yamaha_F335_piezo,3.433254743529479e-06,,3.0687615091052813e-06,,4.229979508659458e-06,,3.7720424657713347e-06,,3.3376740123868188e-06,,4.505761059454309e-06,
1374,good_takamine_EG523SC_piezo_to_Vi_Yamaha_F335_mic,2.446097543777447e-06,,2.019290007299544e-06,,1.8910506909096296e-06,,4.798661850141936e-06,,4.859484118509767e-06,,4.631057763532229e-06,
1375,good_takamine_EG523SC_piezo_to_Vi_Yamaha_F335_piezo,2.4389601311815918e-06,,3.2448621882014296e-06,,2.704557005370005e-06,,2.9881877163555374e-06,,4.053552004323398e-06,,4.3401751576998575e-06,
1376,good_takamine_EG523SC_mic_to_Vi_Yamaha_F335_mic,2.1838733780114537e-06,,2.62624711441072e-06,,2.1957538487370225e-06,,2.7719991624383938e-06,,2.7915208075691384e-06,,6.702529397210066e-06,
1377,good_takamine_EG523SC_mic_to_Vi_Yamaha_F335_piezo,3.723273109298817e-06,,3.2311031757872083e-06,,5.885949114141033e-06,,4.489668122817241e-06,,3.869892800944105e-06,,3.8210332876664376e-06,
1378,good_takamine_EG523SC_piezo_to_Vi_Yamaha_F335_mic,2.2085227603725514e-06,,2.913472381637806e-06,,2.8210845479933028e-06,,3.602615041874086e-06,,5.11094686271632e-06,,3.2261731924515912e-06,
1379,good_takamine_EG523SC_piezo_to_Vi_Yamaha_F335_piezo,4.52251305738031e-06,,2.8990823959424924e-06,,4.008467512693432e-06,,2.8694728860884234e-06,,3.5007616582867415e-06,,4.366645616229555e-06,
1380,good_takamine_EG523SC_mic_to_Vi_Yamaha_F335_mic,1.5652970648767905e-06,,2.3737276534830774e-06,,2.0793619627729216e-06,,1.8767017565914952e-06,,4.909797330372092e-06,,6.352434305641969e-06,
1381,good_takamine_EG523SC_mic_to_Vi_Yamaha_F335_piezo,4.5557456993542225e-06,,4.484188297850104e-06,,3.1920752843695114e-06,,3.859550319002391e-06,,4.749608674397662e-06,,3.5410848994587825e-06,
1382,good_takamine_EG523SC_piezo_to_Vi_Yamaha_F335_mic,3.0100240907521952e-06,,2.2114534096341996e-06,,2.260894741509994e-06,,3.820888117399614e-06,,5.367201392416691e-06,,5.965861505369726e-06,
1383,good_takamine_EG523SC_piezo_to_Vi_Yamaha_F335_piezo,5.296947884868223e-06,,3.945716007929178e-06,,5.965203108033094e-06,,3.017694907357207e-06,,3.5940527471185675e-06,,4.085736173241349e-06,
1384,good_takamine_EG523SC_mic_to_Vi_Yamaha_F335_mic,1.824916559330692e-06,,2.2603851915059855e-06,,2.028672412142248e-06,,1.7869894194255602e-06,,4.584822277242906e-06,,5.769739344055073e-06,
1385,good_takamine_EG523SC_mic_to_Vi_Yamaha_F335_piezo,4.195359107564061e-06,,3.960704500584994e-06,,7.126942049472873e-06,,4.356798724839325e-06,,5.353544940182724e-06,,2.8452156666227473e-06,
1386,good_takamine_EG523SC_piezo_to_Vi_Yamaha_F335_mic,1.0095372467002442e-05,,1.8032092248482198e-06,,5.373657388811209e-06,,2.438138738607055e-06,,2.824112266627163e-06,,3.532624742947306e-06,
1387,good_takamine_EG523SC_piezo_to_Vi_Yamaha_F335_piezo,2.9555588553723337e-06,,3.0924017676000877e-06,,5.004769981648983e-06,,2.822987889713826e-06,,2.7570000307356184e-06,,4.08582243034073e-06,
1388,good_takamine_EG523SC_mic_to_Vi_Yamaha_F335_mic,2.2477176543374126e-06,,2.160914231144506e-06,,1.8277347240933863e-06,,1.976644182095504e-06,,5.0330929322763355e-06,,5.0272495801870534e-06,
1389,good_takamine_EG523SC_mic_to_Vi_Yamaha_F335_piezo,4.026228889078313e-06,,4.306744741866071e-06,,4.6905045044824815e-06,,4.716353286711256e-06,,5.509260110833406e-06,,3.4884276973873765e-06,
1390,good_takamine_EG523SC_piezo_to_Vi_Yamaha_F335_mic,9.110488566436132e-06,,1.9574057285224204e-06,,4.531536811252014e-06,,2.706729926868045e-06,,4.385230688452396e-06,,3.6425293758626728e-06,
1391,good_takamine_EG523SC_piezo_to_Vi_Yamaha_F335_piezo,5.156565721811794e-06,,7.458457897996697e-06,,4.373410885434061e-06,,2.984919925471907e-06,,2.1832156894275794e-06,,4.224834722716378e-06,
1392,good_takamine_EG523SC_mic_to_Vi_Yamaha_F335_mic,1.5740946850832993e-06,,1.5185918578939126e-06,,1.895988350353545e-06,,2.9453283262320837e-06,,3.1550528460857086e-06,,3.414398871210348e-06,
1393,good_takamine_EG523SC_mic_to_Vi_Yamaha_F335_piezo,6.421601004420615e-06,,6.89725478075622e-06,,3.588592095510108e-06,,2.3708070894365417e-06,,2.207942396102178e-06,,2.6462693775930545e-06,
1394,good_takamine_EG523SC_piezo_to_Vi_Yamaha_F335_mic,1.996591186079047e-06,,1.7139044400050126e-06,,2.0027742426946086e-06,,3.5764181997299224e-06,,4.377780595274818e-06,,4.333667651615764e-06,
1395,good_takamine_EG523SC_piezo_to_Vi_Yamaha_F335_piezo,5.080907553724604e-06,,3.201574566109329e-06,,2.663202958804145e-06,,3.4248132541280047e-06,,2.549022072294979e-06,,3.1923332277317923e-06,
1396,good_takamine_EG523SC_mic_to_Vi_Yamaha_F335_mic,2.023691083965743e-06,,2.6267952249862267e-06,,2.4876606150700995e-06,,2.3636720181627996e-06,,5.338529906374814e-06,,6.2980687186508314e-06,
1397,good_takamine_EG523SC_mic_to_Vi_Yamaha_F335_piezo,4.650134684968179e-06,,4.607897928108066e-06,,2.8111406545766693e-06,,2.6613190395192977e-06,,2.4706918507487265e-06,,2.909220505289148e-06,
1398,good_takamine_EG523SC_piezo_to_Vi_Yamaha_F335_mic,2.16220442119599e-06,,1.45485204076771e-06,,2.7913418508710995e-06,,2.367457394553038e-06,,3.3441770820579135e-06,,4.807176964896591e-06,
1399,good_takamine_EG523SC_piezo_to_Vi_Yamaha_F335_piezo,6.352357262259364e-06,,2.843740344189294e-06,,2.4921480031561395e-06,,3.0792596160559227e-06,,3.6831443450934868e-06,,3.6384889958250914e-06,
1400,good_takamine_EG523SC_mic_to_Vi_Yamaha_F335_mic,2.049225456744281e-06,,1.8781924301380252e-06,,2.7046142125643736e-06,,2.594865371394846e-06,,2.9467240603545567e-06,,6.35747856904949e-06,
1401,good_takamine_EG523SC_mic_to_Vi_Yamaha_F335_piezo,5.904007528487375e-06,,5.148822411574156e-06,,2.600520771039317e-06,,1.9317744697997053e-06,,2.2017462721475957e-06,,2.929723477984372e-06,
1402,good_takamine_EG523SC_piezo_to_Vi_Yamaha_F335_mic,3.522235945633927e-06,,2.3351083575776875e-06,,2.648406082245768e-06,,3.692480964031861e-06,,2.9729051577347248e-06,,4.109748816738472e-06,
1403,good_takamine_EG523SC_piezo_to_Vi_Yamaha_F335_piezo,2.0838765580983854e-06,,2.6822017096838754e-06,,1.7942561750006893e-06,,3.3800623464594557e-06,,3.0369184574746472e-06,,3.839172289224789e-06,
1404,good_takamine_EG523SC_mic_to_Vi_Yamaha_F335_mic,1.9354411992419446e-06,,2.5615027614997373e-06,,2.515893156002347e-06,,2.2373930515770906e-06,,4.240369535951091e-06,,6.613422907436499e-06,
1405,good_takamine_EG523SC_mic_to_Vi_Yamaha_F335_piezo,4.5845037215744715e-06,,3.997436300736432e-06,,8.340677369456051e-06,,3.6724545248877424e-06,,3.754247136919611e-06,,4.389087653495247e-06,
1406,good_takamine_EG523SC_piezo_to_Vi_Yamaha_F335_mic,1.9762000176919596e-06,,1.6317521822770325e-06,,1.8697128890185648e-06,,2.827851200353935e-06,,2.603374576431616e-06,,2.4255658737467005e-06,
1407,good_takamine_EG523SC_piezo_to_Vi_Yamaha_F335_piezo,4.615991752673166e-06,,5.786801403557808e-06,,2.4805666036921e-06,,2.3333867496605045e-06,,2.190233434869977e-06,,3.4063615532073696e-06,
1408,good_takamine_EG523SC_mic_to_Vi_Yamaha_F335_mic,1.8632259975740494e-06,,2.301159665070707e-06,,2.3621356519039714e-06,,2.075508890733804e-06,,4.810002443614346e-06,,6.302276322131664e-06,
1409,good_takamine_EG523SC_mic_to_Vi_Yamaha_F335_piezo,5.5558081975604286e-06,,7.300127288274782e-06,,3.0076480899190156e-06,,2.4089631750789376e-06,,2.432107531079262e-06,,4.6315800509676954e-06,
1410,good_takamine_EG523SC_piezo_to_Vi_Yamaha_F335_mic,1.7885951535846293e-06,,1.581909221643176e-06,,1.9976132291950545e-06,,3.0568444333934543e-06,,3.381888644752946e-06,,3.4489740818494184e-06,
1411,good_takamine_EG523SC_piezo_to_Vi_Yamaha_F335_piezo,3.9265172101138785e-06,,6.6280157534966635e-06,,2.8199021873446174e-06,,2.2529629275200826e-06,,2.1326070723711376e-06,,2.9634128561690025e-06,
1412,good_takamine_EG523SC_mic_to_Vi_Yamaha_F335_mic,1.731624181366685e-06,,2.3043471556715317e-06,,2.471935850658371e-06,,2.474215998928579e-06,,4.14123888933377e-06,,3.7561688361854767e-06,
1413,good_takamine_EG523SC_mic_to_Vi_Yamaha_F335_piezo,6.5247566316647325e-06,,3.5517971415464766e-06,,5.630119486609682e-06,,2.1352014888478336e-06,,1.8219291698668043e-06,,4.0302009265341925e-06,
1414,good_takamine_EG523SC_piezo_to_Vi_Yamaha_F335_mic,2.0008026281811704e-06,,1.9720631645657256e-06,,2.4136911418055057e-06,,2.2335114765536474e-06,,1.8067474177487963e-06,,2.589691922121518e-06,
1415,good_takamine_EG523SC_piezo_to_Vi_Yamaha_F335_piezo,3.656943315455077e-06,,3.4385514840726777e-06,,2.6092079649306563e-06,,3.2776581037325413e-06,,2.79456749361424e-06,,3.073406439152535e-06,
1416,good_takamine_EG523SC_mic_to_Vi_Yamaha_F335_mic,4.909412752024171e-06,,2.6826450164714198e-06,,2.3938137421663627e-06,,3.005214758440331e-06,,3.746296749815702e-06,,6.415031458806255e-06,
1417,good_takamine_EG523SC_mic_to_Vi_Yamaha_F335_piezo,2.991129608068081e-06,,5.039445237527264e-06,,3.2336744078558727e-06,,3.5749144902435488e-06,,3.4556252381734692e-06,,3.4465959567146806e-06,
1418,good_takamine_EG523SC_piezo_to_Vi_Yamaha_F335_mic,1.576840840995324e-06,,1.6741678427047842e-06,,2.229387337896599e-06,,5.186705412845476e-06,,4.204613651434165e-06,,3.1438318722438026e-06,
1419,good_takamine_EG523SC_piezo_to_Vi_Yamaha_F335_piezo,3.661224751527799e-06,,4.2406055281789106e-06,,4.070943934037922e-06,,4.005449519928778e-06,,3.664716563680181e-06,,3.941560568782538e-06,
1420,good_takamine_EG523SC_mic_to_Vi_Yamaha_F335_mic,3.1124276377832842e-06,,2.0662351206943452e-06,,2.9193400796630857e-06,,3.3924395288070455e-06,,3.030339897998952e-06,,4.659914471201828e-06,
1421,good_takamine_EG523SC_mic_to_Vi_Yamaha_F335_piezo,2.4204111182991445e-06,,2.791709939175563e-06,,2.7536782427136787e-06,,2.833698536403605e-06,,4.01075867002293e-06,,3.2901494031779674e-06,
1422,good_takamine_EG523SC_piezo_to_Vi_Yamaha_F335_mic,1.6856514163784028e-06,,1.7521234015455455e-06,,1.9376689937832096e-06,,4.19686614951603e-06,,4.715560919449033e-06,,6.264756686018607e-06,
1423,good_takamine_EG523SC_piezo_to_Vi_Yamaha_F335_piezo,3.5167523015388125e-06,,4.84741142305699e-06,,3.1605979513841635e-06,,2.7277973154027257e-06,,3.788042611796452e-06,,4.519564987909785e-06,
1424,good_takamine_EG523SC_mic_to_Vi_Yamaha_F335_mic,3.36083149733997e-06,,2.6680608100366747e-06,,2.3583053097617457e-06,,3.0669020310264533e-06,,2.9472118539278878e-06,,3.6216420006271174e-06,
1425,good_takamine_EG523SC_mic_to_Vi_Yamaha_F335_piezo,2.473763588322301e-06,,2.1802916885604034e-06,,4.017829744900685e-06,,2.7727617414359276e-06,,2.7824573744834434e-06,,3.625615506759876e-06,
1426,good_takamine_EG523SC_piezo_to_Vi_Yamaha_F335_mic,1.6115688894185226e-06,,1.5178242073965827e-06,,2.30051534511846e-06,,4.20665830135645e-06,,4.736261413255219e-06,,5.195962975782045e-06,
1427,good_takamine_EG523SC_piezo_to_Vi_Yamaha_F335_piezo,3.7043638237493597e-06,,3.858585319879693e-06,,4.311457985188014e-06,,2.436778620067292e-06,,3.1324749976688955e-06,,3.446471072160065e-06,
1428,good_takamine_EG523SC_mic_to_Vi_Yamaha_F335_mic,4.01761208661221e-06,,3.386942184359624e-06,,2.1354582183273177e-06,,2.5504400315459227e-06,,2.9600006485003892e-06,,6.014546161569995e-06,
1429,good_takamine_EG523SC_mic_to_Vi_Yamaha_F335_piezo,3.5610652866123317e-06,,3.5185734890105044e-06,,4.149692304410782e-06,,5.6712341281213164e-06,,4.968493380223001e-06,,5.1446293452249295e-06,
1430,good_takamine_EG523SC_piezo_to_Vi_Yamaha_F335_mic,2.7205431157844633e-06,,2.0322293270433473e-06,,3.953333713708955e-06,,4.29327970024709e-06,,3.120057370848327e-06,,4.303317123159987e-06,
1431,good_takamine_EG523SC_piezo_to_Vi_Yamaha_F335_piezo,6.510535476588613e-06,,3.0453076840676985e-06,,2.0860987501756295e-06,,2.9664868916019565e-06,,3.4629169848303495e-06,,4.171317525751459e-06,
1432,good_takamine_EG523SC_mic_to_Vi_Yamaha_F335_mic,3.334287205082805e-06,,3.0564871034798414e-06,,1.8367297621331732e-06,,2.428758721170901e-06,,3.293408878649474e-06,,4.6773955332473185e-06,
1433,good_takamine_EG523SC_mic_to_Vi_Yamaha_F335_piezo,3.5714037024834994e-06,,3.597229955546956e-06,,4.379998308703171e-06,,4.41261226744207e-06,,5.165301037007023e-06,,5.151382216705043e-06,
1434,good_takamine_EG523SC_piezo_to_Vi_Yamaha_F335_mic,6.31591629784828e-06,,1.917229200539529e-06,,4.799475901391845e-06,,4.091779830242417e-06,,3.4869104743860278e-06,,6.068507150981856e-06,
1435,good_takamine_EG523SC_piezo_to_Vi_Yamaha_F335_piezo,6.99949699905655e-06,,4.533044463111048e-06,,5.266756115628607e-06,,3.2129587027346714e-06,,2.213741837974732e-06,,3.235850487683481e-06,
1436,good_takamine_EG523SC_mic_to_Vi_Yamaha_F335_mic,3.275764263772895e-06,,2.826339815857876e-06,,2.12397291222882e-06,,2.0480146981850567e-06,,4.80366274015221e-06,,6.386299208325341e-06,
1437,good_takamine_EG523SC_mic_to_Vi_Yamaha_F335_piezo,3.15996030230773e-06,,3.4615909218516874e-06,,3.735425537349443e-06,,4.4570866305621004e-06,,4.081896051496095e-06,,5.291483340498204e-06,
1438,good_takamine_EG523SC_piezo_to_Vi_Yamaha_F335_mic,5.993505096939817e-06,,3.313777184329888e-06,,5.781838044821304e-06,,2.2807898728307783e-06,,4.24592987122407e-06,,5.730388905265037e-06,
1439,good_takamine_EG523SC_piezo_to_Vi_Yamaha_F335_piezo,3.841334813274445e-06,,3.30057170736465e-06,,4.876432578106916e-06,,3.118149325220379e-06,,2.471436641338188e-06,,3.7533974209727944e-06,
1440,AJ_JJasmine_JF37CD_mic_to_Bird_Aspen_DH37_mic,7.524014242890642e-06,,4.4510038333437404e-06,,3.2755249260899047e-06,,5.222981281676496e-06,,5.0553528858155335e-06,,2.7951446168625034e-06,
1441,AJ_JJasmine_JF37CD_mic_to_Bird_Aspen_DH37_piezo,4.334841112279708e-06,,6.1892107045947965e-06,,4.225525193007505e-06,,3.4428127693896613e-06,,2.54911152138029e-06,,3.12963344191335e-06,
1442,AJ_JJasmine_JF37CD_piezo_to_Bird_Aspen_DH37_mic,2.417232140209305e-06,,2.011529120073529e-06,,3.005393302531091e-06,,1.93168586365681e-06,,1.9925091718723257e-06,,2.4547525427257215e-06,
1443,AJ_JJasmine_JF37CD_piezo_to_Bird_Aspen_DH37_piezo,4.5646095736027175e-06,,6.420382372497387e-06,,6.271506666547019e-06,,3.1374922967100546e-06,,3.4005845438496884e-06,,4.021673993874361e-06,
1444,AJ_JJasmine_JF37CD_mic_to_Bird_Aspen_DH37_mic,6.713432787683064e-06,,8.368368534413465e-06,,3.1518338608019365e-06,,3.653297272341203e-06,,2.652014745080017e-06,,2.383780321554158e-06,
1445,AJ_JJasmine_JF37CD_mic_to_Bird_Aspen_DH37_piezo,4.4351329269668884e-06,,4.821546816225831e-06,,3.574734639676667e-06,,3.205397779062141e-06,,3.667558332724354e-06,,2.7998379352471468e-06,
1446,AJ_JJasmine_JF37CD_piezo_to_Bird_Aspen_DH37_mic,2.105382938791457e-06,,2.0368025103312332e-06,,3.0077937897502984e-06,,1.8133754016751184e-06,,2.14085325629562e-06,,2.566738936446133e-06,
1447,AJ_JJasmine_JF37CD_piezo_to_Bird_Aspen_DH37_piezo,3.4790319959236943e-06,,3.917581112898668e-06,,6.280160101975185e-06,,2.983763153251032e-06,,2.771846745000471e-06,,3.4823675647159016e-06,
1448,AJ_JJasmine_JF37CD_mic_to_Bird_Aspen_DH37_mic,7.872935328132071e-06,,5.07947624720466e-06,,4.366575295084438e-06,,2.886856067063207e-06,,3.33649538240172e-06,,2.355188602717146e-06,
1449,AJ_JJasmine_JF37CD_mic_to_Bird_Aspen_DH37_piezo,4.109081111429239e-06,,5.625048368401815e-06,,5.644103965052767e-06,,2.1207536653625844e-06,,3.7701362194198504e-06,,2.64448268679923e-06,
1450,AJ_JJasmine_JF37CD_piezo_to_Bird_Aspen_DH37_mic,4.548124397992328e-06,,2.4860240868739355e-06,,3.531917774111194e-06,,3.2199885446023353e-06,,2.698407998717448e-06,,2.8602242954280217e-06,
1451,AJ_JJasmine_JF37CD_piezo_to_Bird_Aspen_DH37_piezo,3.448478610114466e-06,,4.528366588242073e-06,,6.264048166197325e-06,,2.3282428466918305e-06,,3.567685565388027e-06,,3.42092540056565e-06,
1452,AJ_JJasmine_JF37CD_mic_to_Bird_Aspen_DH37_mic,3.9299429009655824e-06,,4.5784587649349704e-06,,3.4423512795666606e-06,,2.020484356737084e-06,,2.4934580372015405e-06,,2.3704445155538206e-06,
1453,AJ_JJasmine_JF37CD_mic_to_Bird_Aspen_DH37_piezo,3.0537616628840258e-06,,3.1500327243902463e-06,,2.7296135491794905e-06,,3.774861067898568e-06,,3.536629492908009e-06,,2.7244742400036787e-06,
1454,AJ_JJasmine_JF37CD_piezo_to_Bird_Aspen_DH37_mic,2.993060839701193e-06,,2.825754906904885e-06,,3.87234296789266e-06,,2.13286163152112e-06,,1.9586329533027742e-06,,2.5391606107944447e-06,
1455,AJ_JJasmine_JF37CD_piezo_to_Bird_Aspen_DH37_piezo,3.1085709953879204e-06,,2.858481870392836e-06,,3.945197009482867e-06,,3.0661992654748053e-06,,3.0394950830544743e-06,,3.6471334987262795e-06,
1456,AJ_JJasmine_JF37CD_mic_to_Bird_Aspen_DH37_mic,2.9940268240381224e-06,,4.07373400727527e-06,,3.810979848917745e-06,,2.6158730833676526e-06,,2.8751987979445855e-06,,2.451073256460648e-06,
1457,AJ_JJasmine_JF37CD_mic_to_Bird_Aspen_DH37_piezo,3.871559733567634e-06,,3.804159441669955e-06,,2.9075410997079076e-06,,3.7376023901693143e-06,,3.188955811799273e-06,,2.9242420993433154e-06,
1458,AJ_JJasmine_JF37CD_piezo_to_Bird_Aspen_DH37_mic,3.106329256838493e-06,,2.533377344780118e-06,,3.6703467856799523e-06,,3.408541727323927e-06,,2.22546059704421e-06,,2.9703973717926944e-06,
1459,AJ_JJasmine_JF37CD_piezo_to_Bird_Aspen_DH37_piezo,3.5926848617033113e-06,,3.065616725493177e-06,,4.594326113795321e-06,,2.0039734767521307e-06,,2.973246472612895e-06,,3.6365365539354058e-06,
1460,AJ_JJasmine_JF37CD_mic_to_Bird_Aspen_DH37_mic,3.55759198729424e-06,,8.465421671240872e-06,,7.928625702644002e-06,,2.316652424705738e-06,,2.5910592524646192e-06,,2.50154493299995e-06,
1461,AJ_JJasmine_JF37CD_mic_to_Bird_Aspen_DH37_piezo,6.053242243499403e-06,,3.917843333035543e-06,,2.6334412939219406e-06,,3.1671274928462252e-06,,3.779036402938721e-06,,3.0332400974513226e-06,
1462,AJ_JJasmine_JF37CD_piezo_to_Bird_Aspen_DH37_mic,4.094930698361324e-06,,2.5335209449963036e-06,,4.7026362245863795e-06,,3.0892480368024097e-06,,2.4343094285740897e-06,,2.727131505385689e-06,
1463,AJ_JJasmine_JF37CD_piezo_to_Bird_Aspen_DH37_piezo,6.403868822340996e-06,,3.4953067030823245e-06,,5.850649254221459e-06,,2.206736514725481e-06,,3.339315048327511e-06,,3.770917459398221e-06,
1464,AJ_JJasmine_JF37CD_mic_to_Bird_Aspen_DH37_mic,3.874962505737845e-06,,2.359249647585706e-06,,2.71624213847106e-06,,3.203814861256001e-06,,3.2929583958477263e-06,,2.8098939891416892e-06,
1465,AJ_JJasmine_JF37CD_mic_to_Bird_Aspen_DH37_piezo,4.973950691900694e-06,,6.3297195576426255e-06,,5.192963918800906e-06,,3.08021797232424e-06,,2.231908693677891e-06,,2.0749103966088298e-06,
1466,AJ_JJasmine_JF37CD_piezo_to_Bird_Aspen_DH37_mic,5.676699683197305e-06,,4.431502860973109e-06,,4.565228611471063e-06,,3.282940942082535e-06,,2.5365018690786513e-06,,2.750849478770816e-06,
1467,AJ_JJasmine_JF37CD_piezo_to_Bird_Aspen_DH37_piezo,4.005769260022089e-06,,6.434282946747416e-06,,3.2211646938896937e-06,,3.8413399038333665e-06,,3.6363628462195884e-06,,2.1926370435505826e-06,
1468,AJ_JJasmine_JF37CD_mic_to_Bird_Aspen_DH37_mic,3.0110035392409566e-06,,2.3417460790727478e-06,,2.434071554161412e-06,,3.017671561643352e-06,,3.1374774459042605e-06,,2.9556193445876973e-06,
1469,AJ_JJasmine_JF37CD_mic_to_Bird_Aspen_DH37_piezo,6.9256776054922214e-06,,7.969989180577002e-06,,6.720754572610122e-06,,2.186907757578002e-06,,2.17522461713007e-06,,2.0244823803617926e-06,
1470,AJ_JJasmine_JF37CD_piezo_to_Bird_Aspen_DH37_mic,5.971952763192585e-06,,4.493733297556311e-06,,4.173255999412883e-06,,2.939181903087301e-06,,2.5485776779584884e-06,,2.357525101987842e-06,
1471,AJ_JJasmine_JF37CD_piezo_to_Bird_Aspen_DH37_piezo,4.183915627626987e-06,,6.349839003358115e-06,,4.909564800491298e-06,,3.398080902564553e-06,,2.8590260445331167e-06,,2.5474849331791666e-06,
1472,AJ_JJasmine_JF37CD_mic_to_Bird_Aspen_DH37_mic,2.1135447198688685e-06,,1.935442632446114e-06,,2.1630572869964393e-06,,5.181172004718978e-06,,5.030051840981177e-06,,4.5031462557734155e-06,
1473,AJ_JJasmine_JF37CD_mic_to_Bird_Aspen_DH37_piezo,7.378817608489331e-06,,4.320742914414983e-06,,6.119675305623847e-06,,4.126045128700589e-06,,2.5569084121688184e-06,,2.7362324487786563e-06,
1474,AJ_JJasmine_JF37CD_piezo_to_Bird_Aspen_DH37_mic,4.167788416913037e-06,,4.872618098115433e-06,,4.604664071461423e-06,,2.5720587464176546e-06,,2.7277664123374246e-06,,2.630143139076356e-06,
1475,AJ_JJasmine_JF37CD_piezo_to_Bird_Aspen_DH37_piezo,5.878096406392528e-06,,6.363957700733338e-06,,6.059949128881602e-06,,3.857999237938528e-06,,3.1448667742393145e-06,,3.6075495258140793e-06,
1476,AJ_JJasmine_JF37CD_mic_to_Bird_Aspen_DH37_mic,3.859713853930109e-06,,2.8175864832556347e-06,,2.8681568846608515e-06,,2.8328706053288356e-06,,2.88571847635135e-06,,2.6722910578665845e-06,
1477,AJ_JJasmine_JF37CD_mic_to_Bird_Aspen_DH37_piezo,3.62361811304549e-06,,6.799831517823567e-06,,7.101639306878121e-06,,2.6854892608212852e-06,,2.4532332476852785e-06,,3.0989766120835197e-06,
1478,AJ_JJasmine_JF37CD_piezo_to_Bird_Aspen_DH37_mic,3.737473552258303e-06,,3.192828504072821e-06,,5.411103733009505e-06,,2.2286293270543337e-06,,1.9717834656566665e-06,,3.0908268979554063e-06,
1479,AJ_JJasmine_JF37CD_piezo_to_Bird_Aspen_DH37_piezo,1.832297294563739e-06,,1.7045415217818268e-06,,3.304589679093357e-06,,3.6488049815151534e-06,,4.106782903557907e-06,,3.695259765110268e-06,
1480,AJ_JJasmine_JF37CD_mic_to_Bird_Aspen_DH37_mic,4.2238180783872e-06,,3.0150626178463002e-06,,2.72152516868539e-06,,2.9460540973862147e-06,,3.0874696741504724e-06,,2.793129847244657e-06,
1481,AJ_JJasmine_JF37CD_mic_to_Bird_Aspen_DH37_piezo,2.5495533495563124e-06,,3.8414952244652456e-06,,3.6735913239082284e-06,,2.5807659829855957e-06,,2.8537742544238406e-06,,2.570606338900482e-06,
1482,AJ_JJasmine_JF37CD_piezo_to_Bird_Aspen_DH37_mic,3.6944792367889367e-06,,3.5868744273776513e-06,,5.430349749447464e-06,,2.658937396067499e-06,,2.258269867219536e-06,,3.1500157097380495e-06,
1483,AJ_JJasmine_JF37CD_piezo_to_Bird_Aspen_DH37_piezo,1.7159721703768323e-06,,1.700492830146193e-06,,2.833685811275131e-06,,2.8309509983655383e-06,,3.05912344410872e-06,,3.841484223045587e-06,
1484,AJ_JJasmine_JF37CD_mic_to_Bird_Aspen_DH37_mic,4.332925714791941e-06,,2.468945338083507e-06,,2.624393452458897e-06,,2.9880623466733406e-06,,3.0996845906405568e-06,,3.036998713520895e-06,
1485,AJ_JJasmine_JF37CD_mic_to_Bird_Aspen_DH37_piezo,2.778459891777878e-06,,2.5170699106115204e-06,,4.8874201601472205e-06,,1.8586386870574436e-06,,2.7329669792840763e-06,,2.2902520285235896e-06,
1486,AJ_JJasmine_JF37CD_piezo_to_Bird_Aspen_DH37_mic,3.614102707224547e-06,,3.3930430089435423e-06,,5.8402867444324256e-06,,3.017010000393254e-06,,2.376422059970849e-06,,3.6000016699109516e-06,
1487,AJ_JJasmine_JF37CD_piezo_to_Bird_Aspen_DH37_piezo,5.7101656278001504e-06,,2.9039443400432874e-06,,3.034585053226664e-06,,2.417486037145704e-06,,2.317682546843401e-06,,2.944976100562896e-06,
1488,AJ_JJasmine_JF37CD_mic_to_Bird_Aspen_DH37_mic,5.515365723781718e-06,,4.545525094363189e-06,,3.2541179569060735e-06,,2.8969675450706555e-06,,3.0856181490532087e-06,,2.5727451836514218e-06,
1489,AJ_JJasmine_JF37CD_mic_to_Bird_Aspen_DH37_piezo,6.096143692313326e-06,,4.43140958328721e-06,,5.335170154188191e-06,,2.341276488141135e-06,,2.4793380377960068e-06,,3.3737510841983923e-06,
1490,AJ_JJasmine_JF37CD_piezo_to_Bird_Aspen_DH37_mic,3.299620907163539e-06,,3.2990297353153394e-06,,4.274782345885357e-06,,2.4190187824886395e-06,,4.1743728656667966e-06,,2.4907266677134614e-06,
1491,AJ_JJasmine_JF37CD_piezo_to_Bird_Aspen_DH37_piezo,3.9163372633952665e-06,,5.502143543233455e-06,,7.156625721906366e-06,,2.73083793630016e-06,,3.691244896666859e-06,,3.847784986609531e-06,
1492,AJ_JJasmine_JF37CD_mic_to_Bird_Aspen_DH37_mic,3.8172846522513575e-06,,4.324088151671012e-06,,5.687956375738972e-06,,3.5711622379480157e-06,,2.9564445953093033e-06,,4.133806975514093e-06,
1493,AJ_JJasmine_JF37CD_mic_to_Bird_Aspen_DH37_piezo,3.47941724517937e-06,,4.022730695623308e-06,,4.703033412053233e-06,,3.1340040531353188e-06,,3.3923212823506094e-06,,2.8418376238259527e-06,
1494,AJ_JJasmine_JF37CD_piezo_to_Bird_Aspen_DH37_mic,2.46526676820743e-06,,2.2741720008856007e-06,,3.306520762532588e-06,,2.525084438457282e-06,,2.4085017000790092e-06,,2.342143739735323e-06,
1495,AJ_JJasmine_JF37CD_piezo_to_Bird_Aspen_DH37_piezo,4.331258378244118e-06,,3.3103038322994336e-06,,5.495217181995059e-06,,2.621697015541561e-06,,2.3229771406959736e-06,,3.988756406718983e-06,
1496,AJ_JJasmine_JF37CD_mic_to_Bird_Aspen_DH37_mic,4.083487451490753e-06,,4.669805634993969e-06,,3.3754797141655043e-06,,2.611409665611405e-06,,2.7671390943967734e-06,,2.799699306445411e-06,
1497,AJ_JJasmine_JF37CD_mic_to_Bird_Aspen_DH37_piezo,2.924744024622939e-06,,3.4717286674680573e-06,,4.8349109074173026e-06,,2.7325971081203778e-06,,3.0411494528981122e-06,,4.444537837431635e-06,
1498,AJ_JJasmine_JF37CD_piezo_to_Bird_Aspen_DH37_mic,4.108285984642615e-06,,4.106874049386795e-06,,5.765848332042366e-06,,3.34018431616343e-06,,4.467615431500379e-06,,3.656959835243513e-06,
1499,AJ_JJasmine_JF37CD_piezo_to_Bird_Aspen_DH37_piezo,3.5838594384659885e-06,,3.6119174936292298e-06,,6.412216158056366e-06,,3.5906769274139624e-06,,2.4234175743982448e-06,,3.867216412121272e-06,
1500,AJ_JJasmine_JF37CD_mic_to_Bird_Aspen_DH37_mic,6.555402197947102e-06,,8.665011429418045e-06,,3.4061409772822494e-06,,2.7463423416121427e-06,,3.1253766830528608e-06,,2.3700191252224774e-06,
1501,AJ_JJasmine_JF37CD_mic_to_Bird_Aspen_DH37_piezo,4.578816010465828e-06,,3.7037255904397114e-06,,4.509979152373154e-06,,3.592158031966342e-06,,3.2932986139200233e-06,,2.861182128790732e-06,
1502,AJ_JJasmine_JF37CD_piezo_to_Bird_Aspen_DH37_mic,3.229870202662966e-06,,3.095984256222197e-06,,4.671666662442833e-06,,2.81631247116474e-06,,2.7703393805738636e-06,,2.597121858729123e-06,
1503,AJ_JJasmine_JF37CD_piezo_to_Bird_Aspen_DH37_piezo,2.2738146839207144e-06,,2.49264268370677e-06,,2.975366612791276e-06,,3.392846839541882e-06,,3.651122781032077e-06,,4.413910269896664e-06,
1504,AJ_JJasmine_JF37CD_mic_to_Bird_Aspen_DH37_mic,4.8975670013702275e-06,,7.408048059515318e-06,,3.1132774724203726e-06,,3.1204348560811047e-06,,3.297839248335876e-06,,2.4661436149696677e-06,
1505,AJ_JJasmine_JF37CD_mic_to_Bird_Aspen_DH37_piezo,4.614497743217551e-06,,4.666626497490358e-06,,4.30040343340434e-06,,3.1095086259225983e-06,,2.8065570506504034e-06,,3.0199649598880865e-06,
1506,AJ_JJasmine_JF37CD_piezo_to_Bird_Aspen_DH37_mic,3.2785763423757643e-06,,3.142174873860075e-06,,4.71232576272976e-06,,2.6567954561322936e-06,,2.706233020305774e-06,,2.679426092566621e-06,
1507,AJ_JJasmine_JF37CD_piezo_to_Bird_Aspen_DH37_piezo,2.545102930878598e-06,,2.520723652750963e-06,,2.9320371821426544e-06,,3.823772698609807e-06,,3.6943048501886172e-06,,4.184692683068017e-06,
1508,AJ_JJasmine_JF37CD_mic_to_Bird_Aspen_DH37_mic,3.1656296787435205e-06,,3.8959224575012155e-06,,7.694221520561393e-06,,2.2401399465568935e-06,,2.6016338364804864e-06,,3.081100272619895e-06,
1509,AJ_JJasmine_JF37CD_mic_to_Bird_Aspen_DH37_piezo,5.51487019675025e-06,,2.9670480930033314e-06,,5.863737781579124e-06,,2.6523300483712445e-06,,2.9121787592303383e-06,,2.517331151960686e-06,
1510,AJ_JJasmine_JF37CD_piezo_to_Bird_Aspen_DH37_mic,3.6388927022648693e-06,,5.4655973819926595e-06,,5.694461933524516e-06,,2.6421530465394973e-06,,3.1919454745477515e-06,,3.097992081768533e-06,
1511,AJ_JJasmine_JF37CD_piezo_to_Bird_Aspen_DH37_piezo,3.5039135351798167e-06,,5.208942162672759e-06,,3.1627893472352965e-06,,3.092560821826365e-06,,2.6731808712503887e-06,,2.9697711157604372e-06,
1512,AJ_JJasmine_JF37CD_mic_to_Bird_Aspen_DH37_mic,5.638325035855267e-06,,2.5895494894321695e-06,,2.5891850565398096e-06,,2.9783200597739577e-06,,3.3146828691149977e-06,,2.810668285394302e-06,
1513,AJ_JJasmine_JF37CD_mic_to_Bird_Aspen_DH37_piezo,3.810708973714476e-06,,6.25991125557242e-06,,3.9626397866988395e-06,,3.1784135810023136e-06,,2.6915333435636914e-06,,2.34964359186753e-06,
1514,AJ_JJasmine_JF37CD_piezo_to_Bird_Aspen_DH37_mic,4.395707270139466e-06,,4.286313194477323e-06,,6.748969656237804e-06,,4.180653016748511e-06,,2.392410132733559e-06,,4.264371418055052e-06,
1515,AJ_JJasmine_JF37CD_piezo_to_Bird_Aspen_DH37_piezo,3.902206785444435e-06,,6.7795155999654825e-06,,7.225097433529022e-06,,3.2083290307739818e-06,,3.7863456450741263e-06,,2.5316324406202513e-06,
1516,AJ_JJasmine_JF37CD_mic_to_Bird_Aspen_DH37_mic,3.151445596618879e-06,,2.3183312720222412e-06,,2.4455948986118715e-06,,3.168279731525537e-06,,3.342290849360482e-06,,2.9583009647324038e-06,
1517,AJ_JJasmine_JF37CD_mic_to_Bird_Aspen_DH37_piezo,5.7411653743698994e-06,,5.8917685918332265e-06,,6.893388917522585e-06,,2.5147831478591155e-06,,2.1620208377210045e-06,,2.3914498511761856e-06,
1518,AJ_JJasmine_JF37CD_piezo_to_Bird_Aspen_DH37_mic,4.140663627591264e-06,,4.128852840947617e-06,,4.057566332413052e-06,,2.9297864742726054e-06,,2.354881588139958e-06,,2.377917649942956e-06,
1519,AJ_JJasmine_JF37CD_piezo_to_Bird_Aspen_DH37_piezo,4.426399432209497e-06,,6.3112356787763945e-06,,6.4433176935246525e-06,,3.1964141330454153e-06,,3.0211896523834575e-06,,2.59332891064323e-06,
1520,AJ_JJasmine_JF37CD_mic_to_Bird_Aspen_DH37_mic,2.8491739552929292e-06,,8.673968738206437e-06,,2.250038192559639e-06,,3.4505177813662776e-06,,3.751093142388635e-06,,3.6176634080598305e-06,
1521,AJ_JJasmine_JF37CD_mic_to_Bird_Aspen_DH37_piezo,6.263008339273346e-06,,7.161701480413795e-06,,4.71337831520379e-06,,3.338685184051614e-06,,2.5964738197144376e-06,,2.909471412905687e-06,
1522,AJ_JJasmine_JF37CD_piezo_to_Bird_Aspen_DH37_mic,6.2944393612182035e-06,,4.851806978583745e-06,,7.017840542301577e-06,,4.241358401912928e-06,,2.832764431534177e-06,,4.150178684703333e-06,
1523,AJ_JJasmine_JF37CD_piezo_to_Bird_Aspen_DH37_piezo,5.097636175859911e-06,,5.2019766340595185e-06,,6.343364419273875e-06,,2.849238555763319e-06,,2.5605838977165086e-06,,2.8358309461812064e-06,
1524,AJ_JJasmine_JF37CD_mic_to_Bird_Aspen_DH37_mic,3.2486927062332275e-06,,2.575870594490561e-06,,2.9304313370542427e-06,,3.076064902213691e-06,,3.1121044563504437e-06,,2.602558701191111e-06,
1525,AJ_JJasmine_JF37CD_mic_to_Bird_Aspen_DH37_piezo,3.1923756341097166e-06,,4.954529979532953e-06,,5.79105441270729e-06,,2.5959526734054064e-06,,2.2675469094877513e-06,,3.347141998403671e-06,
1526,AJ_JJasmine_JF37CD_piezo_to_Bird_Aspen_DH37_mic,3.798515235488854e-06,,3.1561264588856083e-06,,7.421196745452353e-06,,2.2853010099798267e-06,,2.044913967843138e-06,,4.134349511388338e-06,
1527,AJ_JJasmine_JF37CD_piezo_to_Bird_Aspen_DH37_piezo,1.8182403940552772e-06,,1.7159235628968254e-06,,3.780102652786524e-06,,3.4065414236032797e-06,,4.3586619383388954e-06,,3.3496356827242713e-06,
1528,AJ_JJasmine_JF37CD_mic_to_Bird_Aspen_DH37_mic,4.931014345274184e-06,,3.362678338726032e-06,,2.7409031257826094e-06,,2.9455757988179334e-06,,3.002144101959475e-06,,2.773132467466945e-06,
1529,AJ_JJasmine_JF37CD_mic_to_Bird_Aspen_DH37_piezo,2.686948126616049e-06,,4.008034851152496e-06,,3.7092543051885673e-06,,2.543148765544739e-06,,2.840715359621687e-06,,2.6846301542936274e-06,
1530,AJ_JJasmine_JF37CD_piezo_to_Bird_Aspen_DH37_mic,3.983076956907286e-06,,3.5972604420323665e-06,,6.190587931168592e-06,,2.9465764760740087e-06,,2.2668290516431154e-06,,3.5654196141118825e-06,
1531,AJ_JJasmine_JF37CD_piezo_to_Bird_Aspen_DH37_piezo,1.7016448725076617e-06,,1.6784248036436847e-06,,2.796474137792513e-06,,2.6320643029087254e-06,,2.9367247546471853e-06,,3.739741112230472e-06,
1532,AJ_JJasmine_JF37CD_mic_to_Bird_Aspen_DH37_mic,8.382165598480414e-06,,2.6352689667957352e-06,,2.627269350160408e-06,,2.960456790524466e-06,,3.1238947652351307e-06,,2.8676267629573003e-06,
1533,AJ_JJasmine_JF37CD_mic_to_Bird_Aspen_DH37_piezo,5.5725761820860145e-06,,6.400671275994641e-06,,5.536237905863715e-06,,2.5166291603114228e-06,,2.826550022420048e-06,,2.3086264627645593e-06,
1534,AJ_JJasmine_JF37CD_piezo_to_Bird_Aspen_DH37_mic,4.116427854637022e-06,,3.38366575234566e-06,,3.494352662922678e-06,,3.5001585148543835e-06,,2.371641809800881e-06,,3.2915688478587954e-06,
1535,AJ_JJasmine_JF37CD_piezo_to_Bird_Aspen_DH37_piezo,2.2377640949168856e-06,,2.608731432959641e-06,,3.0541418581356893e-06,,1.937467317851912e-06,,2.5538940887424265e-06,,3.3629882813119563e-06,
1536,AJ_JJasmine_JF37CD_mic_to_Bird_Aspen_DH37_mic,7.569091070271589e-06,,4.4408526323142105e-06,,2.691482118445034e-06,,2.8560325023707673e-06,,3.0530027678438975e-06,,2.710374507581969e-06,
1537,AJ_JJasmine_JF37CD_mic_to_Bird_Aspen_DH37_piezo,3.8831151808039416e-06,,4.632591624833829e-06,,5.134652593524044e-06,,1.941097030073513e-06,,3.249769760049726e-06,,2.6154799547692255e-06,
1538,AJ_JJasmine_JF37CD_piezo_to_Bird_Aspen_DH37_mic,5.513230409862197e-06,,2.9067261429602044e-06,,4.015904728012701e-06,,3.594389947140653e-06,,4.488694108337235e-06,,4.858255646079835e-06,
1539,AJ_JJasmine_JF37CD_piezo_to_Bird_Aspen_DH37_piezo,4.490491264420828e-06,,6.2189959154941215e-06,,4.912719047984198e-06,,1.910483911475143e-06,,3.5009766565094455e-06,,2.9556775143093202e-06,
1540,AJ_JJasmine_JF37CD_mic_to_Bird_Aspen_DH37_mic,3.3005988941183375e-06,,7.035671744942387e-06,,2.728879157814443e-06,,3.329082150587647e-06,,4.010948004454337e-06,,2.69955094174741e-06,
1541,AJ_JJasmine_JF37CD_mic_to_Bird_Aspen_DH37_piezo,5.3872923306402764e-06,,3.1036299408484238e-06,,4.828754363187954e-06,,3.7693945740859843e-06,,3.6185098637948647e-06,,2.4297793308802597e-06,
1542,AJ_JJasmine_JF37CD_piezo_to_Bird_Aspen_DH37_mic,6.6610911416102606e-06,,2.417757356265815e-06,,4.58287937840498e-06,,3.699082499729041e-06,,4.047046054872606e-06,,3.310423852287762e-06,
1543,AJ_JJasmine_JF37CD_piezo_to_Bird_Aspen_DH37_piezo,5.261092376319729e-06,,4.46413537269373e-06,,6.484621944770903e-06,,3.3156904165764303e-06,,3.2463471622063918e-06,,3.867265110651771e-06,
1544,AJ_JJasmine_JF37CD_mic_to_Bird_Aspen_DH37_mic,3.5645516581001095e-06,,4.754783355154655e-06,,3.985450513780876e-06,,2.3678920299440576e-06,,3.1937522578970347e-06,,2.791317282810037e-06,
1545,AJ_JJasmine_JF37CD_mic_to_Bird_Aspen_DH37_piezo,3.2485877744296253e-06,,4.020575152696414e-06,,4.832607518069061e-06,,2.3243678326775246e-06,,2.9849919030735082e-06,,3.3361522825874443e-06,
1546,AJ_JJasmine_JF37CD_piezo_to_Bird_Aspen_DH37_mic,3.0513566571833305e-06,,2.6773910082246107e-06,,5.2729115358864945e-06,,2.5845782995783244e-06,,2.8458310949217686e-06,,3.753047503515163e-06,
1547,AJ_JJasmine_JF37CD_piezo_to_Bird_Aspen_DH37_piezo,5.06935600411955e-06,,4.521321528051924e-06,,4.5986257961616625e-06,,2.401118168143801e-06,,3.5506063876309603e-06,,3.992490752814245e-06,
1548,AJ_JJasmine_JF37CD_mic_to_Bird_Aspen_DH37_mic,4.273689355444268e-06,,4.2378981553832476e-06,,2.914581190132015e-06,,2.9395747990981893e-06,,3.2603888882962346e-06,,2.7532609986839416e-06,
1549,AJ_JJasmine_JF37CD_mic_to_Bird_Aspen_DH37_piezo,5.3591693820808175e-06,,5.695762483923875e-06,,6.446947307962346e-06,,3.6674760530079336e-06,,2.375970241659293e-06,,2.692524646976684e-06,
1550,AJ_JJasmine_JF37CD_piezo_to_Bird_Aspen_DH37_mic,3.314890208881207e-06,,3.1124879739552314e-06,,3.845019825604638e-06,,3.4399329924128334e-06,,3.0270631794919726e-06,,3.089833564912686e-06,
1551,AJ_JJasmine_JF37CD_piezo_to_Bird_Aspen_DH37_piezo,4.5804683349526445e-06,,4.82681704299025e-06,,3.026315026656595e-06,,2.5595689608565634e-06,,3.284686612185345e-06,,2.8721045115921437e-06,
1552,AJ_JJasmine_JF37CD_mic_to_Bird_Aspen_DH37_mic,4.7205912487926845e-06,,3.995143198784566e-06,,2.6802695654792174e-06,,2.728548447547338e-06,,2.9222503228875147e-06,,2.8490251774546567e-06,
1553,AJ_JJasmine_JF37CD_mic_to_Bird_Aspen_DH37_piezo,6.938055655813382e-06,,3.773706069322955e-06,,6.442000407262092e-06,,3.1444569050592004e-06,,2.5660376950044517e-06,,2.3469451156903e-06,
1554,AJ_JJasmine_JF37CD_piezo_to_Bird_Aspen_DH37_mic,3.7019384340147387e-06,,3.037272285062329e-06,,3.538346510390401e-06,,3.8015590101451864e-06,,3.067755701079586e-06,,2.8316287178535657e-06,
1555,AJ_JJasmine_JF37CD_piezo_to_Bird_Aspen_DH37_piezo,6.329870519406015e-06,,3.2090603540449096e-06,,3.866072814839102e-06,,2.9583834060301612e-06,,3.3837843776400986e-06,,3.981074640051926e-06,
1556,AJ_JJasmine_JF37CD_mic_to_Bird_Aspen_DH37_mic,4.211433124297148e-06,,5.313324133613441e-06,,2.9742981581115465e-06,,2.769031993659103e-06,,3.0974142199172056e-06,,2.338495233137971e-06,
1557,AJ_JJasmine_JF37CD_mic_to_Bird_Aspen_DH37_piezo,3.77656380099072e-06,,4.527618503653127e-06,,3.6526595975945223e-06,,2.61381678202112e-06,,2.2028962530425613e-06,,3.3417455974074244e-06,
1558,AJ_JJasmine_JF37CD_piezo_to_Bird_Aspen_DH37_mic,3.0757424994251463e-06,,3.016601086654306e-06,,4.736710291036417e-06,,2.641760097227128e-06,,2.5217502551359367e-06,,3.38091614060088e-06,
1559,AJ_JJasmine_JF37CD_piezo_to_Bird_Aspen_DH37_piezo,4.100745850262963e-06,,4.326220664994659e-06,,4.703025974685929e-06,,2.121640621491571e-06,,3.839851005044239e-06,,3.0848906265605384e-06,
1560,AJ_JJasmine_JF37CD_mic_to_Bird_Aspen_DH37_mic,2.5440345638456737e-06,,1.9001274630814217e-06,,2.179032590156169e-06,,3.6349011679792334e-06,,3.5512181981338517e-06,,3.7523193491722397e-06,
1561,AJ_JJasmine_JF37CD_mic_to_Bird_Aspen_DH37_piezo,3.6222259967634237e-06,,7.522568626997283e-06,,2.337674326249431e-06,,3.28910560159776e-06,,3.734064666608267e-06,,2.288524097724293e-06,
1562,AJ_JJasmine_JF37CD_piezo_to_Bird_Aspen_DH37_mic,2.428784623010673e-06,,2.051949951939234e-06,,3.1881502254510704e-06,,2.1549194721668403e-06,,1.9885569103462e-06,,2.4598948451145724e-06,
1563,AJ_JJasmine_JF37CD_piezo_to_Bird_Aspen_DH37_piezo,2.4607489422376705e-06,,3.869496595742741e-06,,4.276739771329008e-06,,4.071579972573739e-06,,4.380925214676535e-06,,5.037869185151045e-06,
1564,AJ_JJasmine_JF37CD_mic_to_Bird_Aspen_DH37_mic,2.0165385641884363e-06,,1.9284737237755246e-06,,2.07278102227848e-06,,3.855857656980454e-06,,3.305767329312356e-06,,3.5949952505360383e-06,
1565,AJ_JJasmine_JF37CD_mic_to_Bird_Aspen_DH37_piezo,4.2177240428564e-06,,7.248040974661082e-06,,3.1404625152988433e-06,,3.3559534809591724e-06,,4.113289581498256e-06,,2.452867492047706e-06,
1566,AJ_JJasmine_JF37CD_piezo_to_Bird_Aspen_DH37_mic,2.4139557051917346e-06,,2.070838542472077e-06,,3.4673464863487214e-06,,2.009637576279348e-06,,2.0043593989514866e-06,,2.7878241393094396e-06,
1567,AJ_JJasmine_JF37CD_piezo_to_Bird_Aspen_DH37_piezo,2.9324127114840477e-06,,3.2800677079586143e-06,,3.720132999749761e-06,,3.602130057779896e-06,,4.492113635102973e-06,,4.73573391187732e-06,
1568,AJ_JJasmine_JF37CD_mic_to_Bird_Aspen_DH37_mic,1.9740426505240152e-06,,2.082238115711289e-06,,1.8996053631355596e-06,,3.3087556357738773e-06,,2.8907649100130323e-06,,3.7140055004503644e-06,
1569,AJ_JJasmine_JF37CD_mic_to_Bird_Aspen_DH37_piezo,3.5343376436262903e-06,,7.6187388874349935e-06,,5.198978670987312e-06,,3.536032587006696e-06,,2.525068365273562e-06,,3.453213283116353e-06,
1570,AJ_JJasmine_JF37CD_piezo_to_Bird_Aspen_DH37_mic,4.307345485740995e-06,,2.1570781592790873e-06,,4.22108781512801e-06,,2.9536217296909844e-06,,3.7760631300215405e-06,,3.7674532209105444e-06,
1571,AJ_JJasmine_JF37CD_piezo_to_Bird_Aspen_DH37_piezo,2.300934232765559e-06,,3.262173155232965e-06,,3.902314963384771e-06,,4.1418258874769425e-06,,3.5450248875028493e-06,,4.346707529690214e-06,
1572,AJ_JJasmine_JF37CD_mic_to_Bird_Aspen_DH37_mic,3.016362453669373e-06,,1.9293991644960873e-06,,2.299809975211897e-06,,3.458376417517828e-06,,3.682522252281807e-06,,4.246293648827892e-06,
1573,AJ_JJasmine_JF37CD_mic_to_Bird_Aspen_DH37_piezo,3.742880345626713e-06,,4.72009450776393e-06,,4.658347984675118e-06,,3.4534473639273615e-06,,1.8907998733498666e-06,,3.1652722373356012e-06,
1574,AJ_JJasmine_JF37CD_piezo_to_Bird_Aspen_DH37_mic,2.995975983623329e-06,,2.9346592532607772e-06,,3.68124067040032e-06,,2.0955757253159097e-06,,1.8548391002001771e-06,,2.287188093686252e-06,
1575,AJ_JJasmine_JF37CD_piezo_to_Bird_Aspen_DH37_piezo,2.001288276760284e-06,,1.6654115866270702e-06,,2.5008261056626186e-06,,2.7752648958860563e-06,,2.727829922812329e-06,,2.4019569342717268e-06,
1576,AJ_JJasmine_JF37CD_mic_to_Bird_Aspen_DH37_mic,2.5916273419060303e-06,,1.987370210565869e-06,,2.2821716335149624e-06,,3.265151543389444e-06,,3.135729087326027e-06,,3.4652789712820744e-06,
1577,AJ_JJasmine_JF37CD_mic_to_Bird_Aspen_DH37_piezo,3.085567571982906e-06,,5.000836425093116e-06,,4.861673651442551e-06,,1.8359896492144735e-06,,2.120773308537315e-06,,2.073236241624823e-06,
1578,AJ_JJasmine_JF37CD_piezo_to_Bird_Aspen_DH37_mic,3.1385477628513354e-06,,3.18816696380277e-06,,6.818031002775772e-06,,2.226529780596184e-06,,2.082679171724131e-06,,2.966026274535535e-06,
1579,AJ_JJasmine_JF37CD_piezo_to_Bird_Aspen_DH37_piezo,2.1226143742561687e-06,,1.974644188873698e-06,,2.1001297072213906e-06,,3.2107993874244497e-06,,2.91045367268607e-06,,3.072942841648779e-06,
1580,AJ_JJasmine_JF37CD_mic_to_Bird_Aspen_DH37_mic,2.066689347809856e-06,,2.7244417735260036e-06,,2.0695952357130406e-06,,3.256723759579506e-06,,3.000535740506998e-06,,3.422295748679967e-06,
1581,AJ_JJasmine_JF37CD_mic_to_Bird_Aspen_DH37_piezo,3.5982168426524348e-06,,3.355659500363057e-06,,4.517142268740148e-06,,2.359772975575298e-06,,2.883987369524742e-06,,1.8063680340894713e-06,
1582,AJ_JJasmine_JF37CD_piezo_to_Bird_Aspen_DH37_mic,2.9013426518487917e-06,,3.0593566410253157e-06,,5.779491901860252e-06,,2.2899762727842284e-06,,2.3058431986540664e-06,,3.977306372573828e-06,
1583,AJ_JJasmine_JF37CD_piezo_to_Bird_Aspen_DH37_piezo,2.490123068719009e-06,,4.767070073851802e-06,,3.218186120656973e-06,,3.179822583848936e-06,,3.9234826434686485e-06,,2.2431362112264813e-06,
1584,AJ_JJasmine_JF37CD_mic_to_good_takamine_EG523SC_mic,2.9089874735747205e-06,,4.320567272328322e-06,,2.315220666284268e-06,,2.0268344027729793e-06,,2.101074063218698e-06,,2.4188158254002156e-06,
1585,AJ_JJasmine_JF37CD_mic_to_good_takamine_EG523SC_piezo,2.0695741552542365e-06,,2.7954800856113056e-06,,1.91856043333177e-06,,2.561865376330977e-06,,1.8274022198433644e-06,,2.543817795623898e-06,
1586,AJ_JJasmine_JF37CD_piezo_to_good_takamine_EG523SC_mic,2.1619812315201024e-06,,2.558403810390513e-06,,1.6831745754780762e-06,,3.197059326448985e-06,,4.66989171393336e-06,,4.262519219120764e-06,
1587,AJ_JJasmine_JF37CD_piezo_to_good_takamine_EG523SC_piezo,2.3159404265197373e-06,,3.197852622951457e-06,,1.1488246487001678e-06,,1.5561960405471442e-06,,1.4031848914544909e-06,,1.7429438140986226e-06,
1588,AJ_JJasmine_JF37CD_mic_to_good_takamine_EG523SC_mic,2.894079334978294e-06,,2.4219942395813304e-06,,2.4953107433570263e-06,,2.374156199630741e-06,,2.374163053009408e-06,,2.368022214812991e-06,
1589,AJ_JJasmine_JF37CD_mic_to_good_takamine_EG523SC_piezo,2.4132827712944483e-06,,2.498848879367563e-06,,2.1774717714385696e-06,,2.0002775843749922e-06,,1.9648293691837256e-06,,2.5729165565394112e-06,
1590,AJ_JJasmine_JF37CD_piezo_to_good_takamine_EG523SC_mic,2.215285522385209e-06,,1.8136135704749737e-06,,1.6658679165712046e-06,,2.57404069297099e-06,,4.255566424475966e-06,,3.6444186259874493e-06,
1591,AJ_JJasmine_JF37CD_piezo_to_good_takamine_EG523SC_piezo,2.51831164126747e-06,,2.4620389565075724e-06,,1.1602026574699768e-06,,1.726432570766248e-06,,1.548344472962327e-06,,1.7319713809546608e-06,
1592,AJ_JJasmine_JF37CD_mic_to_good_takamine_EG523SC_mic,2.197180382107758e-06,,3.0441447005342666e-06,,2.297533820123844e-06,,3.1571657275326214e-06,,2.2263630751457515e-06,,2.138581381761983e-06,
1593,AJ_JJasmine_JF37CD_mic_to_good_takamine_EG523SC_piezo,2.0608721705468153e-06,,1.7239085048563112e-06,,2.183761058673827e-06,,2.0669832052651385e-06,,1.859449596245911e-06,,2.8068267501551737e-06,
1594,AJ_JJasmine_JF37CD_piezo_to_good_takamine_EG523SC_mic,5.382295462448767e-06,,2.081863694153846e-06,,1.6719868602911496e-06,,2.768660318104908e-06,,4.460982262278876e-06,,3.990312061611058e-06,
1595,AJ_JJasmine_JF37CD_piezo_to_good_takamine_EG523SC_piezo,2.6386212880827714e-06,,2.2156730682612783e-06,,1.154732049383803e-06,,1.773402239342946e-06,,1.701655557222406e-06,,1.6698193973400268e-06,
1596,AJ_JJasmine_JF37CD_mic_to_good_takamine_EG523SC_mic,2.038426595133068e-06,,1.8374325453120124e-06,,2.078234873019224e-06,,2.0428996742915892e-06,,2.3782506644765318e-06,,2.2714919130168784e-06,
1597,AJ_JJasmine_JF37CD_mic_to_good_takamine_EG523SC_piezo,2.269013617326882e-06,,2.144167621726504e-06,,1.5110255495182677e-06,,2.6467215120128496e-06,,2.9066697835688998e-06,,2.123897759965398e-06,
1598,AJ_JJasmine_JF37CD_piezo_to_good_takamine_EG523SC_mic,2.5090318136630893e-06,,2.0858950195329244e-06,,1.7962073196007094e-06,,4.217010653594525e-06,,2.7123981513629365e-06,,3.8524676553121995e-06,
1599,AJ_JJasmine_JF37CD_piezo_to_good_takamine_EG523SC_piezo,3.894779125247252e-06,,2.0661410147462232e-06,,1.1426354053170962e-06,,2.007430033620631e-06,,1.364589267048126e-06,,1.5789355237079915e-06,
1600,AJ_JJasmine_JF37CD_mic_to_good_takamine_EG523SC_mic,2.3133995996860214e-06,,1.9064756727562964e-06,,2.847609094920427e-06,,2.0244303329200836e-06,,2.2882837777474813e-06,,2.0427031340761517e-06,
1601,AJ_JJasmine_JF37CD_mic_to_good_takamine_EG523SC_piezo,2.1453810022067173e-06,,2.304053225724776e-06,,1.5156908948880124e-06,,2.4184121610692292e-06,,2.2649063155962488e-06,,2.12436961008355e-06,
1602,AJ_JJasmine_JF37CD_piezo_to_good_takamine_EG523SC_mic,2.261870107219169e-06,,2.2045752724297414e-06,,1.6799078585826245e-06,,3.7880085497121438e-06,,3.207188401290171e-06,,4.001060125585484e-06,
1603,AJ_JJasmine_JF37CD_piezo_to_good_takamine_EG523SC_piezo,4.481862358198053e-06,,3.0120541993052083e-06,,1.1385168784346567e-06,,1.7869809396002186e-06,,1.6033299120130287e-06,,1.5670747754943226e-06,
1604,AJ_JJasmine_JF37CD_mic_to_good_takamine_EG523SC_mic,2.468227652390657e-06,,2.4904927141992647e-06,,2.7681347474008687e-06,,2.2923888887158324e-06,,2.0479687187468916e-06,,2.0905902309572077e-06,
1605,AJ_JJasmine_JF37CD_mic_to_good_takamine_EG523SC_piezo,2.0271296394025804e-06,,1.7693671833714799e-06,,1.6458675903469366e-06,,2.079489311548745e-06,,2.2482593474294493e-06,,2.0735537890613204e-06,
1606,AJ_JJasmine_JF37CD_piezo_to_good_takamine_EG523SC_mic,6.0548727464320066e-06,,2.5263126123027523e-06,,1.7385100199091988e-06,,4.026938513260029e-06,,4.485988653383849e-06,,3.875436307761032e-06,
1607,AJ_JJasmine_JF37CD_piezo_to_good_takamine_EG523SC_piezo,3.992834438836545e-06,,4.542247942867163e-06,,1.1372487222505657e-06,,1.648071701330925e-06,,1.744956728275154e-06,,1.556175188097882e-06,
1608,AJ_JJasmine_JF37CD_mic_to_good_takamine_EG523SC_mic,2.24407505182805e-06,,2.1700827365489005e-06,,2.4997180906267364e-06,,3.0151421922056273e-06,,3.46675637635035e-06,,3.3658558773229467e-06,
1609,AJ_JJasmine_JF37CD_mic_to_good_takamine_EG523SC_piezo,1.4020966595266914e-06,,1.7048136040189271e-06,,1.3006982977706697e-06,,2.483606071134945e-06,,2.529804056104906e-06,,4.760945339572805e-06,
1610,AJ_JJasmine_JF37CD_piezo_to_good_takamine_EG523SC_mic,2.1705994315833814e-06,,2.0949794454354123e-06,,2.5123613691211327e-06,,2.657747292000464e-06,,2.577941052504449e-06,,3.6774589132496273e-06,
1611,AJ_JJasmine_JF37CD_piezo_to_good_takamine_EG523SC_piezo,2.1629452883314055e-06,,2.2513819510949317e-06,,1.3330175551966768e-06,,1.5662388884244967e-06,,1.8323871410283867e-06,,1.882140409496438e-06,
1612,AJ_JJasmine_JF37CD_mic_to_good_takamine_EG523SC_mic,1.893550713042755e-06,,1.771513993324546e-06,,2.2190587340241473e-06,,2.950313325933047e-06,,3.5835340795081983e-06,,3.3180650497574806e-06,
1613,AJ_JJasmine_JF37CD_mic_to_good_takamine_EG523SC_piezo,1.6106190843783625e-06,,1.6841166654767638e-06,,1.5297397351460081e-06,,2.0982023744142466e-06,,2.366769954231554e-06,,3.9003652534359475e-06,
1614,AJ_JJasmine_JF37CD_piezo_to_good_takamine_EG523SC_mic,2.2825641719966504e-06,,2.2048772320273903e-06,,2.60226281302764e-06,,2.5590574593058934e-06,,2.5692889924955583e-06,,3.739274887700951e-06,
1615,AJ_JJasmine_JF37CD_piezo_to_good_takamine_EG523SC_piezo,2.382870861238169e-06,,1.9613704334138812e-06,,1.2666626229405547e-06,,1.541652982949977e-06,,1.6008283649332208e-06,,1.9669544876121775e-06,
1616,AJ_JJasmine_JF37CD_mic_to_good_takamine_EG523SC_mic,1.822303972175689e-06,,1.8103486559314589e-06,,2.1342057805400733e-06,,1.9184883515759194e-06,,2.8588245990667513e-06,,2.9793698456339834e-06,
1617,AJ_JJasmine_JF37CD_mic_to_good_takamine_EG523SC_piezo,1.6654998490849982e-06,,1.7496491820847053e-06,,1.992905902659857e-06,,2.186435977366453e-06,,2.595330215726907e-06,,3.5759611712237446e-06,
1618,AJ_JJasmine_JF37CD_piezo_to_good_takamine_EG523SC_mic,2.3647527529060753e-06,,2.2285957123570636e-06,,2.662308596195938e-06,,2.9285996524167968e-06,,2.7620392520906165e-06,,4.7452384214727344e-06,
1619,AJ_JJasmine_JF37CD_piezo_to_good_takamine_EG523SC_piezo,2.1449710535944318e-06,,2.013502732959776e-06,,1.2559622468660062e-06,,1.602920969940842e-06,,1.6135828213381334e-06,,2.077851315270831e-06,
1620,AJ_JJasmine_JF37CD_mic_to_good_takamine_EG523SC_mic,2.2280994950138997e-06,,2.0696281226224674e-06,,2.4229332007654856e-06,,2.2526500065227715e-06,,3.7369577194296024e-06,,2.6182074847925567e-06,
1621,AJ_JJasmine_JF37CD_mic_to_good_takamine_EG523SC_piezo,1.3454033010852573e-06,,1.4358391418593004e-06,,1.1786879095118871e-06,,1.4901924358828084e-06,,1.5021101978205005e-06,,2.942791381849007e-06,
1622,AJ_JJasmine_JF37CD_piezo_to_good_takamine_EG523SC_mic,3.3218918795511933e-06,,3.2988484615385605e-06,,2.054020358676811e-06,,2.5074650368793743e-06,,3.2730821688145354e-06,,4.292678988609107e-06,
1623,AJ_JJasmine_JF37CD_piezo_to_good_takamine_EG523SC_piezo,4.700700844173936e-06,,3.02023428447262e-06,,1.1505724915308363e-06,,1.5295239087911216e-06,,1.4692275737705372e-06,,1.6118715534976492e-06,
1624,AJ_JJasmine_JF37CD_mic_to_good_takamine_EG523SC_mic,1.988469848519848e-06,,1.742991933734118e-06,,2.261445185604494e-06,,2.0238656385831922e-06,,3.4653876619098954e-06,,2.5478105746732743e-06,
1625,AJ_JJasmine_JF37CD_mic_to_good_takamine_EG523SC_piezo,1.356113458325774e-06,,1.3703184335161284e-06,,1.1899429474596137e-06,,1.4588598584850204e-06,,1.82494553548053e-06,,2.6598934138286573e-06,
1626,AJ_JJasmine_JF37CD_piezo_to_good_takamine_EG523SC_mic,7.660613797751257e-06,,5.142002924560989e-06,,1.936192157422004e-06,,4.880345465449041e-06,,3.6355369515188e-06,,4.328484912596472e-06,
1627,AJ_JJasmine_JF37CD_piezo_to_good_takamine_EG523SC_piezo,1.8956927916518036e-06,,2.7387506552040636e-06,,1.151669372393107e-06,,2.861776463489279e-06,,1.5781974233257638e-06,,1.6044599587831936e-06,
1628,AJ_JJasmine_JF37CD_mic_to_good_takamine_EG523SC_mic,1.8444813106054588e-06,,1.6155351163772856e-06,,2.154517003202512e-06,,2.3861015084943927e-06,,4.467355103895371e-06,,2.935535016418784e-06,
1629,AJ_JJasmine_JF37CD_mic_to_good_takamine_EG523SC_piezo,1.232074885051773e-06,,1.5611528964233608e-06,,1.2275248534190392e-06,,1.37735827885575e-06,,2.6722556113158123e-06,,2.594402651862285e-06,
1630,AJ_JJasmine_JF37CD_piezo_to_good_takamine_EG523SC_mic,3.904695797301209e-06,,3.66263078246635e-06,,1.806421309118727e-06,,2.7638139862013506e-06,,3.441042010362702e-06,,4.578780171528533e-06,
1631,AJ_JJasmine_JF37CD_piezo_to_good_takamine_EG523SC_piezo,1.8966549381694712e-06,,3.015601841003916e-06,,1.142330962728576e-06,,2.537661078204794e-06,,1.6205558731409068e-06,,1.5706647002331722e-06,
1632,AJ_JJasmine_JF37CD_mic_to_good_takamine_EG523SC_mic,2.3221978450930797e-06,,2.297104401099643e-06,,2.3202834919329483e-06,,2.309144803038365e-06,,3.1942371937950492e-06,,2.7310196098828913e-06,
1633,AJ_JJasmine_JF37CD_mic_to_good_takamine_EG523SC_piezo,1.98387141330663e-06,,1.6582743243328229e-06,,1.4623767258591063e-06,,1.392565772421029e-06,,1.6180232348198241e-06,,2.563388807878489e-06,
1634,AJ_JJasmine_JF37CD_piezo_to_good_takamine_EG523SC_mic,2.2490842007902814e-06,,2.478183445719392e-06,,1.9163561165310766e-06,,4.215617294982696e-06,,4.258391121126575e-06,,4.3975945708606274e-06,
1635,AJ_JJasmine_JF37CD_piezo_to_good_takamine_EG523SC_piezo,2.918680220435937e-06,,3.197867245781743e-06,,1.1605225779646672e-06,,2.9887660988568515e-06,,2.198904393202734e-06,,1.6348984453361948e-06,
1636,AJ_JJasmine_JF37CD_mic_to_good_takamine_EG523SC_mic,2.5889413999819672e-06,,2.7883576652202806e-06,,2.550374652402467e-06,,2.15404867801566e-06,,3.3861481601274012e-06,,2.5713825376064948e-06,
1637,AJ_JJasmine_JF37CD_mic_to_good_takamine_EG523SC_piezo,1.9751942073540403e-06,,1.863348805224409e-06,,1.5026718874780006e-06,,1.1007607708133025e-06,,1.1314477059437794e-06,,2.3827362771454896e-06,
1638,AJ_JJasmine_JF37CD_piezo_to_good_takamine_EG523SC_mic,2.7104284072982184e-06,,2.331465455197742e-06,,1.792806975735619e-06,,2.385205427842382e-06,,4.454640282128395e-06,,4.6107907337470866e-06,
1639,AJ_JJasmine_JF37CD_piezo_to_good_takamine_EG523SC_piezo,2.7464451838810805e-06,,3.10755689276672e-06,,1.1582245592438602e-06,,2.8421317987352456e-06,,2.069396390300626e-06,,1.6065102212947407e-06,
1640,AJ_JJasmine_JF37CD_mic_to_good_takamine_EG523SC_mic,2.85348158298028e-06,,3.2482340013647325e-06,,2.3514447662345477e-06,,2.1886789878689906e-06,,3.0530058001459816e-06,,2.745651094501474e-06,
1641,AJ_JJasmine_JF37CD_mic_to_good_takamine_EG523SC_piezo,2.2495990297810196e-06,,1.7710759366152407e-06,,1.9513727597127677e-06,,1.3648665227990356e-06,,1.4212381367188539e-06,,2.5274411692999825e-06,
1642,AJ_JJasmine_JF37CD_piezo_to_good_takamine_EG523SC_mic,2.706394554147069e-06,,2.7178296769914573e-06,,1.7837426640192244e-06,,2.972107441195633e-06,,4.402494422984617e-06,,4.574331144047527e-06,
1643,AJ_JJasmine_JF37CD_piezo_to_good_takamine_EG523SC_piezo,3.105237411267183e-06,,2.8181105224148907e-06,,1.154949817658564e-06,,1.7501494120152759e-06,,2.041764278546628e-06,,1.6426906370401493e-06,
1644,AJ_JJasmine_JF37CD_mic_to_good_takamine_EG523SC_mic,2.246913125802312e-06,,2.159356265162378e-06,,2.370233789244075e-06,,2.240944712893374e-06,,2.545344609161793e-06,,2.563779534860904e-06,
1645,AJ_JJasmine_JF37CD_mic_to_good_takamine_EG523SC_piezo,2.228039353533411e-06,,1.3398526980392837e-06,,1.365662115177354e-06,,2.225955633250886e-06,,2.692712371023803e-06,,2.2198552408849626e-06,
1646,AJ_JJasmine_JF37CD_piezo_to_good_takamine_EG523SC_mic,2.585490650358372e-06,,2.908533716800952e-06,,1.833258553484117e-06,,3.3013554577837045e-06,,3.8488735974523185e-06,,4.08871071470534e-06,
1647,AJ_JJasmine_JF37CD_piezo_to_good_takamine_EG523SC_piezo,2.1732759448216906e-06,,2.7430027154632415e-06,,1.1466461448254002e-06,,1.7012385618340053e-06,,1.4838719662808298e-06,,1.6085546125189697e-06,
1648,AJ_JJasmine_JF37CD_mic_to_good_takamine_EG523SC_mic,2.3291233399641826e-06,,2.2921859433434195e-06,,2.783090134719302e-06,,3.5916381730698645e-06,,4.473186242532789e-06,,2.136760050771833e-06,
1649,AJ_JJasmine_JF37CD_mic_to_good_takamine_EG523SC_piezo,1.2659350263028888e-06,,1.6823855332270733e-06,,1.4317158620748533e-06,,1.421799278439133e-06,,1.4277523897103113e-06,,2.14173426087814e-06,
1650,AJ_JJasmine_JF37CD_piezo_to_good_takamine_EG523SC_mic,3.372121998639038e-06,,5.018529624311453e-06,,1.8019236924220217e-06,,2.8607582899827937e-06,,2.0373660161241858e-06,,3.3638851340758088e-06,
1651,AJ_JJasmine_JF37CD_piezo_to_good_takamine_EG523SC_piezo,4.1789196387105855e-06,,3.705916478546684e-06,,1.1306766330914297e-06,,1.7177904263361502e-06,,1.91925344171727e-06,,1.557087750056723e-06,
1652,AJ_JJasmine_JF37CD_mic_to_good_takamine_EG523SC_mic,2.309354620841949e-06,,2.072895204824784e-06,,3.2385647689096735e-06,,3.073681720240599e-06,,1.9932415745272734e-06,,2.004301293620257e-06,
1653,AJ_JJasmine_JF37CD_mic_to_good_takamine_EG523SC_piezo,3.514623711213743e-06,,2.8616146109441653e-06,,1.618231320505928e-06,,1.7840993976514546e-06,,1.7803715234121811e-06,,2.1003571974096182e-06,
1654,AJ_JJasmine_JF37CD_piezo_to_good_takamine_EG523SC_mic,3.2100244997484178e-06,,7.156947540551228e-06,,1.8463943338857238e-06,,2.004198482140512e-06,,2.3033574771108127e-06,,3.3086146064687555e-06,
1655,AJ_JJasmine_JF37CD_piezo_to_good_takamine_EG523SC_piezo,3.7594718129574666e-06,,3.5775870812445184e-06,,1.1289761355123902e-06,,1.2591665202398294e-06,,1.5927678914934635e-06,,1.518671924524694e-06,
1656,AJ_JJasmine_JF37CD_mic_to_good_takamine_EG523SC_mic,2.1388098341464398e-06,,2.015674183117822e-06,,2.3824258654775017e-06,,2.730462251304283e-06,,3.3319649917130897e-06,,3.2915336713994743e-06,
1657,AJ_JJasmine_JF37CD_mic_to_good_takamine_EG523SC_piezo,1.476998155787506e-06,,2.0662535617567706e-06,,1.2517605479329688e-06,,2.4857102363732748e-06,,2.6734092221908275e-06,,3.8050825259327085e-06,
1658,AJ_JJasmine_JF37CD_piezo_to_good_takamine_EG523SC_mic,2.0921898441652494e-06,,2.0840706312178217e-06,,2.6411948281090505e-06,,2.2896779643698294e-06,,2.3900119407412865e-06,,3.7765958940462773e-06,
1659,AJ_JJasmine_JF37CD_piezo_to_good_takamine_EG523SC_piezo,2.4849463669081535e-06,,2.3498693333979735e-06,,1.271728071927178e-06,,1.6070881406242847e-06,,1.5362958497108083e-06,,1.9582091699143423e-06,
1660,AJ_JJasmine_JF37CD_mic_to_good_takamine_EG523SC_mic,1.8976677636386306e-06,,1.7953716619426058e-06,,2.1949949203181544e-06,,2.806064585774512e-06,,3.598895581372415e-06,,3.355543439749454e-06,
1661,AJ_JJasmine_JF37CD_mic_to_good_takamine_EG523SC_piezo,1.5511313896612995e-06,,2.0893976194167807e-06,,1.2239667772798948e-06,,2.0446970146784353e-06,,2.4268972243399483e-06,,3.2752323059407522e-06,
1662,AJ_JJasmine_JF37CD_piezo_to_good_takamine_EG523SC_mic,2.267610148375889e-06,,2.0812924424974927e-06,,2.6676427687065964e-06,,2.51854311374495e-06,,2.3166878444687617e-06,,3.8106380746953656e-06,
1663,AJ_JJasmine_JF37CD_piezo_to_good_takamine_EG523SC_piezo,2.0922313268344274e-06,,2.371201086959165e-06,,1.2762518256481312e-06,,1.5847040219384781e-06,,1.5612373312169145e-06,,1.9239182624807372e-06,
1664,AJ_JJasmine_JF37CD_mic_to_good_takamine_EG523SC_mic,1.94109670256968e-06,,1.7521504894125662e-06,,2.2138702058745546e-06,,1.8644777508814691e-06,,3.3897445804635234e-06,,2.6521708099032163e-06,
1665,AJ_JJasmine_JF37CD_mic_to_good_takamine_EG523SC_piezo,1.5893461056477532e-06,,1.6348519126747313e-06,,2.424644059244568e-06,,1.975280568167724e-06,,2.009380363341357e-06,,2.8000719738700337e-06,
1666,AJ_JJasmine_JF37CD_piezo_to_good_takamine_EG523SC_mic,2.24193300707173e-06,,2.0939012205620273e-06,,2.291719468676088e-06,,2.9141427600006017e-06,,2.391137840424414e-06,,5.32509009561035e-06,
1667,AJ_JJasmine_JF37CD_piezo_to_good_takamine_EG523SC_piezo,1.5581179326970653e-06,,2.4423532176884986e-06,,1.291429522572494e-06,,1.4997513717948345e-06,,1.5776567794783008e-06,,1.8620229431058095e-06,
1668,AJ_JJasmine_JF37CD_mic_to_good_takamine_EG523SC_mic,2.143898285360332e-06,,2.023490912553673e-06,,2.384181276011713e-06,,2.638108907597864e-06,,4.541594897184689e-06,,2.971824871417477e-06,
1669,AJ_JJasmine_JF37CD_mic_to_good_takamine_EG523SC_piezo,1.4552698189846657e-06,,1.957531625119712e-06,,1.1741348124346164e-06,,1.7338011276774673e-06,,1.6027321659636592e-06,,2.884025269575531e-06,
1670,AJ_JJasmine_JF37CD_piezo_to_good_takamine_EG523SC_mic,5.371407499423592e-06,,3.038473050005529e-06,,1.9912300010863016e-06,,2.720374141845546e-06,,3.3475041152257334e-06,,3.96414615371199e-06,
1671,AJ_JJasmine_JF37CD_piezo_to_good_takamine_EG523SC_piezo,4.317293166041049e-06,,2.887096321006922e-06,,1.154594532953457e-06,,1.5131214060964873e-06,,1.4671148847872463e-06,,1.6299170231205161e-06,
1672,AJ_JJasmine_JF37CD_mic_to_good_takamine_EG523SC_mic,1.9754152284976568e-06,,1.7185395528505016e-06,,2.224129290808323e-06,,1.928388195360902e-06,,5.113705146041525e-06,,2.6153933701177556e-06,
1673,AJ_JJasmine_JF37CD_mic_to_good_takamine_EG523SC_piezo,1.3549702934401118e-06,,1.695127854143861e-06,,1.1743772062613931e-06,,1.7422683632248105e-06,,1.5268041823074605e-06,,2.9387903631611468e-06,
1674,AJ_JJasmine_JF37CD_piezo_to_good_takamine_EG523SC_mic,5.298144995204249e-06,,5.250086451066704e-06,,1.8941357520275937e-06,,5.0017148511775446e-06,,3.5960275533109317e-06,,4.390821077256557e-06,
1675,AJ_JJasmine_JF37CD_piezo_to_good_takamine_EG523SC_piezo,5.532156672193542e-06,,2.6654105144222774e-06,,1.1486849445125656e-06,,1.7208705605840257e-06,,1.5653641211096885e-06,,1.6026142330796423e-06,
1676,AJ_JJasmine_JF37CD_mic_to_good_takamine_EG523SC_mic,1.8113494703408336e-06,,1.5988031445810146e-06,,2.116248440922753e-06,,2.284645159398677e-06,,4.2058326059559945e-06,,2.84031914511869e-06,
1677,AJ_JJasmine_JF37CD_mic_to_good_takamine_EG523SC_piezo,1.1799350409024422e-06,,1.354667285281139e-06,,1.1964795765695112e-06,,1.369990773416336e-06,,3.3508829420069543e-06,,2.4996899530087925e-06,
1678,AJ_JJasmine_JF37CD_piezo_to_good_takamine_EG523SC_mic,4.2216458085327495e-06,,3.95754460809244e-06,,1.745998199338246e-06,,2.482292316046177e-06,,3.804548831573569e-06,,4.896066738922124e-06,
1679,AJ_JJasmine_JF37CD_piezo_to_good_takamine_EG523SC_piezo,4.72711521494702e-06,,2.9928169176474735e-06,,1.1417955254829045e-06,,1.8578726148763882e-06,,1.5904391834950863e-06,,1.5779271703774415e-06,
1680,AJ_JJasmine_JF37CD_mic_to_good_takamine_EG523SC_mic,3.955378409564023e-06,,2.729888852139286e-06,,2.019005630542216e-06,,2.301433660115343e-06,,2.8004731738305947e-06,,3.1244486833541646e-06,
1681,AJ_JJasmine_JF37CD_mic_to_good_takamine_EG523SC_piezo,2.0236275767359646e-06,,2.224634950518161e-06,,1.4410267588378921e-06,,1.5051202852324684e-06,,1.9683982271122006e-06,,2.224097089450179e-06,
1682,AJ_JJasmine_JF37CD_piezo_to_good_takamine_EG523SC_mic,1.5989045615356547e-06,,2.794217153226576e-06,,1.8441133504015866e-06,,2.9081371331848417e-06,,3.2726847661992014e-06,,4.049679984094099e-06,
1683,AJ_JJasmine_JF37CD_piezo_to_good_takamine_EG523SC_piezo,2.1518833358193255e-06,,1.8832142839040076e-06,,1.138929206284731e-06,,2.680802448330651e-06,,2.139411538711776e-06,,1.5182815866033721e-06,
1684,AJ_JJasmine_JF37CD_mic_to_good_takamine_EG523SC_mic,4.085605596272913e-06,,3.9162217258650805e-06,,2.072701034802787e-06,,2.04781219859694e-06,,2.4722279700505944e-06,,3.2631451931938906e-06,
1685,AJ_JJasmine_JF37CD_mic_to_good_takamine_EG523SC_piezo,1.9049872478834143e-06,,1.7458665480757689e-06,,1.7302199024729732e-06,,1.5704859503703032e-06,,1.3289314287195322e-06,,2.213646543179463e-06,
1686,AJ_JJasmine_JF37CD_piezo_to_good_takamine_EG523SC_mic,2.548515016942852e-06,,2.019370708665047e-06,,1.8086153188114078e-06,,3.5275343533755207e-06,,4.129132449164782e-06,,5.296033191019283e-06,
1687,AJ_JJasmine_JF37CD_piezo_to_good_takamine_EG523SC_piezo,2.607822102787128e-06,,2.0078073985414192e-06,,1.155642730923617e-06,,2.073390591505966e-06,,2.432385761092958e-06,,1.5827658004437525e-06,
1688,AJ_JJasmine_JF37CD_mic_to_good_takamine_EG523SC_mic,2.319285870520604e-06,,2.7588373360691794e-06,,1.9727840814572052e-06,,2.6217362879045785e-06,,2.3110870995404046e-06,,3.059987433099403e-06,
1689,AJ_JJasmine_JF37CD_mic_to_good_takamine_EG523SC_piezo,1.6307358915434965e-06,,1.6188929919552564e-06,,1.7481272809491513e-06,,1.2324680977813774e-06,,1.3447114697497298e-06,,2.0842496918548013e-06,
1690,AJ_JJasmine_JF37CD_piezo_to_good_takamine_EG523SC_mic,2.003373405641584e-06,,2.1320937818667596e-06,,1.8257028900266164e-06,,3.013288898986312e-06,,3.8353484118995565e-06,,5.421837180261561e-06,
1691,AJ_JJasmine_JF37CD_piezo_to_good_takamine_EG523SC_piezo,4.216469122210591e-06,,2.642022967269202e-06,,1.142671032195922e-06,,1.660890066859302e-06,,1.7304907246247372e-06,,1.5475268573643194e-06,
1692,AJ_JJasmine_JF37CD_mic_to_good_takamine_EG523SC_mic,3.1575161524691457e-06,,2.2088796853845335e-06,,2.3638345078034197e-06,,4.087642860230973e-06,,1.9049917562845905e-06,,2.416812893611657e-06,
1693,AJ_JJasmine_JF37CD_mic_to_good_takamine_EG523SC_piezo,1.144153722265164e-06,,1.4156210677755238e-06,,1.308516368627179e-06,,2.4022847624680313e-06,,2.851797183932589e-06,,2.217294758070613e-06,
1694,AJ_JJasmine_JF37CD_piezo_to_good_takamine_EG523SC_mic,5.125400787108559e-06,,2.1173513850061837e-06,,1.7658801503007544e-06,,1.927278337320694e-06,,4.132242568228326e-06,,3.5872046263710646e-06,
1695,AJ_JJasmine_JF37CD_piezo_to_good_takamine_EG523SC_piezo,3.972952545382637e-06,,1.4665565273499445e-06,,1.130649846186966e-06,,2.262879745542741e-06,,1.8450987585446397e-06,,1.5445509125097125e-06,
1696,AJ_JJasmine_JF37CD_mic_to_good_takamine_EG523SC_mic,2.842174929775968e-06,,2.45778070367478e-06,,1.993608550706351e-06,,1.9818234496896268e-06,,2.4380631783886543e-06,,2.912058309864236e-06,
1697,AJ_JJasmine_JF37CD_mic_to_good_takamine_EG523SC_piezo,2.679744903209623e-06,,2.534243175654307e-06,,1.287262707344781e-06,,2.411686809223172e-06,,2.2175676872953345e-06,,2.2114891411246873e-06,
1698,AJ_JJasmine_JF37CD_piezo_to_good_takamine_EG523SC_mic,4.530802246875221e-06,,2.5434448797935635e-06,,1.756031226033771e-06,,2.324275705028311e-06,,4.674862882260708e-06,,4.1419359275698445e-06,
1699,AJ_JJasmine_JF37CD_piezo_to_good_takamine_EG523SC_piezo,4.531188732673994e-06,,1.4730220739831224e-06,,1.1387730213765683e-06,,2.048567010514015e-06,,1.6008057118861647e-06,,1.5919170483507849e-06,
1700,AJ_JJasmine_JF37CD_mic_to_good_takamine_EG523SC_mic,3.30717525656399e-06,,2.3327512581954142e-06,,2.2720550720171362e-06,,2.6491371081084504e-06,,2.459402624162022e-06,,2.522429104560353e-06,
1701,AJ_JJasmine_JF37CD_mic_to_good_takamine_EG523SC_piezo,3.1029360214056967e-06,,1.395748729230551e-06,,1.6924752648140767e-06,,2.288283574372683e-06,,1.9809031327675807e-06,,2.1003715755066584e-06,
1702,AJ_JJasmine_JF37CD_piezo_to_good_takamine_EG523SC_mic,4.9122598617471774e-06,,2.708498735904571e-06,,1.7107288628485503e-06,,2.2633920536466017e-06,,5.0353765246125785e-06,,3.822265913333734e-06,
1703,AJ_JJasmine_JF37CD_piezo_to_good_takamine_EG523SC_piezo,4.029479021079561e-06,,1.55397252893225e-06,,1.130843354304946e-06,,1.410362264101528e-06,,1.7298518766166782e-06,,1.5449910700768486e-06,
1704,AJ_JJasmine_JF37CD_mic_to_good_takamine_EG523SC_mic,2.021485746145115e-06,,1.9934782430212915e-06,,2.184308803060656e-06,,2.952905734233087e-06,,3.2202903866813914e-06,,3.3726191029310994e-06,
1705,AJ_JJasmine_JF37CD_mic_to_good_takamine_EG523SC_piezo,1.209963794902424e-06,,2.7301400601968475e-06,,1.1703327303960129e-06,,2.4660120736204976e-06,,2.531561387048903e-06,,2.4454503886820396e-06,
1706,AJ_JJasmine_JF37CD_piezo_to_good_takamine_EG523SC_mic,2.130422851883036e-06,,1.6477908512978232e-06,,2.1877715267998806e-06,,2.601776409845924e-06,,2.192843605061529e-06,,3.0754033958889716e-06,
1707,AJ_JJasmine_JF37CD_piezo_to_good_takamine_EG523SC_piezo,1.8848375100116478e-06,,3.6411080578407218e-06,,1.193328495517289e-06,,1.9231321995606133e-06,,1.8572515411008694e-06,,2.0060348643291763e-06,
1708,AJ_JJasmine_JF37CD_mic_to_good_takamine_EG523SC_mic,1.9126028529418933e-06,,1.942095639478802e-06,,2.154255274832063e-06,,2.4494159864030593e-06,,3.110422183186828e-06,,3.1636995325976972e-06,
1709,AJ_JJasmine_JF37CD_mic_to_good_takamine_EG523SC_piezo,1.7039284741485167e-06,,2.142823387649302e-06,,1.2640176134303613e-06,,1.5007193869790997e-06,,1.8622637126793975e-06,,3.849416137298038e-06,
1710,AJ_JJasmine_JF37CD_piezo_to_good_takamine_EG523SC_mic,1.7791066580546724e-06,,1.6551012646554728e-06,,2.1533385941290144e-06,,3.28803970182135e-06,,2.2140839797833404e-06,,3.1964163320242124e-06,
1711,AJ_JJasmine_JF37CD_piezo_to_good_takamine_EG523SC_piezo,1.938019359613615e-06,,3.530843362214833e-06,,1.198431565807463e-06,,1.9788840938717617e-06,,1.8461057713839974e-06,,2.020452288312295e-06,
1712,AJ_JJasmine_JF37CD_mic_to_good_takamine_EG523SC_mic,1.9790028355501668e-06,,2.0005230512256754e-06,,2.2182753264384167e-06,,2.33371310470077e-06,,2.851269283298667e-06,,3.1021010276356537e-06,
1713,AJ_JJasmine_JF37CD_mic_to_good_takamine_EG523SC_piezo,1.6106377576543733e-06,,2.1108649474325357e-06,,1.7963420933482379e-06,,1.4219588222955203e-06,,1.9761739402488555e-06,,3.040710351371188e-06,
1714,AJ_JJasmine_JF37CD_piezo_to_good_takamine_EG523SC_mic,2.0851408525113903e-06,,1.6474213502065937e-06,,2.0994096058419742e-06,,3.4244096057914348e-06,,2.186035120158954e-06,,3.7354359050814363e-06,
1715,AJ_JJasmine_JF37CD_piezo_to_good_takamine_EG523SC_piezo,2.184854182817578e-06,,2.7266290915139174e-06,,1.2058325642286823e-06,,2.230445303877367e-06,,1.8792671240659243e-06,,1.9215269590910825e-06,
1716,AJ_JJasmine_JF37CD_mic_to_good_takamine_EG523SC_mic,2.1634278199828527e-06,,2.1152999478759407e-06,,2.44811854499299e-06,,2.5277945113098877e-06,,4.204382861486433e-06,,2.9254063896206403e-06,
1717,AJ_JJasmine_JF37CD_mic_to_good_takamine_EG523SC_piezo,1.3301293811918355e-06,,1.6567940865838036e-06,,1.1617730247642393e-06,,1.3133326584562844e-06,,1.396169171320425e-06,,2.8262256715367616e-06,
1718,AJ_JJasmine_JF37CD_piezo_to_good_takamine_EG523SC_mic,3.4379748902936537e-06,,2.0502138919489886e-06,,2.658048921821641e-06,,3.073641133327117e-06,,2.3075493023245274e-06,,3.9884531303591505e-06,
1719,AJ_JJasmine_JF37CD_piezo_to_good_takamine_EG523SC_piezo,1.9303989188957313e-06,,2.133864942499236e-06,,1.1669843514835386e-06,,1.4402870617758752e-06,,1.4652732853142189e-06,,1.7186207578548805e-06,
1720,AJ_JJasmine_JF37CD_mic_to_good_takamine_EG523SC_mic,1.986768315134188e-06,,1.804538218356385e-06,,2.1400274927379847e-06,,2.3733178777549653e-06,,3.8121709772880215e-06,,2.8062251614076126e-06,
1721,AJ_JJasmine_JF37CD_mic_to_good_takamine_EG523SC_piezo,1.216116955606603e-06,,1.2655049771494462e-06,,1.1491219917829746e-06,,2.005527568442859e-06,,1.6065129511654722e-06,,2.445395466735391e-06,
1722,AJ_JJasmine_JF37CD_piezo_to_good_takamine_EG523SC_mic,5.02406269700161e-06,,2.229456107400513e-06,,2.8680208128190406e-06,,2.9871454464346423e-06,,2.275119971764874e-06,,5.2148608508198575e-06,
1723,AJ_JJasmine_JF37CD_piezo_to_good_takamine_EG523SC_piezo,1.8850037161495438e-06,,2.5680667810409385e-06,,1.1491757814587559e-06,,1.9689857790991315e-06,,1.547506620172639e-06,,1.626818094935812e-06,
1724,AJ_JJasmine_JF37CD_mic_to_good_takamine_EG523SC_mic,2.0039222256214834e-06,,1.841868793474733e-06,,2.246222106963152e-06,,2.266514705949858e-06,,4.888193243987362e-06,,2.6314541071548997e-06,
1725,AJ_JJasmine_JF37CD_mic_to_good_takamine_EG523SC_piezo,1.7718939802622968e-06,,1.948010346555771e-06,,1.2371835393685528e-06,,2.855131803764461e-06,,2.0698765118050717e-06,,2.401783482416746e-06,
1726,AJ_JJasmine_JF37CD_piezo_to_good_takamine_EG523SC_mic,5.640168180415253e-06,,2.06035140303967e-06,,2.4177921392290486e-06,,3.214983453559388e-06,,2.3549896064509113e-06,,5.417468989114703e-06,
1727,AJ_JJasmine_JF37CD_piezo_to_good_takamine_EG523SC_piezo,2.9872293348963725e-06,,2.6500050984482885e-06,,1.1436479781158166e-06,,1.6657674333967806e-06,,1.52823840808974e-06,,1.6150574851219084e-06,
1728,AJ_JJasmine_JF37CD_mic_to_Classical_Unknown_mic,5.3339793419137796e-06,,6.3122244393271094e-06,,7.045508271645089e-06,,3.738495659362087e-06,,4.682353639320699e-06,,4.1249989306680935e-06,
1729,AJ_JJasmine_JF37CD_mic_to_Classical_Unknown_piezo,2.947844515253899e-06,,2.893312005792968e-06,,2.958705895812645e-06,,2.3007208932382383e-06,,3.191912863977639e-06,,2.975511855121459e-06,
1730,AJ_JJasmine_JF37CD_piezo_to_Classical_Unknown_mic,3.0368324947955035e-06,,4.104946963400549e-06,,5.487528759111126e-06,,3.625571656082714e-06,,2.9213245322060682e-06,,3.39051389838939e-06,
1731,AJ_JJasmine_JF37CD_piezo_to_Classical_Unknown_piezo,1.6824883500185385e-06,,1.8345653128649377e-06,,1.633270408239271e-06,,2.080480952557235e-06,,2.5403397428050248e-06,,1.942902013609186e-06,
1732,AJ_JJasmine_JF37CD_mic_to_Classical_Unknown_mic,5.377567774355055e-06,,7.2499082127365286e-06,,6.223488071255489e-06,,4.908062984719161e-06,,4.6177708601702e-06,,4.7824112744616975e-06,
1733,AJ_JJasmine_JF37CD_mic_to_Classical_Unknown_piezo,4.704766660967969e-06,,2.9634499288642037e-06,,2.9926904804877296e-06,,3.6779480280648363e-06,,4.06824565589983e-06,,3.755326244723241e-06,
1734,AJ_JJasmine_JF37CD_piezo_to_Classical_Unknown_mic,6.052661695446168e-06,,3.9300514849483e-06,,4.860511564092707e-06,,3.802446523981729e-06,,2.5858428017552565e-06,,3.3006466931867577e-06,
1735,AJ_JJasmine_JF37CD_piezo_to_Classical_Unknown_piezo,1.6442587482758608e-06,,1.8578220887891424e-06,,1.8469881142607306e-06,,2.4520096090610787e-06,,2.5205427013435786e-06,,2.0798836688176043e-06,
1736,AJ_JJasmine_JF37CD_mic_to_Classical_Unknown_mic,5.2590246137784e-06,,7.714019187057124e-06,,6.119743505057369e-06,,4.3169144633023405e-06,,5.291605528197247e-06,,4.1222327886546184e-06,
1737,AJ_JJasmine_JF37CD_mic_to_Classical_Unknown_piezo,2.994370117874598e-06,,2.757942939678419e-06,,2.192586766606485e-06,,2.140323342083568e-06,,4.175982186421138e-06,,2.167728109525628e-06,
1738,AJ_JJasmine_JF37CD_piezo_to_Classical_Unknown_mic,3.428332364105354e-06,,5.756239903579629e-06,,5.301595749555383e-06,,2.9649736788709146e-06,,2.7804832972205337e-06,,3.7927770016305002e-06,
1739,AJ_JJasmine_JF37CD_piezo_to_Classical_Unknown_piezo,1.6760262063209113e-06,,1.855747890682994e-06,,1.7202787798926398e-06,,2.2693377594696813e-06,,2.6492826249873023e-06,,2.3130973941605077e-06,
1740,AJ_JJasmine_JF37CD_mic_to_Classical_Unknown_mic,5.124965507389563e-06,,6.853749843026011e-06,,6.6939440214856945e-06,,3.2346856356866585e-06,,3.0893880027728302e-06,,4.0107505666232335e-06,
1741,AJ_JJasmine_JF37CD_mic_to_Classical_Unknown_piezo,3.1748176662225626e-06,,2.8910913747150877e-06,,2.5018338030887545e-06,,2.9852702315925107e-06,,2.237397173661909e-06,,2.1981301992378186e-06,
1742,AJ_JJasmine_JF37CD_piezo_to_Classical_Unknown_mic,5.2097491678965425e-06,,5.065308929090134e-06,,5.804109082878827e-06,,3.0808371413002704e-06,,4.006412505711944e-06,,4.1969718778206014e-06,
1743,AJ_JJasmine_JF37CD_piezo_to_Classical_Unknown_piezo,2.1629549308554144e-06,,2.0792596584094398e-06,,1.7081211836567534e-06,,2.4010535602025525e-06,,2.259872203875894e-06,,1.9690107486060687e-06,
1744,AJ_JJasmine_JF37CD_mic_to_Classical_Unknown_mic,7.161959822460219e-06,,4.173035364827266e-06,,5.5868106826537045e-06,,3.7726700628763826e-06,,4.203967150674234e-06,,5.81991627881169e-06,
1745,AJ_JJasmine_JF37CD_mic_to_Classical_Unknown_piezo,3.6417958294369593e-06,,3.3990514546688385e-06,,2.59053971109992e-06,,2.997984159430007e-06,,2.304758841283232e-06,,2.540451920641471e-06,
1746,AJ_JJasmine_JF37CD_piezo_to_Classical_Unknown_mic,4.643441498255439e-06,,5.9507310542252665e-06,,4.829539613652577e-06,,3.693867689026605e-06,,4.00116898307088e-06,,3.810900465710306e-06,
1747,AJ_JJasmine_JF37CD_piezo_to_Classical_Unknown_piezo,1.694408299682208e-06,,2.065846700665354e-06,,1.8527152827552688e-06,,2.3698510146362026e-06,,2.2960970285919606e-06,,1.94310143519411e-06,
1748,AJ_JJasmine_JF37CD_mic_to_Classical_Unknown_mic,4.597616241386193e-06,,4.49190405488609e-06,,6.1088616891193464e-06,,4.889508798627629e-06,,4.288487783985453e-06,,3.882024443786318e-06,
1749,AJ_JJasmine_JF37CD_mic_to_Classical_Unknown_piezo,4.647378515117987e-06,,3.3063322517179983e-06,,2.6447083698226545e-06,,2.7232015928662897e-06,,2.6419310187956834e-06,,2.285597097698579e-06,
1750,AJ_JJasmine_JF37CD_piezo_to_Classical_Unknown_mic,6.660085946251084e-06,,6.073139159474548e-06,,6.257010911380321e-06,,2.2632732848924408e-06,,3.079780887959236e-06,,3.6349457473536305e-06,
1751,AJ_JJasmine_JF37CD_piezo_to_Classical_Unknown_piezo,1.7494056710431464e-06,,2.047467698582112e-06,,1.7917616052554587e-06,,2.4391000204931122e-06,,2.1835968661956e-06,,2.0493147582963662e-06,
1752,AJ_JJasmine_JF37CD_mic_to_Classical_Unknown_mic,4.436887389243373e-06,,5.585266796466272e-06,,3.855962032826074e-06,,4.783761607284064e-06,,4.12020337257934e-06,,3.3608687241388947e-06,
1753,AJ_JJasmine_JF37CD_mic_to_Classical_Unknown_piezo,1.7267471502294888e-06,,1.8692762371324492e-06,,2.1654100734277322e-06,,2.4421573205222054e-06,,2.2794872245774844e-06,,2.1454200220327923e-06,
1754,AJ_JJasmine_JF37CD_piezo_to_Classical_Unknown_mic,4.40633060468995e-06,,5.172288151620253e-06,,8.332397453900967e-06,,4.213412637127216e-06,,4.058405068667283e-06,,4.574084894610392e-06,
1755,AJ_JJasmine_JF37CD_piezo_to_Classical_Unknown_piezo,3.069584411585797e-06,,2.640313196592361e-06,,2.989049550766692e-06,,2.65426963209216e-06,,2.8429452775098475e-06,,2.3223625632489246e-06,
1756,AJ_JJasmine_JF37CD_mic_to_Classical_Unknown_mic,3.862394844716626e-06,,6.4605482290086115e-06,,4.714500380952299e-06,,4.611767991618662e-06,,3.3491358849637803e-06,,3.5037063871057372e-06,
1757,AJ_JJasmine_JF37CD_mic_to_Classical_Unknown_piezo,1.7295987373270317e-06,,2.3192496031738207e-06,,2.0281191821839616e-06,,2.547017104540441e-06,,2.743302632050017e-06,,2.311037857993227e-06,
1758,AJ_JJasmine_JF37CD_piezo_to_Classical_Unknown_mic,4.709583112179315e-06,,6.0278066845353056e-06,,8.589915274504801e-06,,3.5788354724503728e-06,,4.183487944193541e-06,,5.604607098553559e-06,
1759,AJ_JJasmine_JF37CD_piezo_to_Classical_Unknown_piezo,2.494910390312766e-06,,2.3997663212981204e-06,,2.9539765490904254e-06,,2.657260646710801e-06,,2.946410649543538e-06,,2.1488355833867176e-06,
1760,AJ_JJasmine_JF37CD_mic_to_Classical_Unknown_mic,4.413885972684777e-06,,6.003154774845477e-06,,4.3197746031916344e-06,,3.5497343794697505e-06,,3.26472491444959e-06,,3.737303220899008e-06,
1761,AJ_JJasmine_JF37CD_mic_to_Classical_Unknown_piezo,3.1344525422333472e-06,,3.021781873671984e-06,,2.259942016646298e-06,,3.4336511167270223e-06,,3.2123898282566348e-06,,2.5148706160002723e-06,
1762,AJ_JJasmine_JF37CD_piezo_to_Classical_Unknown_mic,4.7495925287547405e-06,,6.322996911275142e-06,,7.3719423092810436e-06,,3.3004910505426507e-06,,4.207855956056641e-06,,5.329185344348347e-06,
1763,AJ_JJasmine_JF37CD_piezo_to_Classical_Unknown_piezo,2.621750182403638e-06,,2.1887510012930503e-06,,2.7510586234602317e-06,,1.9598771971290982e-06,,1.718534446024541e-06,,1.8261242274091826e-06,
1764,AJ_JJasmine_JF37CD_mic_to_Classical_Unknown_mic,3.551913265055795e-06,,4.765064165597267e-06,,7.955711173886204e-06,,3.878811328570624e-06,,3.613217404798668e-06,,3.225453023991125e-06,
1765,AJ_JJasmine_JF37CD_mic_to_Classical_Unknown_piezo,1.6637973364067595e-06,,1.4425287224454088e-06,,2.0285371282623326e-06,,2.9325781061165455e-06,,3.129630065736511e-06,,2.269964030741675e-06,
1766,AJ_JJasmine_JF37CD_piezo_to_Classical_Unknown_mic,3.336460278446358e-06,,7.75659045297426e-06,,5.840375563155503e-06,,4.111614909616269e-06,,3.3151521764645525e-06,,3.29775189423759e-06,
1767,AJ_JJasmine_JF37CD_piezo_to_Classical_Unknown_piezo,2.4053275432240747e-06,,2.053455278114138e-06,,2.8164943824745204e-06,,2.044935688457938e-06,,1.8906436866646117e-06,,2.063509341960564e-06,
1768,AJ_JJasmine_JF37CD_mic_to_Classical_Unknown_mic,3.6767336055299205e-06,,7.277444896296279e-06,,5.16078092197503e-06,,4.7230350008598835e-06,,2.6597062321411494e-06,,4.845056024757649e-06,
1769,AJ_JJasmine_JF37CD_mic_to_Classical_Unknown_piezo,2.405656136268182e-06,,2.019174482930325e-06,,2.2256197665872673e-06,,3.3033755557969004e-06,,2.8139729027334457e-06,,2.700251630839006e-06,
1770,AJ_JJasmine_JF37CD_piezo_to_Classical_Unknown_mic,3.3166676988587418e-06,,5.25498331614194e-06,,5.512936284892974e-06,,4.063168182679478e-06,,3.4784813392107846e-06,,3.2057187474596094e-06,
1771,AJ_JJasmine_JF37CD_piezo_to_Classical_Unknown_piezo,2.4429522263566075e-06,,2.092771695474391e-06,,2.004700460886661e-06,,2.3268511781308766e-06,,2.340720006902277e-06,,1.9256438574310174e-06,
1772,AJ_JJasmine_JF37CD_mic_to_Classical_Unknown_mic,3.5881418776069747e-06,,7.071584117091253e-06,,6.1992567455195024e-06,,5.125990352813836e-06,,2.9254510872623285e-06,,4.31124651711647e-06,
1773,AJ_JJasmine_JF37CD_mic_to_Classical_Unknown_piezo,2.7491701405706825e-06,,2.4373958248008686e-06,,2.0391427208654687e-06,,3.4195841947823373e-06,,2.6599701792503045e-06,,2.6722997937437345e-06,
1774,AJ_JJasmine_JF37CD_piezo_to_Classical_Unknown_mic,4.3213113218257024e-06,,6.4216767637929935e-06,,6.903287776605248e-06,,3.4012621241663744e-06,,3.95125681021706e-06,,3.651644964594011e-06,
1775,AJ_JJasmine_JF37CD_piezo_to_Classical_Unknown_piezo,2.737034560592065e-06,,2.4025997700608728e-06,,1.8640037213468826e-06,,2.4507031464207732e-06,,2.442192746285345e-06,,1.973699518212577e-06,
1776,AJ_JJasmine_JF37CD_mic_to_Classical_Unknown_mic,6.034918715228689e-06,,7.83049439823796e-06,,4.988407705717615e-06,,3.246958858672222e-06,,3.1562281863929775e-06,,5.085993608550896e-06,
1777,AJ_JJasmine_JF37CD_mic_to_Classical_Unknown_piezo,2.590176396578461e-06,,3.1940579053186925e-06,,2.600447529368385e-06,,2.8403245307547267e-06,,2.4567849308876584e-06,,3.021878391141504e-06,
1778,AJ_JJasmine_JF37CD_piezo_to_Classical_Unknown_mic,2.548904299090804e-06,,3.912083968360403e-06,,7.149742744377959e-06,,2.9271070640691e-06,,3.5753134675084977e-06,,4.740972137116485e-06,
1779,AJ_JJasmine_JF37CD_piezo_to_Classical_Unknown_piezo,1.4443624416421574e-06,,2.185623816203115e-06,,1.7048713478115627e-06,,1.8736171288725183e-06,,1.8571533899213086e-06,,1.7390731239645474e-06,
1780,AJ_JJasmine_JF37CD_mic_to_Classical_Unknown_mic,3.8052376769605746e-06,,4.205600037639856e-06,,5.773629532362036e-06,,5.216889501853489e-06,,3.7124025295006515e-06,,5.005397691027167e-06,
1781,AJ_JJasmine_JF37CD_mic_to_Classical_Unknown_piezo,3.136808998696188e-06,,3.6326839230655923e-06,,2.759598961591835e-06,,4.626312721510177e-06,,4.954704494730034e-06,,3.3326922127217957e-06,
1782,AJ_JJasmine_JF37CD_piezo_to_Classical_Unknown_mic,5.598800356671998e-06,,3.3085602501425654e-06,,6.304768158556731e-06,,4.1441837432261375e-06,,3.476470390734366e-06,,4.780742166288373e-06,
1783,AJ_JJasmine_JF37CD_piezo_to_Classical_Unknown_piezo,1.95422589114905e-06,,2.465805932870308e-06,,1.7926531501533076e-06,,1.7871444691287057e-06,,1.7505015822686319e-06,,1.6481780221340047e-06,
1784,AJ_JJasmine_JF37CD_mic_to_Classical_Unknown_mic,5.138874915603898e-06,,3.797963882493862e-06,,3.895179118753229e-06,,3.2236446855709224e-06,,3.0623092678914612e-06,,4.485825003664115e-06,
1785,AJ_JJasmine_JF37CD_mic_to_Classical_Unknown_piezo,2.1818455067394044e-06,,1.938584735852975e-06,,2.249555214265577e-06,,2.4956965692913017e-06,,2.234546097077113e-06,,5.209471065945162e-06,
1786,AJ_JJasmine_JF37CD_piezo_to_Classical_Unknown_mic,3.6000990446558872e-06,,7.55017011602891e-06,,5.54293147901272e-06,,2.59304511084904e-06,,2.379882475528724e-06,,4.57417399920703e-06,
1787,AJ_JJasmine_JF37CD_piezo_to_Classical_Unknown_piezo,1.6057589124821269e-06,,2.0421958782466668e-06,,1.5760615078995226e-06,,3.504448282946279e-06,,2.2100780782940574e-06,,4.625329568935411e-06,
1788,AJ_JJasmine_JF37CD_mic_to_Classical_Unknown_mic,4.048350507503213e-06,,7.184153897281617e-06,,7.537112935929889e-06,,4.794639821416245e-06,,5.418039612648822e-06,,3.472584491387869e-06,
1789,AJ_JJasmine_JF37CD_mic_to_Classical_Unknown_piezo,2.516435478509795e-06,,2.4753839966516153e-06,,2.579278069006924e-06,,2.602994914667689e-06,,3.1563355741711276e-06,,2.444428269086301e-06,
1790,AJ_JJasmine_JF37CD_piezo_to_Classical_Unknown_mic,5.648618353620961e-06,,4.592660347844449e-06,,6.397978385374146e-06,,3.406713101889246e-06,,3.3337712133763395e-06,,3.7481662058691258e-06,
1791,AJ_JJasmine_JF37CD_piezo_to_Classical_Unknown_piezo,2.2186105649805944e-06,,3.0678793670197296e-06,,1.7730924157708416e-06,,2.4888388388642682e-06,,2.3493565664896195e-06,,2.1291949663695592e-06,
1792,AJ_JJasmine_JF37CD_mic_to_Classical_Unknown_mic,4.525418674079167e-06,,5.394842084609901e-06,,6.14044039334912e-06,,5.155985597094573e-06,,5.323965388053761e-06,,4.185165991534876e-06,
1793,AJ_JJasmine_JF37CD_mic_to_Classical_Unknown_piezo,2.5873283673390375e-06,,2.715495625352598e-06,,2.4840868014051125e-06,,2.729741907336865e-06,,3.0800943005359775e-06,,3.0721921323837367e-06,
1794,AJ_JJasmine_JF37CD_piezo_to_Classical_Unknown_mic,4.55277917778669e-06,,5.012845597216555e-06,,5.957142483091258e-06,,3.214912235337762e-06,,3.1647857026023033e-06,,3.707112658808746e-06,
1795,AJ_JJasmine_JF37CD_piezo_to_Classical_Unknown_piezo,2.1873426213054627e-06,,2.960053247033896e-06,,1.8325029657529302e-06,,1.8215631345529096e-06,,2.3024788975469067e-06,,1.9466503123099104e-06,
1796,AJ_JJasmine_JF37CD_mic_to_Classical_Unknown_mic,3.9447381140105385e-06,,5.954282310209123e-06,,3.752053327819011e-06,,4.726286957606569e-06,,5.093127435839131e-06,,3.9244258422753226e-06,
1797,AJ_JJasmine_JF37CD_mic_to_Classical_Unknown_piezo,2.911745384063502e-06,,3.081427063766004e-06,,2.1677030997544128e-06,,2.824627033381344e-06,,3.035979855865121e-06,,2.7412384674016524e-06,
1798,AJ_JJasmine_JF37CD_piezo_to_Classical_Unknown_mic,4.6731063576445195e-06,,5.187987298723648e-06,,5.523241512017226e-06,,3.11734645962259e-06,,3.781939169738367e-06,,3.4512659356098104e-06,
1799,AJ_JJasmine_JF37CD_piezo_to_Classical_Unknown_piezo,2.1696411223443954e-06,,2.837043486725363e-06,,1.8885237494771892e-06,,2.3905019370932913e-06,,2.161296583511893e-06,,2.1253282888898165e-06,
1800,AJ_JJasmine_JF37CD_mic_to_Classical_Unknown_mic,4.079245576483866e-06,,7.752013902676402e-06,,4.386481712236213e-06,,3.817688810983736e-06,,5.476994250388596e-06,,3.6476957566026907e-06,
1801,AJ_JJasmine_JF37CD_mic_to_Classical_Unknown_piezo,1.9395585791517974e-06,,1.7108338925309106e-06,,2.5472811855089275e-06,,2.3593481952474497e-06,,2.154433086513994e-06,,2.1066045636818425e-06,
1802,AJ_JJasmine_JF37CD_piezo_to_Classical_Unknown_mic,4.554470048578961e-06,,5.36490633942904e-06,,8.802608177037431e-06,,3.453057848294035e-06,,4.666875395785541e-06,,5.0643283269100924e-06,
1803,AJ_JJasmine_JF37CD_piezo_to_Classical_Unknown_piezo,3.2377439725482478e-06,,2.6421486166942733e-06,,3.045968365143613e-06,,3.7503111675490564e-06,,3.000864394295186e-06,,2.6450967297204945e-06,
1804,AJ_JJasmine_JF37CD_mic_to_Classical_Unknown_mic,3.993932751898066e-06,,6.445286160179011e-06,,6.11024094004793e-06,,4.77115107647849e-06,,3.89244663102036e-06,,3.0373808945204986e-06,
1805,AJ_JJasmine_JF37CD_mic_to_Classical_Unknown_piezo,1.7061641876175167e-06,,2.3041795086813902e-06,,1.9427872803851157e-06,,2.4843585944657396e-06,,2.5980058052051473e-06,,2.189769312156534e-06,
1806,AJ_JJasmine_JF37CD_piezo_to_Classical_Unknown_mic,4.326264628369055e-06,,5.320823416097014e-06,,6.873364047317715e-06,,3.426492809765304e-06,,3.6961838761618365e-06,,3.919435978031787e-06,
1807,AJ_JJasmine_JF37CD_piezo_to_Classical_Unknown_piezo,2.7147957745880577e-06,,2.4721118108820856e-06,,2.8041844373106417e-06,,2.7041382050300257e-06,,3.0973676108974113e-06,,1.9050561617340266e-06,
1808,AJ_JJasmine_JF37CD_mic_to_Classical_Unknown_mic,4.3908809555094245e-06,,5.560652796553173e-06,,4.27694447066424e-06,,5.174356646685395e-06,,3.536619365431395e-06,,3.880056076565011e-06,
1809,AJ_JJasmine_JF37CD_mic_to_Classical_Unknown_piezo,2.874713801438325e-06,,2.8804928877965726e-06,,2.311661993627908e-06,,3.4570324899048435e-06,,2.9874629031083105e-06,,2.513684834287538e-06,
1810,AJ_JJasmine_JF37CD_piezo_to_Classical_Unknown_mic,5.534635884019478e-06,,5.91292053902019e-06,,5.243384920134747e-06,,2.7724122124545913e-06,,4.306333734843592e-06,,3.0127432235930477e-06,
1811,AJ_JJasmine_JF37CD_piezo_to_Classical_Unknown_piezo,2.6681482740375976e-06,,2.2177043439289704e-06,,2.6099221425283214e-06,,1.880671687297707e-06,,2.566494963740933e-06,,2.021710593610658e-06,
1812,AJ_JJasmine_JF37CD_mic_to_Classical_Unknown_mic,3.01361620499666e-06,,5.156910153188282e-06,,7.295934894115263e-06,,4.011928090857974e-06,,3.5841903109300516e-06,,3.136906171598813e-06,
1813,AJ_JJasmine_JF37CD_mic_to_Classical_Unknown_piezo,1.6810565222592407e-06,,1.4391883579722256e-06,,2.155303521757339e-06,,3.0105200134799597e-06,,3.2490861768606666e-06,,1.916135470336668e-06,
1814,AJ_JJasmine_JF37CD_piezo_to_Classical_Unknown_mic,3.5047411132789005e-06,,6.984979726753026e-06,,8.491934586896295e-06,,2.3054865588839495e-06,,3.3647908580926506e-06,,2.307922791374397e-06,
1815,AJ_JJasmine_JF37CD_piezo_to_Classical_Unknown_piezo,2.1374012983437975e-06,,1.9640954209249137e-06,,2.692540972349042e-06,,2.0398982886941946e-06,,1.947403655213966e-06,,1.6383079769506742e-06,
1816,AJ_JJasmine_JF37CD_mic_to_Classical_Unknown_mic,3.6233538791587153e-06,,7.809420722173492e-06,,5.171228422561804e-06,,4.395450996107243e-06,,2.640580985761298e-06,,4.742824632736328e-06,
1817,AJ_JJasmine_JF37CD_mic_to_Classical_Unknown_piezo,2.3362554507645484e-06,,2.025255266333485e-06,,2.1972139988192224e-06,,2.7484963234262896e-06,,3.070682307968311e-06,,2.424286153760433e-06,
1818,AJ_JJasmine_JF37CD_piezo_to_Classical_Unknown_mic,3.5928189341972016e-06,,5.2193740928250575e-06,,5.2173169806306476e-06,,3.911252002470788e-06,,3.5762702299500693e-06,,3.1402320429753123e-06,
1819,AJ_JJasmine_JF37CD_piezo_to_Classical_Unknown_piezo,2.40000224335213e-06,,2.066330715008475e-06,,2.0066695435546037e-06,,2.4085090815878804e-06,,2.4264529527040762e-06,,1.9192096091406966e-06,
1820,AJ_JJasmine_JF37CD_mic_to_Classical_Unknown_mic,3.8242923819730996e-06,,7.603481347801501e-06,,6.108961342890869e-06,,4.6771237608173515e-06,,2.758761579466063e-06,,4.535804989270808e-06,
1821,AJ_JJasmine_JF37CD_mic_to_Classical_Unknown_piezo,2.6391311408112553e-06,,2.408316327589364e-06,,2.0982647403851195e-06,,3.2762732760954173e-06,,2.608376369792475e-06,,2.6912186851288986e-06,
1822,AJ_JJasmine_JF37CD_piezo_to_Classical_Unknown_mic,4.623119294523431e-06,,7.064934917177989e-06,,5.553842225891867e-06,,2.982129414074357e-06,,3.5903211879128547e-06,,2.732254228656472e-06,
1823,AJ_JJasmine_JF37CD_piezo_to_Classical_Unknown_piezo,2.603658283019189e-06,,2.3217185699311552e-06,,1.877020671632749e-06,,2.469319342938121e-06,,2.463935889486815e-06,,2.0272530859997386e-06,
1824,AJ_JJasmine_JF37CD_mic_to_Classical_Unknown_mic,6.976260618698474e-06,,3.975705484873466e-06,,5.655873796001681e-06,,3.5703955991914853e-06,,4.622522945956286e-06,,5.6006119728716935e-06,
1825,AJ_JJasmine_JF37CD_mic_to_Classical_Unknown_piezo,1.6326688211598096e-06,,2.2987991821418015e-06,,2.6820688536172716e-06,,1.941593325604095e-06,,2.041856539489501e-06,,2.95455950754049e-06,
1826,AJ_JJasmine_JF37CD_piezo_to_Classical_Unknown_mic,4.6474728272325815e-06,,4.105435095239357e-06,,5.873241403082069e-06,,2.277309649922026e-06,,3.2825358906594138e-06,,2.1242501331061015e-06,
1827,AJ_JJasmine_JF37CD_piezo_to_Classical_Unknown_piezo,1.7895147968695465e-06,,1.8969835539693201e-06,,1.837877566749038e-06,,1.6190605077633413e-06,,2.4778389685074876e-06,,1.7930651269225173e-06,
1828,AJ_JJasmine_JF37CD_mic_to_Classical_Unknown_mic,7.936493198625449e-06,,8.364838213322926e-06,,5.1416632989921525e-06,,3.037403814032635e-06,,5.66411011099673e-06,,3.1432103233339674e-06,
1829,AJ_JJasmine_JF37CD_mic_to_Classical_Unknown_piezo,2.484780418120124e-06,,3.370994805260436e-06,,2.322907804026512e-06,,3.2634863559190307e-06,,2.6841747664643424e-06,,4.431551210499264e-06,
1830,AJ_JJasmine_JF37CD_piezo_to_Classical_Unknown_mic,2.8024991414591427e-06,,2.76714459715502e-06,,8.285365152213396e-06,,2.9991551637827212e-06,,3.2303831698639692e-06,,4.850675912973696e-06,
1831,AJ_JJasmine_JF37CD_piezo_to_Classical_Unknown_piezo,2.308230316370272e-06,,2.6871044640885016e-06,,1.8669110709219964e-06,,2.2827561433735206e-06,,2.352597670503057e-06,,2.0837656918371858e-06,
1832,AJ_JJasmine_JF37CD_mic_to_Classical_Unknown_mic,6.399198688929227e-06,,4.542488209230341e-06,,5.3795175450130565e-06,,4.61583649182766e-06,,3.6673200779686397e-06,,5.753428314907363e-06,
1833,AJ_JJasmine_JF37CD_mic_to_Classical_Unknown_piezo,3.554544573300412e-06,,3.6987426226344193e-06,,2.923182353147457e-06,,2.8732481787450997e-06,,2.2936654131519827e-06,,3.6377634025861563e-06,
1834,AJ_JJasmine_JF37CD_piezo_to_Classical_Unknown_mic,3.3559460221663863e-06,,3.1151748610544435e-06,,5.7780835955776795e-06,,3.1733063186759543e-06,,4.227105026863329e-06,,4.898873718666166e-06,
1835,AJ_JJasmine_JF37CD_piezo_to_Classical_Unknown_piezo,2.0407004577396034e-06,,2.9079298796533574e-06,,1.8432612616730068e-06,,2.109660763618258e-06,,2.288704937668069e-06,,1.907297564635531e-06,
1836,AJ_JJasmine_JF37CD_mic_to_Classical_Unknown_mic,6.126113263906862e-06,,4.727877442401989e-06,,4.741172321535943e-06,,3.2855917699406704e-06,,5.734306224784464e-06,,4.497623702626714e-06,
1837,AJ_JJasmine_JF37CD_mic_to_Classical_Unknown_piezo,1.7293867353283398e-06,,2.22093910629221e-06,,1.923524093446411e-06,,2.143731704886542e-06,,2.315303100565108e-06,,2.155902895503106e-06,
1838,AJ_JJasmine_JF37CD_piezo_to_Classical_Unknown_mic,3.4783995165909257e-06,,7.101612821688753e-06,,4.7327001795588845e-06,,2.379788029903081e-06,,2.3649531096779993e-06,,3.0126424726945345e-06,
1839,AJ_JJasmine_JF37CD_piezo_to_Classical_Unknown_piezo,2.061220909697302e-06,,2.1078656491104255e-06,,1.6444621764355692e-06,,2.156436131202125e-06,,2.3555643750152762e-06,,2.5187803793729893e-06,
1840,AJ_JJasmine_JF37CD_mic_to_Classical_Unknown_mic,2.7239762727245096e-06,,4.4017166840460605e-06,,5.955028835799712e-06,,4.818347397099117e-06,,5.414773215905197e-06,,3.0413340133612685e-06,
1841,AJ_JJasmine_JF37CD_mic_to_Classical_Unknown_piezo,2.4049192523972606e-06,,2.8693763867834454e-06,,2.127306289243807e-06,,3.0604951563236453e-06,,2.39109627093601e-06,,2.5511661793425715e-06,
1842,AJ_JJasmine_JF37CD_piezo_to_Classical_Unknown_mic,1.6189625382709071e-06,,4.5982408373073765e-06,,6.526561446541714e-06,,3.0534956679289962e-06,,2.9627141147918367e-06,,3.674667992197665e-06,
1843,AJ_JJasmine_JF37CD_piezo_to_Classical_Unknown_piezo,2.3505461625117304e-06,,2.8087186714314616e-06,,1.6236150021150711e-06,,2.1307297117531043e-06,,2.178462982460494e-06,,2.1743961300134717e-06,
1844,AJ_JJasmine_JF37CD_mic_to_Classical_Unknown_mic,3.7902792818480935e-06,,4.618038450949749e-06,,5.620940528942289e-06,,4.949005815826729e-06,,5.945610844301327e-06,,2.9932250390864116e-06,
1845,AJ_JJasmine_JF37CD_mic_to_Classical_Unknown_piezo,2.4952278887658895e-06,,2.828923151562661e-06,,1.9957211047569596e-06,,3.0832862302174486e-06,,2.461064152799488e-06,,2.766251012045845e-06,
1846,AJ_JJasmine_JF37CD_piezo_to_Classical_Unknown_mic,3.7590117743238233e-06,,5.713539315541489e-06,,5.249897662395087e-06,,2.56718634919841e-06,,2.841321398408797e-06,,3.896685098678497e-06,
1847,AJ_JJasmine_JF37CD_piezo_to_Classical_Unknown_piezo,2.469718346138443e-06,,2.8973107925682485e-06,,1.6492671385428764e-06,,1.9483738730932162e-06,,2.0081198149422576e-06,,2.0365606521818174e-06,
1848,AJ_JJasmine_JF37CD_mic_to_Classical_Unknown_mic,5.668341165964682e-06,,4.887996984307745e-06,,6.34905082062644e-06,,5.3624386867396966e-06,,4.468072032350973e-06,,3.0861685714333224e-06,
1849,AJ_JJasmine_JF37CD_mic_to_Classical_Unknown_piezo,1.6734245410159595e-06,,1.914743759996094e-06,,4.839930841702388e-06,,2.309671669112768e-06,,2.403313132524596e-06,,1.933788580251457e-06,
1850,AJ_JJasmine_JF37CD_piezo_to_Classical_Unknown_mic,4.191428117032418e-06,,3.7647061579622755e-06,,6.426729635590081e-06,,4.253383714748858e-06,,3.810391199277887e-06,,5.717335839873632e-06,
1851,AJ_JJasmine_JF37CD_piezo_to_Classical_Unknown_piezo,5.2223128858355955e-06,,4.30268342904367e-06,,3.362947813784493e-06,,3.126907851046655e-06,,3.2071008469831868e-06,,3.9678931835650854e-06,
1852,AJ_JJasmine_JF37CD_mic_to_Classical_Unknown_mic,4.425481591645419e-06,,6.224024674762546e-06,,5.018869550116989e-06,,4.403150659994001e-06,,3.5448731158533147e-06,,3.3669545207961753e-06,
1853,AJ_JJasmine_JF37CD_mic_to_Classical_Unknown_piezo,1.860238806292859e-06,,2.5393648816950775e-06,,2.260852740164662e-06,,2.5683868123243673e-06,,2.603120353984501e-06,,2.393722930224168e-06,
1854,AJ_JJasmine_JF37CD_piezo_to_Classical_Unknown_mic,3.611657877883301e-06,,3.902023227188148e-06,,5.802433331638607e-06,,3.640151173157564e-06,,4.1663164574033885e-06,,4.873368143907795e-06,
1855,AJ_JJasmine_JF37CD_piezo_to_Classical_Unknown_piezo,5.8154293863314075e-06,,3.752810140732972e-06,,3.2018733221204695e-06,,2.681180982577634e-06,,4.8889629416610155e-06,,3.141054377075148e-06,
1856,AJ_JJasmine_JF37CD_mic_to_Classical_Unknown_mic,5.939774234766457e-06,,6.600842070355835e-06,,4.783783093239388e-06,,4.512183496233703e-06,,3.3288521196376948e-06,,3.1524633097496827e-06,
1857,AJ_JJasmine_JF37CD_mic_to_Classical_Unknown_piezo,3.622440928389128e-06,,3.7080344378818932e-06,,2.5838916756188007e-06,,3.76938691367641e-06,,3.12220999002408e-06,,2.7071951673670914e-06,
1858,AJ_JJasmine_JF37CD_piezo_to_Classical_Unknown_mic,3.622065174298098e-06,,3.832981091177481e-06,,6.352357938741344e-06,,3.935791369599255e-06,,3.6961259950624657e-06,,4.947111864378889e-06,
1859,AJ_JJasmine_JF37CD_piezo_to_Classical_Unknown_piezo,5.409952321145421e-06,,3.186884080964443e-06,,3.654662110659142e-06,,3.181284918810766e-06,,5.036722595259053e-06,,2.9786328528819005e-06,
1860,AJ_JJasmine_JF37CD_mic_to_Classical_Unknown_mic,8.345427744453492e-06,,4.056390172084297e-06,,4.619739039317212e-06,,5.155470723917804e-06,,5.742894968065219e-06,,2.61043810871495e-06,
1861,AJ_JJasmine_JF37CD_mic_to_Classical_Unknown_piezo,1.6427477504126547e-06,,1.4348371932325814e-06,,2.447296909693232e-06,,3.0525089417925684e-06,,3.0470567410825316e-06,,1.8934997794608267e-06,
1862,AJ_JJasmine_JF37CD_piezo_to_Classical_Unknown_mic,3.3229297754345064e-06,,5.8427840340818036e-06,,6.3115403083362625e-06,,4.465568438450875e-06,,3.2181825036962116e-06,,4.870737380463557e-06,
1863,AJ_JJasmine_JF37CD_piezo_to_Classical_Unknown_piezo,1.9010950446911333e-06,,2.4861050062221784e-06,,3.4233523884369866e-06,,2.3658455596538727e-06,,2.372254344798633e-06,,2.2201192377594806e-06,
1864,AJ_JJasmine_JF37CD_mic_to_Classical_Unknown_mic,6.9003872326659546e-06,,4.456820197499576e-06,,4.941564310792512e-06,,4.772569114583878e-06,,3.816520387097556e-06,,3.353486385373275e-06,
1865,AJ_JJasmine_JF37CD_mic_to_Classical_Unknown_piezo,2.252490005597921e-06,,2.032352658422741e-06,,2.116133055078589e-06,,3.052460552850538e-06,,2.743098047515568e-06,,2.400506193304596e-06,
1866,AJ_JJasmine_JF37CD_piezo_to_Classical_Unknown_mic,3.621027244403153e-06,,6.089573412518405e-06,,6.238823200443951e-06,,4.485225481572414e-06,,3.3339950360150263e-06,,4.822699754131338e-06,
1867,AJ_JJasmine_JF37CD_piezo_to_Classical_Unknown_piezo,2.0511645144716387e-06,,2.5538181807638233e-06,,2.8125922554524168e-06,,2.525875226945784e-06,,2.6583205523764134e-06,,2.4188253668149096e-06,
1868,AJ_JJasmine_JF37CD_mic_to_Classical_Unknown_mic,7.169904922897502e-06,,4.353206727998814e-06,,5.632372209428919e-06,,4.544480995824152e-06,,3.821394502574563e-06,,3.1625403184925214e-06,
1869,AJ_JJasmine_JF37CD_mic_to_Classical_Unknown_piezo,2.710753464537273e-06,,2.3144372669132905e-06,,1.8479602766303992e-06,,3.7355969037698942e-06,,2.7395681738577132e-06,,2.840557482437948e-06,
1870,AJ_JJasmine_JF37CD_piezo_to_Classical_Unknown_mic,3.49678097946183e-06,,5.391704431391533e-06,,5.983002000043539e-06,,4.024604710194107e-06,,3.49457822045454e-06,,5.0348563209007575e-06,
1871,AJ_JJasmine_JF37CD_piezo_to_Classical_Unknown_piezo,2.0414961098996485e-06,,2.4829096383746905e-06,,3.4733685318421387e-06,,2.508711595398236e-06,,2.532332920728825e-06,,2.4648216910047795e-06,
1872,AJ_JJasmine_JF37CD_mic_to_bad_takamine_EG440SC_mic,3.1166103884692354e-06,,5.003500511492471e-06,,4.400340633950613e-06,,2.1045314161259927e-06,,2.6683887068087056e-06,,1.7588162188856195e-06,
1873,AJ_JJasmine_JF37CD_mic_to_bad_takamine_EG440SC_piezo,3.445919009324391e-06,,4.376286861554738e-06,,6.675798969068133e-06,,3.249714233748613e-06,,5.200312325826881e-06,,2.91837245986197e-06,
1874,AJ_JJasmine_JF37CD_piezo_to_bad_takamine_EG440SC_mic,4.298492460671529e-06,,3.83134318300468e-06,,8.415660360811296e-06,,1.5086328440405542e-06,,1.6854705413268719e-06,,2.3518680742650268e-06,
1875,AJ_JJasmine_JF37CD_piezo_to_bad_takamine_EG440SC_piezo,2.6284572574489243e-06,,2.59132153983326e-06,,3.486793210963253e-06,,1.8135520545867791e-06,,1.995550290380532e-06,,2.543269424913278e-06,
1876,AJ_JJasmine_JF37CD_mic_to_bad_takamine_EG440SC_mic,3.035983574709842e-06,,4.738317757328091e-06,,4.338399296482372e-06,,2.4801987160231685e-06,,3.101361225407502e-06,,1.8504394017586681e-06,
1877,AJ_JJasmine_JF37CD_mic_to_bad_takamine_EG440SC_piezo,4.475145583051607e-06,,2.7424074136703634e-06,,5.683385562730041e-06,,2.8047527140622527e-06,,4.980890376826657e-06,,3.080779440318002e-06,
1878,AJ_JJasmine_JF37CD_piezo_to_bad_takamine_EG440SC_mic,2.840319493902842e-06,,5.6588019718014715e-06,,7.435539895105676e-06,,1.8698938862339324e-06,,1.8046085906039253e-06,,2.666093896866078e-06,
1879,AJ_JJasmine_JF37CD_piezo_to_bad_takamine_EG440SC_piezo,2.0236236905638467e-06,,2.1742906497283877e-06,,3.3262463592662565e-06,,1.6760431054772598e-06,,1.7839294629184382e-06,,4.302461642373431e-06,
1880,AJ_JJasmine_JF37CD_mic_to_bad_takamine_EG440SC_mic,2.655943666642234e-06,,6.768880937310934e-06,,4.184654846837723e-06,,2.1964004805377764e-06,,2.182842222567446e-06,,1.7500568814896316e-06,
1881,AJ_JJasmine_JF37CD_mic_to_bad_takamine_EG440SC_piezo,4.588488931163259e-06,,2.8834857625320674e-06,,4.862157220647673e-06,,2.203626756637761e-06,,3.71524378056007e-06,,5.125962612305932e-06,
1882,AJ_JJasmine_JF37CD_piezo_to_bad_takamine_EG440SC_mic,2.5897146357454616e-06,,5.619015437567913e-06,,8.213516262132002e-06,,2.094201862256316e-06,,1.7841493838781649e-06,,2.800073443018009e-06,
1883,AJ_JJasmine_JF37CD_piezo_to_bad_takamine_EG440SC_piezo,4.951618446584115e-06,,6.4953227022541606e-06,,2.88719006664328e-06,,3.99371597100235e-06,,4.315195183421562e-06,,5.1790474805339486e-06,
1884,AJ_JJasmine_JF37CD_mic_to_bad_takamine_EG440SC_mic,2.990587380168446e-06,,7.710295115688491e-06,,5.312786473165446e-06,,1.8702930363826885e-06,,2.4479723519546157e-06,,1.620640445642361e-06,
1885,AJ_JJasmine_JF37CD_mic_to_bad_takamine_EG440SC_piezo,4.172948045149238e-06,,2.4065137288520923e-06,,5.725775156834869e-06,,1.8290761622414454e-06,,4.85760521633897e-06,,3.0051738333147323e-06,
1886,AJ_JJasmine_JF37CD_piezo_to_bad_takamine_EG440SC_mic,7.34062070878936e-06,,7.870913911999822e-06,,9.251565124495106e-06,,2.4651228885546574e-06,,2.572340235614201e-06,,2.090059012010658e-06,
1887,AJ_JJasmine_JF37CD_piezo_to_bad_takamine_EG440SC_piezo,3.2962138486133236e-06,,4.17993347007644e-06,,6.412744334305382e-06,,1.9721785770192243e-06,,2.0657344858234927e-06,,3.69407014760104e-06,
1888,AJ_JJasmine_JF37CD_mic_to_bad_takamine_EG440SC_mic,2.229849395168152e-06,,5.25219664519459e-06,,5.336057281520026e-06,,1.4947157419631054e-06,,2.350706428035272e-06,,1.5528060324521018e-06,
1889,AJ_JJasmine_JF37CD_mic_to_bad_takamine_EG440SC_piezo,5.651635162753842e-06,,2.6722642745399306e-06,,4.801140030286624e-06,,3.677050072837044e-06,,4.5226348826832056e-06,,3.557154218621689e-06,
1890,AJ_JJasmine_JF37CD_piezo_to_bad_takamine_EG440SC_mic,2.4992022369020564e-06,,5.582107880614933e-06,,5.544062117384607e-06,,2.4254617066582963e-06,,2.098913116570464e-06,,3.936402683879507e-06,
1891,AJ_JJasmine_JF37CD_piezo_to_bad_takamine_EG440SC_piezo,4.6006419288700825e-06,,5.554599029188813e-06,,3.6618025648653465e-06,,2.4662438516394694e-06,,2.465876778869974e-06,,5.388197993258178e-06,
1892,AJ_JJasmine_JF37CD_mic_to_bad_takamine_EG440SC_mic,3.2879603985142064e-06,,4.308555810293523e-06,,4.367849256000832e-06,,2.198382038901225e-06,,2.7173531715875504e-06,,1.6119769705241987e-06,
1893,AJ_JJasmine_JF37CD_mic_to_bad_takamine_EG440SC_piezo,3.898069659881964e-06,,2.209674168415862e-06,,4.467167537073476e-06,,2.866092138136861e-06,,4.118332520395241e-06,,3.2004512891564532e-06,
1894,AJ_JJasmine_JF37CD_piezo_to_bad_takamine_EG440SC_mic,1.744902103757482e-06,,1.4910119188033572e-06,,2.9149098680906927e-06,,2.7123130004005246e-06,,2.3100420904691604e-06,,4.169094500907855e-06,
1895,AJ_JJasmine_JF37CD_piezo_to_bad_takamine_EG440SC_piezo,4.8137499449466306e-06,,6.016819620333414e-06,,3.106178298217597e-06,,2.8283219271852623e-06,,3.8745473647960375e-06,,5.495892989745689e-06,
1896,AJ_JJasmine_JF37CD_mic_to_bad_takamine_EG440SC_mic,2.594767107013343e-06,,6.155821078604507e-06,,4.480010735548164e-06,,1.923542474744141e-06,,2.439181692493768e-06,,1.5465214411062907e-06,
1897,AJ_JJasmine_JF37CD_mic_to_bad_takamine_EG440SC_piezo,4.395932572939972e-06,,7.318054440501811e-06,,8.167729652724925e-06,,3.2272998561974365e-06,,5.008354444758843e-06,,5.186685487851256e-06,
1898,AJ_JJasmine_JF37CD_piezo_to_bad_takamine_EG440SC_mic,5.840523660316777e-06,,3.974792825476649e-06,,8.438643956827899e-06,,2.0969974469689395e-06,,1.5539416026876986e-06,,1.503743227212542e-06,
1899,AJ_JJasmine_JF37CD_piezo_to_bad_takamine_EG440SC_piezo,3.4285032477174097e-06,,3.2904289814424886e-06,,4.514574503000266e-06,,2.2262073270660986e-06,,2.3608401601750083e-06,,2.6571696806953224e-06,
1900,AJ_JJasmine_JF37CD_mic_to_bad_takamine_EG440SC_mic,2.9161519789773953e-06,,5.824976985478747e-06,,4.36103537037154e-06,,2.073810447183578e-06,,2.8197424792647714e-06,,1.4940778914907643e-06,
1901,AJ_JJasmine_JF37CD_mic_to_bad_takamine_EG440SC_piezo,3.1266817310408003e-06,,5.671228601879767e-06,,3.5412761549649602e-06,,3.266707767366786e-06,,5.024960045521991e-06,,2.8064436625046234e-06,
1902,AJ_JJasmine_JF37CD_piezo_to_bad_takamine_EG440SC_mic,6.213253433980369e-06,,4.58808075270402e-06,,6.358900375309955e-06,,1.9758458941933904e-06,,2.302729625460763e-06,,1.678154252763205e-06,
1903,AJ_JJasmine_JF37CD_piezo_to_bad_takamine_EG440SC_piezo,3.50905835397591e-06,,3.8037515704785903e-06,,4.539710749638633e-06,,2.3084100581850615e-06,,2.4499421153622756e-06,,2.437538777348553e-06,
1904,AJ_JJasmine_JF37CD_mic_to_bad_takamine_EG440SC_mic,3.0952933170465826e-06,,6.021181556187235e-06,,4.870518268074917e-06,,2.2066616116003585e-06,,2.9632659975679617e-06,,1.6140708714839544e-06,
1905,AJ_JJasmine_JF37CD_mic_to_bad_takamine_EG440SC_piezo,2.8648101899421705e-06,,7.3083187395673565e-06,,7.152290545796271e-06,,4.240594230700363e-06,,4.130291121163148e-06,,4.460094960744518e-06,
1906,AJ_JJasmine_JF37CD_piezo_to_bad_takamine_EG440SC_mic,7.943125402358414e-06,,5.585108787399352e-06,,7.004823790142249e-06,,1.7702598181880355e-06,,1.8571012612974665e-06,,1.5433786365698555e-06,
1907,AJ_JJasmine_JF37CD_piezo_to_bad_takamine_EG440SC_piezo,3.487807186028627e-06,,3.7571498563203165e-06,,4.666723218373757e-06,,2.4001940715553064e-06,,2.5500339939336574e-06,,2.573770251888176e-06,
1908,AJ_JJasmine_JF37CD_mic_to_bad_takamine_EG440SC_mic,2.501289745480915e-06,,5.592098823473259e-06,,4.782102353306869e-06,,1.662540239715578e-06,,2.0289801513673185e-06,,1.4738596202222827e-06,
1909,AJ_JJasmine_JF37CD_mic_to_bad_takamine_EG440SC_piezo,2.4365133234577273e-06,,3.915093183019933e-06,,3.7059148450563945e-06,,2.5248651370217148e-06,,4.059535846395955e-06,,2.5961873125184138e-06,
1910,AJ_JJasmine_JF37CD_piezo_to_bad_takamine_EG440SC_mic,4.997573195455083e-06,,4.126490935377942e-06,,6.728745357158968e-06,,1.94347010755557e-06,,1.8806966049470474e-06,,1.8632946389817862e-06,
1911,AJ_JJasmine_JF37CD_piezo_to_bad_takamine_EG440SC_piezo,4.20945338759414e-06,,3.7003253524683614e-06,,4.738848858501088e-06,,2.359482060816309e-06,,2.175819349452567e-06,,5.041975265069243e-06,
1912,AJ_JJasmine_JF37CD_mic_to_bad_takamine_EG440SC_mic,3.072045197611842e-06,,7.121932838541704e-06,,4.728635569707537e-06,,1.7865367979255484e-06,,2.2620209129412753e-06,,1.4796909198859962e-06,
1913,AJ_JJasmine_JF37CD_mic_to_bad_takamine_EG440SC_piezo,2.54409726326402e-06,,3.6230514364434854e-06,,3.758554437790941e-06,,2.799372941499566e-06,,3.893258089137802e-06,,2.5770113902023694e-06,
1914,AJ_JJasmine_JF37CD_piezo_to_bad_takamine_EG440SC_mic,2.4914172162897066e-06,,3.0539348273545294e-06,,5.328453226358717e-06,,1.8723854735125701e-06,,1.8395966098331797e-06,,2.5078876242253745e-06,
1915,AJ_JJasmine_JF37CD_piezo_to_bad_takamine_EG440SC_piezo,3.967225523777955e-06,,3.803275332146638e-06,,5.18089999014539e-06,,2.1460875614460803e-06,,2.0521707962384563e-06,,4.3433317102912155e-06,
1916,AJ_JJasmine_JF37CD_mic_to_bad_takamine_EG440SC_mic,3.1107042310579014e-06,,8.618646054594262e-06,,5.351741125413268e-06,,1.9335616813664856e-06,,2.2926307669534985e-06,,1.5658547094059588e-06,
1917,AJ_JJasmine_JF37CD_mic_to_bad_takamine_EG440SC_piezo,3.3107652331931702e-06,,2.4339706681012554e-06,,4.9454483605474825e-06,,3.870243663741897e-06,,4.542700225136959e-06,,2.8413750300873806e-06,
1918,AJ_JJasmine_JF37CD_piezo_to_bad_takamine_EG440SC_mic,4.52772191429523e-06,,3.655108290629856e-06,,7.165228744562257e-06,,2.060194488146262e-06,,1.8870682837062566e-06,,1.6883770123808123e-06,
1919,AJ_JJasmine_JF37CD_piezo_to_bad_takamine_EG440SC_piezo,3.98107140000448e-06,,3.82643101927865e-06,,4.758218253736953e-06,,2.176076931254095e-06,,2.097180490125496e-06,,4.798962776570583e-06,
1920,AJ_JJasmine_JF37CD_mic_to_bad_takamine_EG440SC_mic,3.8684134500041305e-06,,5.6403098836035105e-06,,4.088088587829843e-06,,2.155367497794532e-06,,2.76383280106232e-06,,1.8518818968518265e-06,
1921,AJ_JJasmine_JF37CD_mic_to_bad_takamine_EG440SC_piezo,2.9754731895892742e-06,,7.028074631324938e-06,,6.811595406919781e-06,,3.4643210110929065e-06,,4.473457252768609e-06,,3.539871819016453e-06,
1922,AJ_JJasmine_JF37CD_piezo_to_bad_takamine_EG440SC_mic,2.340937367883274e-06,,7.702274563852953e-06,,5.92285570780504e-06,,1.9809243758268646e-06,,2.052912584782953e-06,,2.3653346577685937e-06,
1923,AJ_JJasmine_JF37CD_piezo_to_bad_takamine_EG440SC_piezo,3.3381505513634656e-06,,4.392853610893767e-06,,3.2938452169331807e-06,,2.461146989348139e-06,,3.0129511524487225e-06,,2.339621120289276e-06,
1924,AJ_JJasmine_JF37CD_mic_to_bad_takamine_EG440SC_mic,3.871341863013624e-06,,3.5510459304782563e-06,,4.6437156257696695e-06,,1.4259714918849292e-06,,2.6108863281098833e-06,,1.6124118311919485e-06,
1925,AJ_JJasmine_JF37CD_mic_to_bad_takamine_EG440SC_piezo,3.002880357383861e-06,,8.423343667905286e-06,,8.13814824675785e-06,,3.4035100588287006e-06,,3.553688946348774e-06,,3.594272410731587e-06,
1926,AJ_JJasmine_JF37CD_piezo_to_bad_takamine_EG440SC_mic,1.5022364048286194e-06,,1.7294509461268452e-06,,2.5381306556441616e-06,,2.015348601923585e-06,,2.5059633640772764e-06,,3.6198630227950274e-06,
1927,AJ_JJasmine_JF37CD_piezo_to_bad_takamine_EG440SC_piezo,3.454451624152345e-06,,4.731936340688386e-06,,3.985486319487622e-06,,2.5587624110982767e-06,,3.136552754923783e-06,,2.7267486195267244e-06,
1928,AJ_JJasmine_JF37CD_mic_to_bad_takamine_EG440SC_mic,7.425196657820505e-06,,3.7239008924409644e-06,,3.604566945740773e-06,,2.0040248849992654e-06,,2.693354881894125e-06,,2.31878460437658e-06,
1929,AJ_JJasmine_JF37CD_mic_to_bad_takamine_EG440SC_piezo,3.995775396877884e-06,,5.437015727314488e-06,,4.750944684641015e-06,,3.65158643207564e-06,,4.342886918042753e-06,,4.236007045625162e-06,
1930,AJ_JJasmine_JF37CD_piezo_to_bad_takamine_EG440SC_mic,5.1873054424461555e-06,,6.091843820802629e-06,,5.496515483097394e-06,,2.1240313670630534e-06,,1.8591216401934889e-06,,1.7943306645610932e-06,
1931,AJ_JJasmine_JF37CD_piezo_to_bad_takamine_EG440SC_piezo,4.255387865345977e-06,,5.986858081953104e-06,,3.484189463686091e-06,,4.1260806486905016e-06,,4.6966431607006275e-06,,4.70679186232834e-06,
1932,AJ_JJasmine_JF37CD_mic_to_bad_takamine_EG440SC_mic,4.401935851341737e-06,,5.101199443842258e-06,,5.136142393947906e-06,,2.5574768766256114e-06,,2.8214763923608427e-06,,1.8017737510145861e-06,
1933,AJ_JJasmine_JF37CD_mic_to_bad_takamine_EG440SC_piezo,3.096402034726153e-06,,3.301292072046028e-06,,6.220021036913982e-06,,2.369812543736694e-06,,4.826317040511193e-06,,2.987858208650312e-06,
1934,AJ_JJasmine_JF37CD_piezo_to_bad_takamine_EG440SC_mic,6.317171979110129e-06,,5.548796972509777e-06,,6.124141222622249e-06,,2.0952684230271364e-06,,1.9947330037463323e-06,,1.8331102129470799e-06,
1935,AJ_JJasmine_JF37CD_piezo_to_bad_takamine_EG440SC_piezo,3.5098223575878294e-06,,4.40059050499799e-06,,4.994201121301556e-06,,3.2542176487397352e-06,,2.5883515662347094e-06,,4.99030132467994e-06,
1936,AJ_JJasmine_JF37CD_mic_to_bad_takamine_EG440SC_mic,4.144982179234575e-06,,5.418793038202686e-06,,3.998897036809565e-06,,2.159611706218592e-06,,3.031141942293463e-06,,1.7332167943008112e-06,
1937,AJ_JJasmine_JF37CD_mic_to_bad_takamine_EG440SC_piezo,3.2089388463750094e-06,,3.77963343272279e-06,,6.165362531273799e-06,,2.049756632746191e-06,,3.3838957801075794e-06,,2.9401929637385376e-06,
1938,AJ_JJasmine_JF37CD_piezo_to_bad_takamine_EG440SC_mic,6.807439244257007e-06,,5.402694681993429e-06,,6.256361959673371e-06,,1.9667607612258853e-06,,1.9308739319069283e-06,,1.8124901871240083e-06,
1939,AJ_JJasmine_JF37CD_piezo_to_bad_takamine_EG440SC_piezo,3.496239815847323e-06,,5.023592984537218e-06,,3.7439008210806182e-06,,2.8862812863029374e-06,,2.8393886379571337e-06,,5.256572010888396e-06,
1940,AJ_JJasmine_JF37CD_mic_to_bad_takamine_EG440SC_mic,6.998242397438493e-06,,4.280788287801279e-06,,2.900809561814031e-06,,2.1520325216242133e-06,,2.367269078301618e-06,,1.8535860908796296e-06,
1941,AJ_JJasmine_JF37CD_mic_to_bad_takamine_EG440SC_piezo,4.052259625708313e-06,,6.337114167270224e-06,,7.76184331890446e-06,,3.2326536703346134e-06,,2.741511018495176e-06,,2.584407158391765e-06,
1942,AJ_JJasmine_JF37CD_piezo_to_bad_takamine_EG440SC_mic,2.2705301637385356e-06,,2.6342191209936133e-06,,3.258097912146347e-06,,2.826811462271434e-06,,2.986020878579999e-06,,4.168805932082026e-06,
1943,AJ_JJasmine_JF37CD_piezo_to_bad_takamine_EG440SC_piezo,5.598957443390596e-06,,7.712325783449901e-06,,3.110167058989459e-06,,2.664749117151521e-06,,5.040661972549083e-06,,5.2889230569941025e-06,
1944,AJ_JJasmine_JF37CD_mic_to_bad_takamine_EG440SC_mic,2.7207591897747856e-06,,3.680232742632827e-06,,5.002496252397715e-06,,1.8741320087516522e-06,,2.214716452318485e-06,,1.6014971337763245e-06,
1945,AJ_JJasmine_JF37CD_mic_to_bad_takamine_EG440SC_piezo,3.9228715751606145e-06,,6.142040193320505e-06,,9.200745579138955e-06,,3.998151331885833e-06,,4.326854044729172e-06,,5.534008559503168e-06,
1946,AJ_JJasmine_JF37CD_piezo_to_bad_takamine_EG440SC_mic,6.444293592671459e-06,,4.513167629764787e-06,,8.829541095001982e-06,,1.88480776977865e-06,,1.6669802488798053e-06,,1.4347072731471794e-06,
1947,AJ_JJasmine_JF37CD_piezo_to_bad_takamine_EG440SC_piezo,3.2555772913254734e-06,,3.269846653097303e-06,,4.454126480236816e-06,,2.083201168008994e-06,,2.2380664995123634e-06,,2.6076474909210953e-06,
1948,AJ_JJasmine_JF37CD_mic_to_bad_takamine_EG440SC_mic,2.71951737035828e-06,,4.623638426900373e-06,,4.242481269238786e-06,,2.0945789667056847e-06,,2.8038121841087547e-06,,1.5219702280685468e-06,
1949,AJ_JJasmine_JF37CD_mic_to_bad_takamine_EG440SC_piezo,3.6136962123793188e-06,,7.205078176235377e-06,,3.5573898089056374e-06,,3.961313620571539e-06,,5.130155908537267e-06,,3.1408136886266737e-06,
1950,AJ_JJasmine_JF37CD_piezo_to_bad_takamine_EG440SC_mic,7.1580027225594765e-06,,5.101825944028099e-06,,7.514015294400157e-06,,2.0468816882329937e-06,,2.3693036796971126e-06,,1.6244015893876656e-06,
1951,AJ_JJasmine_JF37CD_piezo_to_bad_takamine_EG440SC_piezo,3.2720589781103896e-06,,3.432928070329225e-06,,4.121881260383176e-06,,2.2335667860324254e-06,,2.331534661029571e-06,,2.426560740199672e-06,
1952,AJ_JJasmine_JF37CD_mic_to_bad_takamine_EG440SC_mic,3.1993543593128893e-06,,4.336883723390524e-06,,5.652921328378894e-06,,2.2478355019611925e-06,,2.93880579718917e-06,,1.600847703878213e-06,
1953,AJ_JJasmine_JF37CD_mic_to_bad_takamine_EG440SC_piezo,4.328640207362961e-06,,4.903924748795664e-06,,8.69339140982897e-06,,4.307544161882836e-06,,4.865246729679773e-06,,3.3426832446128897e-06,
1954,AJ_JJasmine_JF37CD_piezo_to_bad_takamine_EG440SC_mic,7.949368164131127e-06,,5.849019552339998e-06,,6.803626886872412e-06,,1.840687739554464e-06,,2.3185244851596828e-06,,1.3174040530197912e-06,
1955,AJ_JJasmine_JF37CD_piezo_to_bad_takamine_EG440SC_piezo,3.3075923606386037e-06,,3.4401954586906185e-06,,4.359923551108739e-06,,2.4087759787324883e-06,,2.5398695204244008e-06,,2.7073067172206347e-06,
1956,AJ_JJasmine_JF37CD_mic_to_bad_takamine_EG440SC_mic,2.6361414927022774e-06,,5.929794895088865e-06,,4.902025283649836e-06,,1.8108278399842747e-06,,2.159298027068714e-06,,1.4961967229390691e-06,
1957,AJ_JJasmine_JF37CD_mic_to_bad_takamine_EG440SC_piezo,2.4008759151500194e-06,,3.886369185614713e-06,,3.4436915077843876e-06,,2.5257548707554733e-06,,4.17436839536326e-06,,2.5812259938496144e-06,
1958,AJ_JJasmine_JF37CD_piezo_to_bad_takamine_EG440SC_mic,2.1170824696551925e-06,,3.842909992101678e-06,,3.3548941496508983e-06,,1.7686574263161648e-06,,1.926927435346763e-06,,2.0052629638745286e-06,
1959,AJ_JJasmine_JF37CD_piezo_to_bad_takamine_EG440SC_piezo,3.883730802978015e-06,,3.736752029592392e-06,,4.759043944798807e-06,,2.4047576107763205e-06,,2.2212887174499577e-06,,5.6836738582944305e-06,
1960,AJ_JJasmine_JF37CD_mic_to_bad_takamine_EG440SC_mic,3.0408319506466603e-06,,6.6816388657802965e-06,,4.258101416354265e-06,,1.7917200020416559e-06,,2.1870868987208033e-06,,1.526789318243175e-06,
1961,AJ_JJasmine_JF37CD_mic_to_bad_takamine_EG440SC_piezo,2.513227709379337e-06,,3.4381588066595314e-06,,3.4221248176523733e-06,,2.788038198955022e-06,,3.6169462750673407e-06,,2.567325846435059e-06,
1962,AJ_JJasmine_JF37CD_piezo_to_bad_takamine_EG440SC_mic,3.139296248856174e-06,,2.8565283366907532e-06,,8.478075489718611e-06,,1.7828420388863951e-06,,1.8145012134587679e-06,,1.941413049406501e-06,
1963,AJ_JJasmine_JF37CD_piezo_to_bad_takamine_EG440SC_piezo,3.975481713109799e-06,,3.832912103742599e-06,,5.278056639071006e-06,,2.1870592161012197e-06,,2.0731619443495683e-06,,4.341295682821259e-06,
1964,AJ_JJasmine_JF37CD_mic_to_bad_takamine_EG440SC_mic,2.9235373919974917e-06,,8.801240477439253e-06,,4.867753033385131e-06,,1.896917923092505e-06,,2.2908370477482837e-06,,1.5620378498841997e-06,
1965,AJ_JJasmine_JF37CD_mic_to_bad_takamine_EG440SC_piezo,3.0467912826882216e-06,,2.897817000895861e-06,,3.6678426230754867e-06,,3.3397738128834656e-06,,5.1688912103045006e-06,,2.606337993237628e-06,
1966,AJ_JJasmine_JF37CD_piezo_to_bad_takamine_EG440SC_mic,3.3602802929315278e-06,,3.6867647320405966e-06,,2.5923485294398277e-06,,1.7465556083172111e-06,,1.8135529459773727e-06,,2.83969257403986e-06,
1967,AJ_JJasmine_JF37CD_piezo_to_bad_takamine_EG440SC_piezo,4.0100456705213424e-06,,3.88728320579917e-06,,4.745673855255691e-06,,2.1985886994912395e-06,,2.120650309640168e-06,,4.8799429222834055e-06,
1968,AJ_JJasmine_JF37CD_mic_to_bad_takamine_EG440SC_mic,2.599760539534439e-06,,3.899691353865144e-06,,5.192477356720965e-06,,2.0316731263394337e-06,,2.5490688200631334e-06,,1.4465435023364928e-06,
1969,AJ_JJasmine_JF37CD_mic_to_bad_takamine_EG440SC_piezo,3.2502338982043198e-06,,8.298506431410663e-06,,6.469460741071114e-06,,3.344447611998023e-06,,5.2066980225455564e-06,,2.886753185636765e-06,
1970,AJ_JJasmine_JF37CD_piezo_to_bad_takamine_EG440SC_mic,5.426110509577877e-06,,7.3518624917774825e-06,,8.741790553167666e-06,,1.788746166412749e-06,,1.788180438753057e-06,,2.2712930480461404e-06,
1971,AJ_JJasmine_JF37CD_piezo_to_bad_takamine_EG440SC_piezo,4.523338355764997e-06,,5.1744054584587955e-06,,4.49620775997176e-06,,3.9469717388780736e-06,,2.697362639597569e-06,,2.8730580558403283e-06,
1972,AJ_JJasmine_JF37CD_mic_to_bad_takamine_EG440SC_mic,6.8387489189480925e-06,,4.2790107645486805e-06,,5.974012557401417e-06,,2.970824567265378e-06,,2.5795785036629675e-06,,1.5747122608316669e-06,
1973,AJ_JJasmine_JF37CD_mic_to_bad_takamine_EG440SC_piezo,4.365556286541337e-06,,3.5024853477029923e-06,,9.198736356998438e-06,,4.3979201974376596e-06,,3.0281204365718073e-06,,3.4572257337248304e-06,
1974,AJ_JJasmine_JF37CD_piezo_to_bad_takamine_EG440SC_mic,1.7685292157860875e-06,,7.109929406602974e-06,,3.4893390960849495e-06,,2.595010857100964e-06,,1.7294478884806977e-06,,4.431180796308404e-06,
1975,AJ_JJasmine_JF37CD_piezo_to_bad_takamine_EG440SC_piezo,4.606816411931211e-06,,4.2240066231843784e-06,,4.724229156980283e-06,,2.4725249209482994e-06,,2.812943140114068e-06,,3.0346825668313713e-06,
1976,AJ_JJasmine_JF37CD_mic_to_bad_takamine_EG440SC_mic,3.1834878481778533e-06,,5.381208330542237e-06,,6.718553411668396e-06,,2.38848255148859e-06,,2.4313880144144452e-06,,1.7066196256582135e-06,
1977,AJ_JJasmine_JF37CD_mic_to_bad_takamine_EG440SC_piezo,6.476680906831684e-06,,3.45476236184898e-06,,4.540361393175185e-06,,3.1998185081361564e-06,,4.028050414917597e-06,,3.4357634721174185e-06,
1978,AJ_JJasmine_JF37CD_piezo_to_bad_takamine_EG440SC_mic,2.4134156341805694e-06,,7.285656753365731e-06,,3.4416923496700104e-06,,1.8417170532325751e-06,,2.2778149944158856e-06,,2.721235451434846e-06,
1979,AJ_JJasmine_JF37CD_piezo_to_bad_takamine_EG440SC_piezo,4.380328149720468e-06,,5.112551990103464e-06,,4.327049653904502e-06,,3.22191738440605e-06,,3.539672706086011e-06,,3.6960777505631723e-06,
1980,AJ_JJasmine_JF37CD_mic_to_bad_takamine_EG440SC_mic,7.132334141184809e-06,,6.458626027212614e-06,,3.0599771707901046e-06,,2.941740779723062e-06,,2.174805177526305e-06,,1.9314406110635057e-06,
1981,AJ_JJasmine_JF37CD_mic_to_bad_takamine_EG440SC_piezo,3.595498045416114e-06,,2.8360332909511704e-06,,5.98890135278025e-06,,3.885516045672906e-06,,4.9389440941037085e-06,,2.9906067015003973e-06,
1982,AJ_JJasmine_JF37CD_piezo_to_bad_takamine_EG440SC_mic,2.18595678357199e-06,,6.31762696548807e-06,,2.8385462750531067e-06,,2.0112028062726317e-06,,1.983690654852452e-06,,3.6232228869906496e-06,
1983,AJ_JJasmine_JF37CD_piezo_to_bad_takamine_EG440SC_piezo,3.946043283413173e-06,,4.212329711392679e-06,,5.564723237799507e-06,,2.5806872129568583e-06,,2.320034396094656e-06,,4.557842806162401e-06,
1984,AJ_JJasmine_JF37CD_mic_to_bad_takamine_EG440SC_mic,2.6577723747776687e-06,,4.286665089730466e-06,,4.324558693135259e-06,,1.9704450957634075e-06,,2.474356078364493e-06,,1.5776699244725359e-06,
1985,AJ_JJasmine_JF37CD_mic_to_bad_takamine_EG440SC_piezo,4.234091949710507e-06,,2.83074069950095e-06,,4.808071844390964e-06,,2.938317496884874e-06,,4.482505795563172e-06,,3.439385002336181e-06,
1986,AJ_JJasmine_JF37CD_piezo_to_bad_takamine_EG440SC_mic,3.246345530958907e-06,,7.548746484966068e-06,,2.9527324588567547e-06,,2.0020972006799577e-06,,1.8829583372470907e-06,,2.659592513709571e-06,
1987,AJ_JJasmine_JF37CD_piezo_to_bad_takamine_EG440SC_piezo,4.223362327348542e-06,,4.261201643041451e-06,,3.8111638807184803e-06,,3.0138351899010647e-06,,2.759769896504162e-06,,5.129664894284417e-06,
1988,AJ_JJasmine_JF37CD_mic_to_bad_takamine_EG440SC_mic,5.528958061864183e-06,,3.066404314921314e-06,,3.882837892509125e-06,,2.6693599196814183e-06,,2.547921889882551e-06,,1.6875508605456343e-06,
1989,AJ_JJasmine_JF37CD_mic_to_bad_takamine_EG440SC_piezo,6.115997973828897e-06,,5.0872119461372686e-06,,4.89892092248921e-06,,3.652550889915286e-06,,2.8045013971370337e-06,,3.116891217463715e-06,
1990,AJ_JJasmine_JF37CD_piezo_to_bad_takamine_EG440SC_mic,2.1068766525706394e-06,,1.8388057727196867e-06,,3.063991204826962e-06,,3.4196337630162203e-06,,2.5552992401839532e-06,,3.987388134293786e-06,
1991,AJ_JJasmine_JF37CD_piezo_to_bad_takamine_EG440SC_piezo,4.526390899817528e-06,,5.804975850423231e-06,,3.1469675707824937e-06,,3.185440187671208e-06,,3.2984837522466647e-06,,5.447821389968856e-06,
1992,AJ_JJasmine_JF37CD_mic_to_bad_takamine_EG440SC_mic,2.6371365675813724e-06,,5.668563732477943e-06,,4.598348266703388e-06,,1.9155666213379897e-06,,2.444005144824381e-06,,1.5204415520216053e-06,
1993,AJ_JJasmine_JF37CD_mic_to_bad_takamine_EG440SC_piezo,6.604320012650188e-06,,8.308531219459867e-06,,4.392616738673663e-06,,4.098939606333112e-06,,4.617218376083717e-06,,4.210094137621498e-06,
1994,AJ_JJasmine_JF37CD_piezo_to_bad_takamine_EG440SC_mic,5.8768403692829535e-06,,4.843760746284361e-06,,7.1556175778945865e-06,,2.71811758721634e-06,,2.7930322399496713e-06,,2.2461312503693577e-06,
1995,AJ_JJasmine_JF37CD_piezo_to_bad_takamine_EG440SC_piezo,3.293294524583195e-06,,3.253391189333577e-06,,4.56425825695713e-06,,2.1193174273125043e-06,,2.282612027182162e-06,,2.8419131001234863e-06,
1996,AJ_JJasmine_JF37CD_mic_to_bad_takamine_EG440SC_mic,2.687856896666049e-06,,6.188837894498068e-06,,5.323294368786943e-06,,2.007166774648525e-06,,2.6543668429111984e-06,,1.6434531509620741e-06,
1997,AJ_JJasmine_JF37CD_mic_to_bad_takamine_EG440SC_piezo,5.4666236801859845e-06,,4.928149244263096e-06,,4.222930778975061e-06,,4.41617760365108e-06,,4.128123916900612e-06,,3.761640503661754e-06,
1998,AJ_JJasmine_JF37CD_piezo_to_bad_takamine_EG440SC_mic,5.0640348581475304e-06,,4.435583958724639e-06,,8.601715502443888e-06,,3.5315110925919862e-06,,3.6007297783172514e-06,,2.603571141071315e-06,
1999,AJ_JJasmine_JF37CD_piezo_to_bad_takamine_EG440SC_piezo,2.3453658625301457e-06,,2.0761657647221807e-06,,2.5828948827804766e-06,,1.7568722300815552e-06,,1.7634710692709808e-06,,2.016198529630086e-06,
2000,AJ_JJasmine_JF37CD_mic_to_bad_takamine_EG440SC_mic,3.131387935984248e-06,,6.729742529558315e-06,,5.703047891596187e-06,,2.1511157149592352e-06,,2.75280688059493e-06,,1.6320780090850296e-06,
2001,AJ_JJasmine_JF37CD_mic_to_bad_takamine_EG440SC_piezo,7.16786689350276e-06,,3.1608368100440938e-06,,6.902601716821149e-06,,3.4013515084158563e-06,,3.240706802565707e-06,,5.020310014978281e-06,
2002,AJ_JJasmine_JF37CD_piezo_to_bad_takamine_EG440SC_mic,5.09939785091015e-06,,3.812751089360857e-06,,8.123440066704128e-06,,3.7418365918627443e-06,,3.6836654266448823e-06,,2.426315823507859e-06,
2003,AJ_JJasmine_JF37CD_piezo_to_bad_takamine_EG440SC_piezo,2.2089831174642037e-06,,1.925418824717163e-06,,2.4781934753687884e-06,,1.669117385888098e-06,,1.6771168370025324e-06,,1.9830681858532703e-06,
2004,AJ_JJasmine_JF37CD_mic_to_bad_takamine_EG440SC_mic,2.79486570606867e-06,,5.506865750234385e-06,,4.99006887421178e-06,,1.929768818429707e-06,,2.26284025697077e-06,,1.6098964071880113e-06,
2005,AJ_JJasmine_JF37CD_mic_to_bad_takamine_EG440SC_piezo,2.5848295363181136e-06,,4.751421397763915e-06,,3.9451217866761345e-06,,2.4537898913536604e-06,,3.1278961536651217e-06,,2.3898014460090403e-06,
2006,AJ_JJasmine_JF37CD_piezo_to_bad_takamine_EG440SC_mic,7.45431019579228e-06,,8.17836106928824e-06,,7.659844424728296e-06,,2.2148998805658254e-06,,1.8268953250956412e-06,,1.929799396026066e-06,
2007,AJ_JJasmine_JF37CD_piezo_to_bad_takamine_EG440SC_piezo,3.7991044707183586e-06,,3.3129584536470674e-06,,5.080905336451964e-06,,2.1167500680819093e-06,,1.9382390395850276e-06,,2.655697354460764e-06,
2008,AJ_JJasmine_JF37CD_mic_to_bad_takamine_EG440SC_mic,2.5149798925560707e-06,,6.861976435697025e-06,,4.907505061856918e-06,,1.7463306188741613e-06,,2.055315097242431e-06,,1.4235824851974662e-06,
2009,AJ_JJasmine_JF37CD_mic_to_bad_takamine_EG440SC_piezo,2.63725394134462e-06,,4.513669110018352e-06,,3.0523947747229736e-06,,2.5107441266505392e-06,,2.874237340971746e-06,,2.321610810329148e-06,
2010,AJ_JJasmine_JF37CD_piezo_to_bad_takamine_EG440SC_mic,4.8991240648134535e-06,,4.610595128724715e-06,,5.167929645033151e-06,,2.026867577405162e-06,,1.8287424672319068e-06,,1.5339917717496715e-06,
2011,AJ_JJasmine_JF37CD_piezo_to_bad_takamine_EG440SC_piezo,3.959255950783912e-06,,3.499114920399766e-06,,4.917660566042612e-06,,2.0452915979742353e-06,,1.913088299335146e-06,,2.5401084673386395e-06,
2012,AJ_JJasmine_JF37CD_mic_to_bad_takamine_EG440SC_mic,3.564883920827115e-06,,7.390349123178157e-06,,6.382666958407358e-06,,1.7299698930005983e-06,,2.0821928742889483e-06,,1.4828123012151015e-06,
2013,AJ_JJasmine_JF37CD_mic_to_bad_takamine_EG440SC_piezo,3.049775252729612e-06,,2.8004599347314475e-06,,6.805438625962743e-06,,3.272349323404579e-06,,4.146200312648211e-06,,2.852035074452829e-06,
2014,AJ_JJasmine_JF37CD_piezo_to_bad_takamine_EG440SC_mic,8.08883974925774e-06,,7.643205465818107e-06,,7.960688899523684e-06,,2.2814894381022844e-06,,1.9005385219794682e-06,,1.706732751055805e-06,
2015,AJ_JJasmine_JF37CD_piezo_to_bad_takamine_EG440SC_piezo,3.7973283395973823e-06,,3.4578182637864375e-06,,4.7860559448775245e-06,,2.0230862777744768e-06,,1.943644152060959e-06,,2.5625612535734987e-06,
2016,AJ_JJasmine_JF37CD_mic_to_Vi_Yamaha_F335_mic,3.3953684183014685e-06,,7.3236523267266415e-06,,5.907246528224328e-06,,3.1443523553095626e-06,,3.550037414822862e-06,,3.0580223669304706e-06,
2017,AJ_JJasmine_JF37CD_mic_to_Vi_Yamaha_F335_piezo,3.983631352528565e-06,,2.8748517529023354e-06,,3.8498429768258936e-06,,2.774873866698938e-06,,2.1968983764602393e-06,,2.5954132201024887e-06,
2018,AJ_JJasmine_JF37CD_piezo_to_Vi_Yamaha_F335_mic,4.308484269853981e-06,,6.8917286706297856e-06,,4.926076994697257e-06,,2.3168170541744513e-06,,3.015297114571143e-06,,4.861775716676565e-06,
2019,AJ_JJasmine_JF37CD_piezo_to_Vi_Yamaha_F335_piezo,2.641825858534257e-06,,5.0301508757038364e-06,,7.046974400038225e-06,,2.1164081026476204e-06,,2.759210038086444e-06,,2.745518168856823e-06,
2020,AJ_JJasmine_JF37CD_mic_to_Vi_Yamaha_F335_mic,3.072456920970545e-06,,8.134285945901025e-06,,4.465717151797324e-06,,3.202611397263755e-06,,3.925440538723802e-06,,3.075272724184969e-06,
2021,AJ_JJasmine_JF37CD_mic_to_Vi_Yamaha_F335_piezo,2.478653717368906e-06,,2.214303683139437e-06,,3.6790483745161833e-06,,2.5412733866401324e-06,,2.2324310098183737e-06,,2.5176649931129904e-06,
2022,AJ_JJasmine_JF37CD_piezo_to_Vi_Yamaha_F335_mic,6.283753963705153e-06,,7.4866977554273385e-06,,4.452734693938089e-06,,3.260685537302959e-06,,2.851543809857568e-06,,4.5594712422768246e-06,
2023,AJ_JJasmine_JF37CD_piezo_to_Vi_Yamaha_F335_piezo,2.655415495109526e-06,,5.64558750797437e-06,,6.813879739909011e-06,,1.661684085704945e-06,,2.5433297916405166e-06,,2.594618021091137e-06,
2024,AJ_JJasmine_JF37CD_mic_to_Vi_Yamaha_F335_mic,4.073338264781202e-06,,4.5774602541875744e-06,,4.111940498347833e-06,,2.3758361250540757e-06,,3.2933830837459076e-06,,3.014676883542468e-06,
2025,AJ_JJasmine_JF37CD_mic_to_Vi_Yamaha_F335_piezo,5.421767655615556e-06,,2.225532434835188e-06,,6.168249771050684e-06,,3.2816732704334e-06,,2.676143765766219e-06,,2.804810907826809e-06,
2026,AJ_JJasmine_JF37CD_piezo_to_Vi_Yamaha_F335_mic,2.4752564558663207e-06,,6.884298735033331e-06,,4.3137299190402464e-06,,3.90671347458636e-06,,3.2075198747250417e-06,,4.990344506552243e-06,
2027,AJ_JJasmine_JF37CD_piezo_to_Vi_Yamaha_F335_piezo,3.6605690165544195e-06,,5.2355698430580746e-06,,6.93656892783742e-06,,3.250798954759868e-06,,3.404115182478598e-06,,2.601625266053896e-06,
2028,AJ_JJasmine_JF37CD_mic_to_Vi_Yamaha_F335_mic,5.155836252493826e-06,,4.525287181351318e-06,,4.941243567764542e-06,,2.4223499921845017e-06,,3.466687224024617e-06,,2.952566346893316e-06,
2029,AJ_JJasmine_JF37CD_mic_to_Vi_Yamaha_F335_piezo,4.743718381106182e-06,,3.231425123143828e-06,,4.726534009277207e-06,,3.1052665775918943e-06,,3.040709237478127e-06,,3.842470670427673e-06,
2030,AJ_JJasmine_JF37CD_piezo_to_Vi_Yamaha_F335_mic,4.164549390104504e-06,,3.7675991696541843e-06,,3.562971699896398e-06,,3.537899259052916e-06,,3.481799178610838e-06,,4.8122692454235756e-06,
2031,AJ_JJasmine_JF37CD_piezo_to_Vi_Yamaha_F335_piezo,4.315625147588693e-06,,5.931508570420941e-06,,6.622178191904625e-06,,2.286081587851256e-06,,2.0440688057156017e-06,,2.172625165044629e-06,
2032,AJ_JJasmine_JF37CD_mic_to_Vi_Yamaha_F335_mic,5.977044048561504e-06,,5.483455000331292e-06,,4.070910886722418e-06,,4.076247062462597e-06,,3.244134760572263e-06,,3.481090250540024e-06,
2033,AJ_JJasmine_JF37CD_mic_to_Vi_Yamaha_F335_piezo,5.9711797524031495e-06,,3.0278675150434865e-06,,5.687696857126033e-06,,3.473270480807633e-06,,3.254404396534205e-06,,4.0788492287799616e-06,
2034,AJ_JJasmine_JF37CD_piezo_to_Vi_Yamaha_F335_mic,3.2154840051298792e-06,,2.8735362842450543e-06,,3.108322105172772e-06,,3.3343408158115117e-06,,2.72162135998217e-06,,5.350934990550475e-06,
2035,AJ_JJasmine_JF37CD_piezo_to_Vi_Yamaha_F335_piezo,3.939749701953725e-06,,5.014919826844296e-06,,6.662785508439159e-06,,1.9792733770616608e-06,,2.1215748406939355e-06,,2.326848215573288e-06,
2036,AJ_JJasmine_JF37CD_mic_to_Vi_Yamaha_F335_mic,3.458749688469977e-06,,5.900446683124311e-06,,3.9308289496553795e-06,,3.3428161512616525e-06,,3.765912953890761e-06,,3.1617726753007014e-06,
2037,AJ_JJasmine_JF37CD_mic_to_Vi_Yamaha_F335_piezo,4.273248435184977e-06,,2.285300485066531e-06,,7.0266741972821826e-06,,2.016628141156012e-06,,3.443881348753025e-06,,4.339256092716854e-06,
2038,AJ_JJasmine_JF37CD_piezo_to_Vi_Yamaha_F335_mic,1.848884864329548e-06,,2.8478702366996927e-06,,2.0292881470670953e-06,,3.395045962038005e-06,,2.9633440634465176e-06,,3.2701979326790068e-06,
2039,AJ_JJasmine_JF37CD_piezo_to_Vi_Yamaha_F335_piezo,2.382189424999954e-06,,6.512668179292133e-06,,5.420635810914931e-06,,1.9199009500813485e-06,,2.164586434317941e-06,,2.317714917220368e-06,
2040,AJ_JJasmine_JF37CD_mic_to_Vi_Yamaha_F335_mic,4.77033341340593e-06,,4.968398954423756e-06,,3.871085218241809e-06,,2.9024712410836618e-06,,3.9004859225829625e-06,,3.1012051963661764e-06,
2041,AJ_JJasmine_JF37CD_mic_to_Vi_Yamaha_F335_piezo,4.105599425868667e-06,,7.538406851180922e-06,,5.072386077845549e-06,,2.4891415936162864e-06,,2.44839250996679e-06,,2.8126083397146564e-06,
2042,AJ_JJasmine_JF37CD_piezo_to_Vi_Yamaha_F335_mic,3.911084467768493e-06,,4.488421257841797e-06,,4.653163246405974e-06,,3.5011480898787832e-06,,3.29438006075009e-06,,3.4057431257840034e-06,
2043,AJ_JJasmine_JF37CD_piezo_to_Vi_Yamaha_F335_piezo,4.011205354768326e-06,,4.031524242535594e-06,,5.513077655331402e-06,,2.1698877549569118e-06,,2.0995172933223938e-06,,2.2262356218123007e-06,
2044,AJ_JJasmine_JF37CD_mic_to_Vi_Yamaha_F335_mic,4.908878562356667e-06,,6.6887383087687295e-06,,4.467353618854073e-06,,2.5209287034917343e-06,,3.2061865900487147e-06,,2.7878968968664967e-06,
2045,AJ_JJasmine_JF37CD_mic_to_Vi_Yamaha_F335_piezo,3.5234794513214718e-06,,6.906895976790206e-06,,6.89361938401895e-06,,4.07406786250218e-06,,3.3252398057496223e-06,,2.2112364397477605e-06,
2046,AJ_JJasmine_JF37CD_piezo_to_Vi_Yamaha_F335_mic,2.625454394748565e-06,,4.274480730515879e-06,,4.184963289033487e-06,,3.814126282789484e-06,,3.3533048182499387e-06,,3.680575640917378e-06,
2047,AJ_JJasmine_JF37CD_piezo_to_Vi_Yamaha_F335_piezo,6.291869970056692e-06,,4.438108718373065e-06,,3.878204120744315e-06,,3.4964357411386365e-06,,2.63457012604274e-06,,3.2564715568278534e-06,
2048,AJ_JJasmine_JF37CD_mic_to_Vi_Yamaha_F335_mic,4.480099234260381e-06,,5.5472976722257e-06,,4.3755154970401905e-06,,2.735798419599398e-06,,3.406137580258436e-06,,2.921479121417525e-06,
2049,AJ_JJasmine_JF37CD_mic_to_Vi_Yamaha_F335_piezo,6.010247892831579e-06,,4.748360907398403e-06,,7.524855464866238e-06,,3.548471915612337e-06,,2.4267873175111846e-06,,2.840936121105635e-06,
2050,AJ_JJasmine_JF37CD_piezo_to_Vi_Yamaha_F335_mic,2.628910127596524e-06,,4.249245602156956e-06,,4.227615205883651e-06,,3.542430678717053e-06,,3.370948506928597e-06,,3.458253237579292e-06,
2051,AJ_JJasmine_JF37CD_piezo_to_Vi_Yamaha_F335_piezo,5.778081401172172e-06,,4.047655217625367e-06,,5.210532348346092e-06,,3.121465724694962e-06,,2.0742289783262083e-06,,2.518113036199825e-06,
2052,AJ_JJasmine_JF37CD_mic_to_Vi_Yamaha_F335_mic,6.142315664077032e-06,,8.323179349151178e-06,,4.430323732875985e-06,,2.404232207434686e-06,,3.3093497975917727e-06,,2.4003571533336516e-06,
2053,AJ_JJasmine_JF37CD_mic_to_Vi_Yamaha_F335_piezo,5.808845813864158e-06,,6.0507239552925196e-06,,4.95616351377068e-06,,3.930077238215023e-06,,2.9223403821429424e-06,,4.249249758662537e-06,
2054,AJ_JJasmine_JF37CD_piezo_to_Vi_Yamaha_F335_mic,4.566641878537902e-06,,4.968184483623111e-06,,3.536330539570234e-06,,3.711422174490507e-06,,4.535038697998921e-06,,4.845617005270655e-06,
2055,AJ_JJasmine_JF37CD_piezo_to_Vi_Yamaha_F335_piezo,3.070978986478324e-06,,3.152746738886832e-06,,5.318130069566252e-06,,2.3554067473000203e-06,,2.40757363249196e-06,,2.4018188176985675e-06,
2056,AJ_JJasmine_JF37CD_mic_to_Vi_Yamaha_F335_mic,4.7567926133601424e-06,,8.731520136813731e-06,,4.072355659943828e-06,,2.8465028428712108e-06,,3.627645868736152e-06,,2.6314897190988706e-06,
2057,AJ_JJasmine_JF37CD_mic_to_Vi_Yamaha_F335_piezo,5.441379921265898e-06,,5.052030421042451e-06,,4.77536016622475e-06,,2.4055739133829224e-06,,2.6518118383875156e-06,,4.4838537468597055e-06,
2058,AJ_JJasmine_JF37CD_piezo_to_Vi_Yamaha_F335_mic,3.7961106089676143e-06,,4.199528529810837e-06,,1.7681312902841055e-06,,4.430370596135519e-06,,3.5690446217355626e-06,,5.030127907548e-06,
2059,AJ_JJasmine_JF37CD_piezo_to_Vi_Yamaha_F335_piezo,2.8170199259062025e-06,,2.9548041520222637e-06,,7.4292440789731375e-06,,2.4300434215667378e-06,,2.4898469510059246e-06,,2.3475112613948275e-06,
2060,AJ_JJasmine_JF37CD_mic_to_Vi_Yamaha_F335_mic,4.893509485556417e-06,,5.772024941374552e-06,,4.585571139982861e-06,,3.0794094131014744e-06,,3.514375491987605e-06,,2.7533724823881225e-06,
2061,AJ_JJasmine_JF37CD_mic_to_Vi_Yamaha_F335_piezo,4.675598181846958e-06,,4.578342340861086e-06,,4.619448175180767e-06,,2.679717466121082e-06,,3.431917762822515e-06,,4.276424419775177e-06,
2062,AJ_JJasmine_JF37CD_piezo_to_Vi_Yamaha_F335_mic,4.070170553853965e-06,,4.377066465809144e-06,,3.903875350710061e-06,,4.258857079783102e-06,,4.063130476913512e-06,,3.878863635950128e-06,
2063,AJ_JJasmine_JF37CD_piezo_to_Vi_Yamaha_F335_piezo,2.66215339171963e-06,,2.9042034471167554e-06,,6.087981969849294e-06,,2.5722464525569026e-06,,2.3788759961818537e-06,,2.42788512436872e-06,
2064,AJ_JJasmine_JF37CD_mic_to_Vi_Yamaha_F335_mic,6.977924409135355e-06,,7.744092976694529e-06,,5.243321042591595e-06,,4.947649152410721e-06,,3.985151822990551e-06,,2.950009791561037e-06,
2065,AJ_JJasmine_JF37CD_mic_to_Vi_Yamaha_F335_piezo,3.4127681073606046e-06,,4.549152182882415e-06,,5.754161355892799e-06,,3.1278636523139816e-06,,3.1230197428325714e-06,,2.9653079396994518e-06,
2066,AJ_JJasmine_JF37CD_piezo_to_Vi_Yamaha_F335_mic,3.7124454119011125e-06,,8.244288468907694e-06,,4.299108140151334e-06,,2.6756851290891733e-06,,2.535086263602997e-06,,4.215890743336289e-06,
2067,AJ_JJasmine_JF37CD_piezo_to_Vi_Yamaha_F335_piezo,4.5311689337173875e-06,,5.136328451806093e-06,,3.888424642592906e-06,,1.5465882764379825e-06,,2.9958318610799858e-06,,2.2652914096759185e-06,
2068,AJ_JJasmine_JF37CD_mic_to_Vi_Yamaha_F335_mic,2.1561990680578496e-06,,2.519264291501951e-06,,4.084229438538143e-06,,2.877707239651628e-06,,3.0029035706116612e-06,,2.8162482341597497e-06,
2069,AJ_JJasmine_JF37CD_mic_to_Vi_Yamaha_F335_piezo,4.068798973900388e-06,,4.008026849498095e-06,,5.250247869344358e-06,,2.476098921394029e-06,,2.3112574674519926e-06,,2.2775411600431017e-06,
2070,AJ_JJasmine_JF37CD_piezo_to_Vi_Yamaha_F335_mic,2.9009131040358745e-06,,7.318269372196226e-06,,4.463774017406189e-06,,3.4664752433781454e-06,,3.644939583645758e-06,,4.847168448114724e-06,
2071,AJ_JJasmine_JF37CD_piezo_to_Vi_Yamaha_F335_piezo,5.525542426928309e-06,,5.170106984643256e-06,,5.758911296519358e-06,,2.0162016571060924e-06,,2.4482840813922263e-06,,2.6432050434899905e-06,
2072,AJ_JJasmine_JF37CD_mic_to_Vi_Yamaha_F335_mic,2.466895292178499e-06,,2.8750995993345765e-06,,5.503808230929139e-06,,3.647637092049706e-06,,3.1663441908045365e-06,,3.620399378939837e-06,
2073,AJ_JJasmine_JF37CD_mic_to_Vi_Yamaha_F335_piezo,2.5096536961716254e-06,,5.7794343016028595e-06,,6.641081612018832e-06,,3.1752592417610644e-06,,2.7514584628315912e-06,,2.3274425365488838e-06,
2074,AJ_JJasmine_JF37CD_piezo_to_Vi_Yamaha_F335_mic,2.967589508803642e-06,,4.572766149499589e-06,,3.317897252824234e-06,,3.102429130197965e-06,,3.33611578522423e-06,,4.088334454756683e-06,
2075,AJ_JJasmine_JF37CD_piezo_to_Vi_Yamaha_F335_piezo,3.974689447382761e-06,,3.92272557120936e-06,,6.453647601890276e-06,,3.6041544047284995e-06,,2.4390843292492266e-06,,2.3240802356339147e-06,
2076,AJ_JJasmine_JF37CD_mic_to_Vi_Yamaha_F335_mic,2.049778371430679e-06,,4.2867209967268935e-06,,4.6613141891415446e-06,,2.454641168586407e-06,,2.7441155090593994e-06,,2.5645311744689064e-06,
2077,AJ_JJasmine_JF37CD_mic_to_Vi_Yamaha_F335_piezo,5.2264331250275415e-06,,4.631862223617133e-06,,7.464063259493348e-06,,3.4593390946510954e-06,,3.4150548971217588e-06,,4.421059513950755e-06,
2078,AJ_JJasmine_JF37CD_piezo_to_Vi_Yamaha_F335_mic,7.944683611494583e-06,,4.918743979760686e-06,,3.97486156140641e-06,,2.258618032535686e-06,,2.8773062627282404e-06,,5.003400761906024e-06,
2079,AJ_JJasmine_JF37CD_piezo_to_Vi_Yamaha_F335_piezo,2.799128553483942e-06,,4.227414798782073e-06,,5.545253541560606e-06,,2.492351613314222e-06,,1.961767699555936e-06,,2.2886495360810264e-06,
2080,AJ_JJasmine_JF37CD_mic_to_Vi_Yamaha_F335_mic,2.2315264902237894e-06,,4.020330603485741e-06,,3.973806742070364e-06,,2.2424774926302194e-06,,2.1883536047758317e-06,,2.534108270207903e-06,
2081,AJ_JJasmine_JF37CD_mic_to_Vi_Yamaha_F335_piezo,2.7715042316810533e-06,,3.015995906495516e-06,,6.315047599567631e-06,,2.9720562219641473e-06,,4.062348660486758e-06,,3.206367712868848e-06,
2082,AJ_JJasmine_JF37CD_piezo_to_Vi_Yamaha_F335_mic,6.321912843744526e-06,,4.386918430302665e-06,,4.126195076000096e-06,,3.097575141746605e-06,,2.482487262343873e-06,,5.021671769527691e-06,
2083,AJ_JJasmine_JF37CD_piezo_to_Vi_Yamaha_F335_piezo,5.108224837879803e-06,,4.444580889099359e-06,,5.400932050534895e-06,,2.3333203054146362e-06,,1.8269221882709091e-06,,2.0958753219090674e-06,
2084,AJ_JJasmine_JF37CD_mic_to_Vi_Yamaha_F335_mic,2.8010044717753136e-06,,2.9007467431978413e-06,,3.88707651983334e-06,,2.016623826986932e-06,,2.5530701882231026e-06,,2.187311506231085e-06,
2085,AJ_JJasmine_JF37CD_mic_to_Vi_Yamaha_F335_piezo,5.106509997126016e-06,,6.138036050890815e-06,,5.457632005881792e-06,,2.197707865674584e-06,,2.5823601700774372e-06,,4.369375079801643e-06,
2086,AJ_JJasmine_JF37CD_piezo_to_Vi_Yamaha_F335_mic,1.943428676352064e-06,,2.59197014795968e-06,,2.7183268947649244e-06,,3.686636614449775e-06,,2.708024828271601e-06,,3.853011593457802e-06,
2087,AJ_JJasmine_JF37CD_piezo_to_Vi_Yamaha_F335_piezo,3.3650952632963866e-06,,6.484946877753261e-06,,3.5463613351894098e-06,,2.2579915782339865e-06,,2.059306474120901e-06,,2.6618122463763145e-06,
2088,AJ_JJasmine_JF37CD_mic_to_Vi_Yamaha_F335_mic,4.240222991188355e-06,,4.331925590512331e-06,,3.943325887705879e-06,,2.8369773627686696e-06,,3.7886152421359624e-06,,3.236897636605316e-06,
2089,AJ_JJasmine_JF37CD_mic_to_Vi_Yamaha_F335_piezo,3.978741439729405e-06,,6.670900999841246e-06,,3.708614828276103e-06,,2.447257619370459e-06,,2.3933364135582556e-06,,2.8405413609920664e-06,
2090,AJ_JJasmine_JF37CD_piezo_to_Vi_Yamaha_F335_mic,4.056003540994033e-06,,4.442683843391644e-06,,4.5152868939655595e-06,,2.7501721634837175e-06,,3.0642203581805025e-06,,3.3710255856509693e-06,
2091,AJ_JJasmine_JF37CD_piezo_to_Vi_Yamaha_F335_piezo,3.7450034615018305e-06,,4.063202508133635e-06,,6.109476059984371e-06,,2.8820442845815625e-06,,2.1193564341550986e-06,,2.2680315573515044e-06,
2092,AJ_JJasmine_JF37CD_mic_to_Vi_Yamaha_F335_mic,4.516346259540651e-06,,5.483111372598503e-06,,4.6071381130851505e-06,,2.814917388106274e-06,,3.272259032900992e-06,,2.979701580494507e-06,
2093,AJ_JJasmine_JF37CD_mic_to_Vi_Yamaha_F335_piezo,4.582399359660056e-06,,7.013469887095368e-06,,4.40790844895891e-06,,2.99802861631725e-06,,2.8345167944136285e-06,,3.2137635214593724e-06,
2094,AJ_JJasmine_JF37CD_piezo_to_Vi_Yamaha_F335_mic,2.9019858285309996e-06,,4.721269242106797e-06,,4.626788059862386e-06,,3.986095310818008e-06,,3.026547760241287e-06,,3.4076654972650947e-06,
2095,AJ_JJasmine_JF37CD_piezo_to_Vi_Yamaha_F335_piezo,4.943280537469895e-06,,3.7854238975195653e-06,,5.785448040429525e-06,,3.651559954644443e-06,,2.4652210371914757e-06,,2.2648029379938507e-06,
2096,AJ_JJasmine_JF37CD_mic_to_Vi_Yamaha_F335_mic,3.873765496902684e-06,,4.952156021836383e-06,,4.565946075092804e-06,,2.514586056302435e-06,,3.4564593517158486e-06,,2.710476979715893e-06,
2097,AJ_JJasmine_JF37CD_mic_to_Vi_Yamaha_F335_piezo,4.376022545693847e-06,,5.544095037595604e-06,,5.210186620328119e-06,,2.8801087699300406e-06,,2.7560961248369817e-06,,3.289472218104549e-06,
2098,AJ_JJasmine_JF37CD_piezo_to_Vi_Yamaha_F335_mic,2.914570538855318e-06,,4.681404543244589e-06,,4.348865987443248e-06,,3.039026600475138e-06,,3.1539220123239425e-06,,4.069200093071336e-06,
2099,AJ_JJasmine_JF37CD_piezo_to_Vi_Yamaha_F335_piezo,4.4499482665099044e-06,,3.7863390129932077e-06,,5.697322992073502e-06,,2.663593804545273e-06,,2.5140879768841476e-06,,2.30560852269524e-06,
2100,AJ_JJasmine_JF37CD_mic_to_Vi_Yamaha_F335_mic,7.926073314913341e-06,,8.057768798646558e-06,,4.352840956251794e-06,,2.685240862855196e-06,,3.49590841193958e-06,,2.658135193717625e-06,
2101,AJ_JJasmine_JF37CD_mic_to_Vi_Yamaha_F335_piezo,5.10498566139295e-06,,6.412868512853563e-06,,6.846111318643065e-06,,3.9121402680739665e-06,,2.969140156268228e-06,,2.7286882115957152e-06,
2102,AJ_JJasmine_JF37CD_piezo_to_Vi_Yamaha_F335_mic,4.970712281730179e-06,,4.572981548155571e-06,,2.8766279210204246e-06,,3.85511052640761e-06,,4.006377281590279e-06,,2.878511840044674e-06,
2103,AJ_JJasmine_JF37CD_piezo_to_Vi_Yamaha_F335_piezo,3.839798729902621e-06,,3.835692477629702e-06,,5.873639666822485e-06,,2.189646174143544e-06,,2.3309841811376775e-06,,2.9515455890367313e-06,
2104,AJ_JJasmine_JF37CD_mic_to_Vi_Yamaha_F335_mic,5.979067285724413e-06,,6.11806307503584e-06,,4.3662690349965505e-06,,2.686543204613309e-06,,3.657672228615257e-06,,2.6821013269823105e-06,
2105,AJ_JJasmine_JF37CD_mic_to_Vi_Yamaha_F335_piezo,5.732742093100671e-06,,4.864448339476809e-06,,4.6514462547449014e-06,,2.520613184778843e-06,,2.6280626268455503e-06,,4.773764373954104e-06,
2106,AJ_JJasmine_JF37CD_piezo_to_Vi_Yamaha_F335_mic,4.929485697859067e-06,,4.044037433744174e-06,,4.073291842321825e-06,,3.433174186359318e-06,,3.5891705558612867e-06,,4.618442050744151e-06,
2107,AJ_JJasmine_JF37CD_piezo_to_Vi_Yamaha_F335_piezo,3.0239981490590146e-06,,3.1580011960397646e-06,,8.131464061500689e-06,,2.3719314265716113e-06,,2.421624787258315e-06,,2.4995051454765554e-06,
2108,AJ_JJasmine_JF37CD_mic_to_Vi_Yamaha_F335_mic,4.574989440766694e-06,,5.912517245985709e-06,,4.562082346026468e-06,,3.0474363404563813e-06,,3.388670456444992e-06,,2.7595361883530035e-06,
2109,AJ_JJasmine_JF37CD_mic_to_Vi_Yamaha_F335_piezo,4.632263553856798e-06,,4.645085348865749e-06,,4.316112550612026e-06,,2.764220717922787e-06,,3.4745345638931353e-06,,4.519612923675301e-06,
2110,AJ_JJasmine_JF37CD_piezo_to_Vi_Yamaha_F335_mic,4.6479780659896985e-06,,4.864790979702343e-06,,2.948271833896537e-06,,4.463904464017132e-06,,3.79938691918902e-06,,3.676583844256558e-06,
2111,AJ_JJasmine_JF37CD_piezo_to_Vi_Yamaha_F335_piezo,2.7629922266605574e-06,,3.060420085421017e-06,,7.462937727040402e-06,,2.4900915282684653e-06,,2.3593301517011334e-06,,2.612890558564844e-06,
2112,AJ_JJasmine_JF37CD_mic_to_Vi_Yamaha_F335_mic,7.332410740777194e-06,,8.290166401874925e-06,,9.70681720590682e-06,,3.381326506453267e-06,,3.621410951515987e-06,,4.036106147701816e-06,
2113,AJ_JJasmine_JF37CD_mic_to_Vi_Yamaha_F335_piezo,4.073494379714342e-06,,5.126897563449646e-06,,4.408531357372658e-06,,2.287145902243867e-06,,2.5624945582125417e-06,,2.745984509124226e-06,
2114,AJ_JJasmine_JF37CD_piezo_to_Vi_Yamaha_F335_mic,7.5378967522799735e-06,,7.687951378138131e-06,,7.945955763382326e-06,,2.2259210288977484e-06,,2.871266166027208e-06,,2.5088129754684844e-06,
2115,AJ_JJasmine_JF37CD_piezo_to_Vi_Yamaha_F335_piezo,2.651323147258862e-06,,3.6001437120425696e-06,,6.369463804994594e-06,,2.0505956029196714e-06,,1.6792517176982735e-06,,2.4567712995121382e-06,
2116,AJ_JJasmine_JF37CD_mic_to_Vi_Yamaha_F335_mic,3.071541358837464e-06,,6.355961128766276e-06,,1.0397104639335332e-05,,3.1571632482610425e-06,,4.1787618561134315e-06,,4.299921505243408e-06,
2117,AJ_JJasmine_JF37CD_mic_to_Vi_Yamaha_F335_piezo,4.042431913017335e-06,,3.64284075228467e-06,,6.53390239864729e-06,,3.3101786984901103e-06,,2.1212286946640347e-06,,2.6354871002558364e-06,
2118,AJ_JJasmine_JF37CD_piezo_to_Vi_Yamaha_F335_mic,4.518071826400939e-06,,4.5223475342894665e-06,,5.883631091840546e-06,,2.8547565080743233e-06,,2.5244252096494568e-06,,4.262583366976917e-06,
2119,AJ_JJasmine_JF37CD_piezo_to_Vi_Yamaha_F335_piezo,3.545718340653069e-06,,5.699270138524795e-06,,4.1377659201622446e-06,,1.739886406875168e-06,,2.2859396523667566e-06,,4.402144264199073e-06,
2120,AJ_JJasmine_JF37CD_mic_to_Vi_Yamaha_F335_mic,7.877424724731602e-06,,8.18187444763273e-06,,7.910759209950782e-06,,4.049512573016248e-06,,4.751942132308481e-06,,4.916386188825262e-06,
2121,AJ_JJasmine_JF37CD_mic_to_Vi_Yamaha_F335_piezo,4.289837896438718e-06,,4.302805317494061e-06,,4.949803834050975e-06,,2.4826500604072446e-06,,2.5688877205041684e-06,,2.6839140653727757e-06,
2122,AJ_JJasmine_JF37CD_piezo_to_Vi_Yamaha_F335_mic,4.8024281265708914e-06,,5.197939804577816e-06,,8.348051998728867e-06,,2.8393953033457384e-06,,4.212058303209141e-06,,4.3189886860407096e-06,
2123,AJ_JJasmine_JF37CD_piezo_to_Vi_Yamaha_F335_piezo,3.8143983476753782e-06,,5.798776063878035e-06,,5.3154880916807945e-06,,2.327150039283686e-06,,2.3692946433251125e-06,,2.8021877144303327e-06,
2124,AJ_JJasmine_JF37CD_mic_to_Vi_Yamaha_F335_mic,2.103960045741805e-06,,7.890288115723208e-06,,8.10042431577114e-06,,2.787748907636065e-06,,4.214080072443848e-06,,3.474614540580639e-06,
2125,AJ_JJasmine_JF37CD_mic_to_Vi_Yamaha_F335_piezo,2.7271004474722185e-06,,4.083724821221113e-06,,7.285776026436262e-06,,2.2618214060836035e-06,,3.2967819743447043e-06,,3.770539187566649e-06,
2126,AJ_JJasmine_JF37CD_piezo_to_Vi_Yamaha_F335_mic,4.118227276050803e-06,,6.2753352741392934e-06,,4.1604813658624365e-06,,2.4918361317963443e-06,,3.0942763634543024e-06,,4.441670261173459e-06,
2127,AJ_JJasmine_JF37CD_piezo_to_Vi_Yamaha_F335_piezo,5.29408089519833e-06,,3.3866282655895585e-06,,5.611886483789825e-06,,3.229243622941714e-06,,1.9161884018237185e-06,,2.037645837603095e-06,
2128,AJ_JJasmine_JF37CD_mic_to_Vi_Yamaha_F335_mic,2.502495775958766e-06,,5.063061873018384e-06,,6.78061997862784e-06,,2.4497425827366782e-06,,2.469003663402894e-06,,3.544493382265097e-06,
2129,AJ_JJasmine_JF37CD_mic_to_Vi_Yamaha_F335_piezo,3.088335790616149e-06,,3.4654421427966574e-06,,5.057934530950041e-06,,2.3615156814198647e-06,,2.762089762396493e-06,,4.568658939988619e-06,
2130,AJ_JJasmine_JF37CD_piezo_to_Vi_Yamaha_F335_mic,7.030307807020179e-06,,6.647404840420113e-06,,5.582920549064242e-06,,4.390062955774426e-06,,2.1763757223446576e-06,,4.178108278478263e-06,
2131,AJ_JJasmine_JF37CD_piezo_to_Vi_Yamaha_F335_piezo,4.844910847369686e-06,,6.097025660032449e-06,,6.953978303968552e-06,,2.4049918097909057e-06,,2.653778418322089e-06,,2.4117268636598732e-06,
2132,AJ_JJasmine_JF37CD_mic_to_Vi_Yamaha_F335_mic,2.9335759010657995e-06,,4.3254685940058095e-06,,3.4415344662271263e-06,,4.901766084063346e-06,,2.75122434647095e-06,,3.033994397955193e-06,
2133,AJ_JJasmine_JF37CD_mic_to_Vi_Yamaha_F335_piezo,4.824330115122593e-06,,4.4280590735108745e-06,,5.9686357052822485e-06,,2.187513436924301e-06,,2.565910399958562e-06,,4.010421732891904e-06,
2134,AJ_JJasmine_JF37CD_piezo_to_Vi_Yamaha_F335_mic,2.209295433774142e-06,,2.4404621648863956e-06,,1.7867405082226582e-06,,3.68487526429609e-06,,3.546188504565414e-06,,3.548944735820662e-06,
2135,AJ_JJasmine_JF37CD_piezo_to_Vi_Yamaha_F335_piezo,3.18681585811433e-06,,5.7354745455877586e-06,,5.676472175828244e-06,,3.054037784711094e-06,,2.8708580273789755e-06,,2.1583564125094156e-06,
2136,AJ_JJasmine_JF37CD_mic_to_Vi_Yamaha_F335_mic,4.989686075098732e-06,,5.606236868983253e-06,,4.981793579375581e-06,,2.5900672308995697e-06,,2.913611022617782e-06,,2.600996881080072e-06,
2137,AJ_JJasmine_JF37CD_mic_to_Vi_Yamaha_F335_piezo,4.026530230280655e-06,,7.893671863954244e-06,,6.616193584519829e-06,,2.561434943469094e-06,,2.399808975444433e-06,,2.789279915427641e-06,
2138,AJ_JJasmine_JF37CD_piezo_to_Vi_Yamaha_F335_mic,6.424088431959074e-06,,7.273202502753959e-06,,6.204167228997814e-06,,2.6986570405800284e-06,,3.346150421140198e-06,,3.518845402288696e-06,
2139,AJ_JJasmine_JF37CD_piezo_to_Vi_Yamaha_F335_piezo,5.191655060304493e-06,,5.595528076633289e-06,,4.0040218670001465e-06,,3.2201296110050494e-06,,3.814128465621762e-06,,3.589832751557103e-06,
2140,AJ_JJasmine_JF37CD_mic_to_Vi_Yamaha_F335_mic,5.7293755975125126e-06,,6.966667504163692e-06,,5.468158037511576e-06,,2.998892771694852e-06,,3.7372388281217832e-06,,2.809839665723827e-06,
2141,AJ_JJasmine_JF37CD_mic_to_Vi_Yamaha_F335_piezo,4.852857239259729e-06,,5.198168884772235e-06,,4.545983632017965e-06,,3.0824910823414104e-06,,2.5275500808225866e-06,,3.1129733156834543e-06,
2142,AJ_JJasmine_JF37CD_piezo_to_Vi_Yamaha_F335_mic,5.652098006774815e-06,,6.5053307390271085e-06,,6.9780165230160435e-06,,3.3362019236403343e-06,,3.423599753096975e-06,,3.5130897189275282e-06,
2143,AJ_JJasmine_JF37CD_piezo_to_Vi_Yamaha_F335_piezo,6.651466062957167e-06,,4.925921883033051e-06,,4.380355348432249e-06,,3.6119942471000857e-06,,3.6443909390690472e-06,,3.5047139779912694e-06,
2144,AJ_JJasmine_JF37CD_mic_to_Vi_Yamaha_F335_mic,4.615817201229735e-06,,5.484995891033886e-06,,7.6050335803998845e-06,,3.460760792665574e-06,,4.201222134786068e-06,,2.550232709799496e-06,
2145,AJ_JJasmine_JF37CD_mic_to_Vi_Yamaha_F335_piezo,6.155596227355879e-06,,4.32460831984623e-06,,7.718865597115194e-06,,2.8951367459895804e-06,,2.429875893827789e-06,,3.194777996519156e-06,
2146,AJ_JJasmine_JF37CD_piezo_to_Vi_Yamaha_F335_mic,5.270786338568182e-06,,6.74533095226294e-06,,6.079786819514607e-06,,3.0881483954336487e-06,,3.4382173581119575e-06,,4.3953667121968494e-06,
2147,AJ_JJasmine_JF37CD_piezo_to_Vi_Yamaha_F335_piezo,7.14364823848499e-06,,5.259947201788302e-06,,4.5116011694647395e-06,,3.643915772340038e-06,,4.2042266614048025e-06,,3.136504063056572e-06,
2148,AJ_JJasmine_JF37CD_mic_to_Vi_Yamaha_F335_mic,7.858362407553418e-06,,6.182524656984592e-06,,4.449005696185178e-06,,2.5091467739816824e-06,,3.2854460376969857e-06,,2.5451087281946595e-06,
2149,AJ_JJasmine_JF37CD_mic_to_Vi_Yamaha_F335_piezo,5.200983433753701e-06,,7.26552170519639e-06,,8.076628920942767e-06,,4.218222283794891e-06,,3.447543790771908e-06,,4.073279867565896e-06,
2150,AJ_JJasmine_JF37CD_piezo_to_Vi_Yamaha_F335_mic,6.190970770385186e-06,,5.378948108026892e-06,,5.360729712244515e-06,,3.1713323844411748e-06,,4.059614759592399e-06,,3.766932480985404e-06,
2151,AJ_JJasmine_JF37CD_piezo_to_Vi_Yamaha_F335_piezo,3.386463470807944e-06,,3.5882464810367644e-06,,5.926710574338818e-06,,2.7974085289262798e-06,,3.0086519118018973e-06,,3.0273710860779765e-06,
2152,AJ_JJasmine_JF37CD_mic_to_Vi_Yamaha_F335_mic,6.040791494614678e-06,,4.6774070786512895e-06,,5.129036246369078e-06,,2.673356186612036e-06,,3.344438028989459e-06,,2.5813795899721413e-06,
2153,AJ_JJasmine_JF37CD_mic_to_Vi_Yamaha_F335_piezo,4.168082286815057e-06,,7.355534156305931e-06,,6.0444621429863305e-06,,2.665960180806404e-06,,3.887014066202999e-06,,4.60176301272648e-06,
2154,AJ_JJasmine_JF37CD_piezo_to_Vi_Yamaha_F335_mic,6.599341492672446e-06,,4.8947975853519246e-06,,4.7396230532699045e-06,,3.2271115733323515e-06,,4.252366076530629e-06,,4.0443967799521794e-06,
2155,AJ_JJasmine_JF37CD_piezo_to_Vi_Yamaha_F335_piezo,3.2750042329760688e-06,,4.624458600418265e-06,,5.060941286261877e-06,,2.7691898095267413e-06,,3.415397579780354e-06,,2.680615323121324e-06,
2156,AJ_JJasmine_JF37CD_mic_to_Vi_Yamaha_F335_mic,4.8072952030614795e-06,,4.967007234469515e-06,,4.19724773922041e-06,,2.918771410654374e-06,,3.347281513044776e-06,,2.6928277797350352e-06,
2157,AJ_JJasmine_JF37CD_mic_to_Vi_Yamaha_F335_piezo,5.362944633106158e-06,,7.015811037944764e-06,,7.427548048903397e-06,,3.926219568920444e-06,,4.0549595199704104e-06,,5.266705598057834e-06,
2158,AJ_JJasmine_JF37CD_piezo_to_Vi_Yamaha_F335_mic,9.352123878198075e-06,,5.996191273062142e-06,,5.156233712161797e-06,,3.713636592378891e-06,,4.463512330090857e-06,,4.093489562437015e-06,
2159,AJ_JJasmine_JF37CD_piezo_to_Vi_Yamaha_F335_piezo,4.661479321306068e-06,,5.800614827391025e-06,,3.892584455289749e-06,,2.933667039628559e-06,,3.418036636619655e-06,,3.2118461637320615e-06,
2160,Classical_Unknown_mic_to_Bird_Aspen_DH37_mic,3.5338113621153183e-06,,7.878960933980853e-06,,7.866366862327083e-06,,2.609504829285663e-06,,2.7062732736960537e-06,,3.2939894612713588e-06,
2161,Classical_Unknown_mic_to_Bird_Aspen_DH37_piezo,1.7158318286572518e-06,,1.7525220492954923e-06,,1.7471086632618235e-06,,3.507207573601256e-06,,3.325542151080931e-06,,4.441759561656624e-06,
2162,Classical_Unknown_piezo_to_Bird_Aspen_DH37_mic,2.851300403857026e-06,,6.85893007129182e-06,,3.193467312683296e-06,,2.417800820975909e-06,,3.6229217580405805e-06,,2.8930992153291e-06,
2163,Classical_Unknown_piezo_to_Bird_Aspen_DH37_piezo,3.3659355049949057e-06,,2.6624877611559336e-06,,3.0946075708537174e-06,,3.7857225535362515e-06,,3.12111090893657e-06,,3.910554861487954e-06,
2164,Classical_Unknown_mic_to_Bird_Aspen_DH37_mic,5.752833113213257e-06,,6.556699856187201e-06,,8.777099852711895e-06,,2.7063138197979902e-06,,3.7471637663106277e-06,,2.9556986677336197e-06,
2165,Classical_Unknown_mic_to_Bird_Aspen_DH37_piezo,1.5127647719701682e-06,,1.7377633065009598e-06,,1.6093808322633598e-06,,3.124066009939362e-06,,3.823903407617454e-06,,3.770084471031531e-06,
2166,Classical_Unknown_piezo_to_Bird_Aspen_DH37_mic,2.9963753147275393e-06,,4.812128145702779e-06,,3.3033198045889836e-06,,2.0909514821384526e-06,,3.847522731491488e-06,,2.948350679925002e-06,
2167,Classical_Unknown_piezo_to_Bird_Aspen_DH37_piezo,2.1863329382103462e-06,,2.8001687194032423e-06,,2.495207795323503e-06,,3.230092120625304e-06,,3.588456395457829e-06,,4.510688111471192e-06,
2168,Classical_Unknown_mic_to_Bird_Aspen_DH37_mic,3.965417634417771e-06,,4.6416233738742106e-06,,5.283219801732759e-06,,2.3432801663508003e-06,,2.941811859987245e-06,,5.191277511850293e-06,
2169,Classical_Unknown_mic_to_Bird_Aspen_DH37_piezo,3.939521651843719e-06,,1.971656489912343e-06,,1.6099325878209735e-06,,2.8497494419972853e-06,,2.8529929135689915e-06,,3.5625816636527016e-06,
2170,Classical_Unknown_piezo_to_Bird_Aspen_DH37_mic,4.1600805440988275e-06,,6.122940334361826e-06,,2.926792931077088e-06,,2.2706843222436272e-06,,3.7560246622970693e-06,,3.140066297286996e-06,
2171,Classical_Unknown_piezo_to_Bird_Aspen_DH37_piezo,3.2231327541429674e-06,,2.8346341560190444e-06,,2.4732460724931787e-06,,2.988357219331215e-06,,3.2785310576871503e-06,,4.126319770305369e-06,
2172,Classical_Unknown_mic_to_Bird_Aspen_DH37_mic,5.3506217102854106e-06,,5.666080610442811e-06,,6.962027745505545e-06,,2.330299830128893e-06,,2.390786278831132e-06,,3.0526946902136997e-06,
2173,Classical_Unknown_mic_to_Bird_Aspen_DH37_piezo,1.6537553006862655e-06,,1.962512883473037e-06,,1.554108816723976e-06,,2.779658405741171e-06,,3.6956622010619076e-06,,3.194991100621166e-06,
2174,Classical_Unknown_piezo_to_Bird_Aspen_DH37_mic,4.607546055618776e-06,,5.1725479877987035e-06,,3.5003072676250633e-06,,2.000420884210765e-06,,3.69806549451846e-06,,3.085795537456829e-06,
2175,Classical_Unknown_piezo_to_Bird_Aspen_DH37_piezo,2.5253933830971227e-06,,2.489118716926629e-06,,1.9434701562251594e-06,,3.7894532290501557e-06,,3.239483343191695e-06,,4.092260380109897e-06,
2176,Classical_Unknown_mic_to_Bird_Aspen_DH37_mic,3.421543897187512e-06,,6.131320333759133e-06,,7.395132509958373e-06,,2.5745606256702335e-06,,2.396381798109544e-06,,3.2327968248911122e-06,
2177,Classical_Unknown_mic_to_Bird_Aspen_DH37_piezo,1.6491302830942727e-06,,1.807508754721427e-06,,1.5633472287454073e-06,,3.1132228805531554e-06,,4.068433929920234e-06,,3.6367298872381377e-06,
2178,Classical_Unknown_piezo_to_Bird_Aspen_DH37_mic,2.975772555617622e-06,,5.4258890232333725e-06,,3.3328044154615374e-06,,1.9461550780960705e-06,,3.4952142638189273e-06,,2.981830491159555e-06,
2179,Classical_Unknown_piezo_to_Bird_Aspen_DH37_piezo,2.705889622656806e-06,,2.2210953334169373e-06,,2.0937433199192265e-06,,3.4898420365635654e-06,,2.980456607645553e-06,,3.149874186292288e-06,
2180,Classical_Unknown_mic_to_Bird_Aspen_DH37_mic,6.254927831996795e-06,,5.14615318769373e-06,,8.189855126494174e-06,,3.203020305629429e-06,,2.5184101432805686e-06,,3.41522077095351e-06,
2181,Classical_Unknown_mic_to_Bird_Aspen_DH37_piezo,2.343643408279054e-06,,1.881032532458198e-06,,1.681843998134327e-06,,3.1633430121318327e-06,,3.864375172305767e-06,,3.73374686486493e-06,
2182,Classical_Unknown_piezo_to_Bird_Aspen_DH37_mic,2.966691194063736e-06,,3.311548804145508e-06,,3.7464748503282995e-06,,2.1646055960595222e-06,,3.950959526892726e-06,,3.4863276647701033e-06,
2183,Classical_Unknown_piezo_to_Bird_Aspen_DH37_piezo,2.577968275678317e-06,,2.1975780045932273e-06,,1.928198964828687e-06,,3.2667886493572277e-06,,2.9259160575724998e-06,,3.9238827856785085e-06,
2184,Classical_Unknown_mic_to_Bird_Aspen_DH37_mic,3.428521389882609e-06,,6.583668479815414e-06,,6.800846052637197e-06,,2.1993738099161197e-06,,2.7066788326481112e-06,,2.855053554119816e-06,
2185,Classical_Unknown_mic_to_Bird_Aspen_DH37_piezo,1.6237740729315503e-06,,1.6282006603544348e-06,,2.232384825530422e-06,,3.190399178215954e-06,,3.8420352862351526e-06,,3.7319893858513417e-06,
2186,Classical_Unknown_piezo_to_Bird_Aspen_DH37_mic,2.8017553664965274e-06,,2.581046575798639e-06,,3.4695158550994705e-06,,2.587119681441491e-06,,3.35286214842094e-06,,3.4989886147250935e-06,
2187,Classical_Unknown_piezo_to_Bird_Aspen_DH37_piezo,3.0539109237088777e-06,,3.4778952167865745e-06,,2.4856313331468785e-06,,2.9301168433386856e-06,,3.096966512616797e-06,,3.474069968040818e-06,
2188,Classical_Unknown_mic_to_Bird_Aspen_DH37_mic,5.943850488639094e-06,,5.178369610736306e-06,,7.734966255193133e-06,,2.7737178495325216e-06,,2.309938845402112e-06,,4.3575265177175425e-06,
2189,Classical_Unknown_mic_to_Bird_Aspen_DH37_piezo,2.7154703722568354e-06,,1.722780983068331e-06,,1.7680891058886064e-06,,2.9403315595317413e-06,,3.2390132090079424e-06,,2.93716424629811e-06,
2190,Classical_Unknown_piezo_to_Bird_Aspen_DH37_mic,2.7025757851024193e-06,,2.9042598423066824e-06,,3.191769270382544e-06,,3.3550991102281032e-06,,3.6984052366463255e-06,,3.0379815694305696e-06,
2191,Classical_Unknown_piezo_to_Bird_Aspen_DH37_piezo,2.9942659633430832e-06,,3.11390558476774e-06,,2.9809767197351745e-06,,3.368303477797586e-06,,3.6512421962042836e-06,,4.162706341950256e-06,
2192,Classical_Unknown_mic_to_Bird_Aspen_DH37_mic,4.3946883144253175e-06,,7.259752148503896e-06,,6.410624907322586e-06,,3.342732882629689e-06,,2.036914433290978e-06,,3.5821104558245572e-06,
2193,Classical_Unknown_mic_to_Bird_Aspen_DH37_piezo,1.5536525841868663e-06,,1.7967688764607278e-06,,1.5614672598523546e-06,,3.67927747051427e-06,,3.0106428140143e-06,,3.7512118077619747e-06,
2194,Classical_Unknown_piezo_to_Bird_Aspen_DH37_mic,2.158159824412554e-06,,2.551086784642727e-06,,3.0601785570332244e-06,,2.593174959521994e-06,,2.918999435769515e-06,,2.871126863094823e-06,
2195,Classical_Unknown_piezo_to_Bird_Aspen_DH37_piezo,1.9349725098331143e-06,,2.0571588858585113e-06,,2.754022533010815e-06,,2.8239836543997413e-06,,2.887108825979399e-06,,3.993679703639293e-06,
2196,Classical_Unknown_mic_to_Bird_Aspen_DH37_mic,6.013912291726897e-06,,5.609286971156884e-06,,6.875129389435992e-06,,3.114498105506909e-06,,3.1254976746665067e-06,,3.0805483470737072e-06,
2197,Classical_Unknown_mic_to_Bird_Aspen_DH37_piezo,1.4517122347698686e-06,,1.54067800228408e-06,,1.5169318653200094e-06,,2.5848941425832285e-06,,4.094695913331598e-06,,3.7084047191630473e-06,
2198,Classical_Unknown_piezo_to_Bird_Aspen_DH37_mic,2.680139807909536e-06,,2.529253595828314e-06,,3.079717565980775e-06,,3.171171286951888e-06,,2.9986308100029038e-06,,2.8820538685981457e-06,
2199,Classical_Unknown_piezo_to_Bird_Aspen_DH37_piezo,1.7758702386858693e-06,,1.8796522592159812e-06,,1.7643249932994163e-06,,2.6071907031120367e-06,,2.6669535631093425e-06,,3.534531029499329e-06,
2200,Classical_Unknown_mic_to_Bird_Aspen_DH37_mic,6.303766911410573e-06,,5.105603291076533e-06,,4.70586030795442e-06,,3.6218436931714308e-06,,2.3480327018020277e-06,,3.22295924674075e-06,
2201,Classical_Unknown_mic_to_Bird_Aspen_DH37_piezo,1.6725639287750492e-06,,1.6166790352313018e-06,,1.4527083474343983e-06,,2.9512500343336063e-06,,3.8671040800915145e-06,,2.8032768900928595e-06,
2202,Classical_Unknown_piezo_to_Bird_Aspen_DH37_mic,3.253423133969207e-06,,3.0913597329663187e-06,,2.99500984061841e-06,,2.937359503775463e-06,,3.0325651602533457e-06,,2.723762771473466e-06,
2203,Classical_Unknown_piezo_to_Bird_Aspen_DH37_piezo,2.074778535734358e-06,,1.9747204733122743e-06,,1.8704928673443974e-06,,2.8004474670454495e-06,,2.698907277374829e-06,,3.326898870273147e-06,
2204,Classical_Unknown_mic_to_Bird_Aspen_DH37_mic,4.551063803863746e-06,,5.450886809189299e-06,,5.262486193961316e-06,,4.832373870760506e-06,,2.5172937977983966e-06,,3.085695103203103e-06,
2205,Classical_Unknown_mic_to_Bird_Aspen_DH37_piezo,2.4588309129799946e-06,,2.4439494029985136e-06,,1.5210965625124307e-06,,2.3361430693315438e-06,,2.0861231113153308e-06,,3.705208951397095e-06,
2206,Classical_Unknown_piezo_to_Bird_Aspen_DH37_mic,2.3593555723845775e-06,,2.72007634612703e-06,,3.097903674143336e-06,,2.123226736210462e-06,,3.197817492174357e-06,,2.8152675609661156e-06,
2207,Classical_Unknown_piezo_to_Bird_Aspen_DH37_piezo,2.047970798898845e-06,,2.0741869701580038e-06,,2.015006487103386e-06,,2.7669474688875287e-06,,3.6201678679520236e-06,,3.6715810438423566e-06,
2208,Classical_Unknown_mic_to_Bird_Aspen_DH37_mic,4.729476724595849e-06,,7.482001538173793e-06,,5.9896227734902615e-06,,2.785325230610504e-06,,2.598559236627616e-06,,3.3210634670141213e-06,
2209,Classical_Unknown_mic_to_Bird_Aspen_DH37_piezo,2.0413048729394562e-06,,2.7704362494776197e-06,,1.7687056943170046e-06,,2.678519981455914e-06,,2.638556806650615e-06,,4.28198314809449e-06,
2210,Classical_Unknown_piezo_to_Bird_Aspen_DH37_mic,3.61664959716691e-06,,5.338697831482901e-06,,3.0740791147461638e-06,,2.549301469304925e-06,,2.751061700631052e-06,,4.7907630638256304e-06,
2211,Classical_Unknown_piezo_to_Bird_Aspen_DH37_piezo,3.458425313754663e-06,,3.3213429542758664e-06,,2.284841449323874e-06,,3.6734047085387104e-06,,3.37772067648501e-06,,2.6044093136070145e-06,
2212,Classical_Unknown_mic_to_Bird_Aspen_DH37_mic,6.468882867773288e-06,,6.135377316840381e-06,,5.531522234795836e-06,,2.475339561472316e-06,,2.6919796061658026e-06,,3.2096073313974924e-06,
2213,Classical_Unknown_mic_to_Bird_Aspen_DH37_piezo,1.5979233381448945e-06,,1.642591588895015e-06,,1.5983267464677566e-06,,3.048568567872901e-06,,3.9342073536056254e-06,,4.257350923855622e-06,
2214,Classical_Unknown_piezo_to_Bird_Aspen_DH37_mic,2.5483857583007105e-06,,4.823097008582018e-06,,3.2676293624269803e-06,,2.21990045203367e-06,,3.1047142049157794e-06,,2.9499794922099044e-06,
2215,Classical_Unknown_piezo_to_Bird_Aspen_DH37_piezo,2.1607521675606443e-06,,2.1189916890076193e-06,,2.0713621739381594e-06,,2.987049586139322e-06,,2.652240069828721e-06,,3.855117897020109e-06,
2216,Classical_Unknown_mic_to_Bird_Aspen_DH37_mic,3.4503136045896324e-06,,3.977405932242917e-06,,6.5886133381752535e-06,,3.273392269338804e-06,,5.140288981680392e-06,,4.8235714484615386e-06,
2217,Classical_Unknown_mic_to_Bird_Aspen_DH37_piezo,2.86201768977812e-06,,1.7491523500449407e-06,,1.5885602788117407e-06,,2.387423760156284e-06,,2.6018850045769326e-06,,3.6349541817857425e-06,
2218,Classical_Unknown_piezo_to_Bird_Aspen_DH37_mic,3.923762680447097e-06,,4.659191515619469e-06,,2.6778395813461213e-06,,3.0736014538847566e-06,,2.881361817182566e-06,,3.119364212638821e-06,
2219,Classical_Unknown_piezo_to_Bird_Aspen_DH37_piezo,2.650073963534033e-06,,4.387152645285703e-06,,2.080803727522715e-06,,3.4506337028989668e-06,,3.429939590513123e-06,,4.491803068304511e-06,
2220,Classical_Unknown_mic_to_Bird_Aspen_DH37_mic,4.32421956082822e-06,,6.848660689133366e-06,,5.985339186726398e-06,,2.842237379774068e-06,,2.629258171525166e-06,,2.6843416200353637e-06,
2221,Classical_Unknown_mic_to_Bird_Aspen_DH37_piezo,1.513894064436003e-06,,1.6929006361524713e-06,,1.5265144227644419e-06,,3.0602819441764318e-06,,3.26863452056643e-06,,3.2688386068837756e-06,
2222,Classical_Unknown_piezo_to_Bird_Aspen_DH37_mic,4.45184643771142e-06,,7.69439384095437e-06,,3.0874178978760615e-06,,2.302388778620015e-06,,4.000019720404204e-06,,2.8111307921436703e-06,
2223,Classical_Unknown_piezo_to_Bird_Aspen_DH37_piezo,1.947468719221938e-06,,1.8147172783468237e-06,,2.6966714409041464e-06,,3.0860861799615932e-06,,2.4372428508059484e-06,,4.428936194255079e-06,
2224,Classical_Unknown_mic_to_Bird_Aspen_DH37_mic,2.7257126416252243e-06,,3.973090086546173e-06,,7.4819334106512355e-06,,2.8386575976936915e-06,,2.779864505573398e-06,,3.600284058245453e-06,
2225,Classical_Unknown_mic_to_Bird_Aspen_DH37_piezo,1.5085000474106832e-06,,1.55990279369718e-06,,1.5191985936796595e-06,,3.5264853858587943e-06,,4.094825201328521e-06,,3.3307426302059433e-06,
2226,Classical_Unknown_piezo_to_Bird_Aspen_DH37_mic,3.974618599762508e-06,,7.044000576912719e-06,,5.832178859937501e-06,,1.8552732426008447e-06,,3.192579203988274e-06,,3.4165036174571667e-06,
2227,Classical_Unknown_piezo_to_Bird_Aspen_DH37_piezo,2.2284861868859075e-06,,2.067452239534861e-06,,2.3101022584871e-06,,4.109522077074056e-06,,2.518488569623529e-06,,4.4730324226023745e-06,
2228,Classical_Unknown_mic_to_Bird_Aspen_DH37_mic,6.179599273899934e-06,,3.738831334004348e-06,,4.891599850149333e-06,,2.307215782815487e-06,,1.7685570210506066e-06,,3.3129834061302767e-06,
2229,Classical_Unknown_mic_to_Bird_Aspen_DH37_piezo,1.8207305683700352e-06,,2.3542376623032635e-06,,1.5445315335309e-06,,3.638020483564662e-06,,2.3157128581460327e-06,,2.9353284940091068e-06,
2230,Classical_Unknown_piezo_to_Bird_Aspen_DH37_mic,3.814169197576925e-06,,6.966789113272487e-06,,3.101254779707947e-06,,1.7889761033620644e-06,,3.3096242935549162e-06,,4.299255569467714e-06,
2231,Classical_Unknown_piezo_to_Bird_Aspen_DH37_piezo,3.293702536245659e-06,,2.7334600016126935e-06,,2.1234755044505785e-06,,3.5664949337933063e-06,,3.7962528958937793e-06,,3.3681278345533386e-06,
2232,Classical_Unknown_mic_to_Bird_Aspen_DH37_mic,3.8485096145049265e-06,,7.490439745383267e-06,,5.599200074498496e-06,,3.2804312704244e-06,,3.6080761803832305e-06,,3.172210420869326e-06,
2233,Classical_Unknown_mic_to_Bird_Aspen_DH37_piezo,1.6886965109683976e-06,,1.639427015716406e-06,,1.7004508595316307e-06,,3.3327180392672255e-06,,4.018544691903631e-06,,3.030188549388964e-06,
2234,Classical_Unknown_piezo_to_Bird_Aspen_DH37_mic,2.826498996231665e-06,,2.460733216529809e-06,,3.7087694644267616e-06,,2.679692266043302e-06,,3.705530690616288e-06,,3.935175717488074e-06,
2235,Classical_Unknown_piezo_to_Bird_Aspen_DH37_piezo,3.4116976700487888e-06,,3.3759265132941738e-06,,2.645262835401362e-06,,3.1211930179569514e-06,,3.1255913360025594e-06,,4.702431270377396e-06,
2236,Classical_Unknown_mic_to_Bird_Aspen_DH37_mic,5.349154433358556e-06,,5.3857922490154375e-06,,5.868607128902867e-06,,2.2165571709507762e-06,,2.310555705658601e-06,,5.150406318724955e-06,
2237,Classical_Unknown_mic_to_Bird_Aspen_DH37_piezo,2.6098330546605644e-06,,1.6835057761985073e-06,,1.552761821774454e-06,,3.046931526135246e-06,,3.397967096536268e-06,,3.924516014843406e-06,
2238,Classical_Unknown_piezo_to_Bird_Aspen_DH37_mic,2.5445182520588752e-06,,2.825746953919316e-06,,3.296828947102327e-06,,3.2552429202973857e-06,,3.9496474263668366e-06,,3.122278786277204e-06,
2239,Classical_Unknown_piezo_to_Bird_Aspen_DH37_piezo,2.8878378793974727e-06,,2.9781482540249835e-06,,2.989231627250707e-06,,2.9674653951298433e-06,,3.096114504186518e-06,,4.562237118215677e-06,
2240,Classical_Unknown_mic_to_Bird_Aspen_DH37_mic,5.131069887990728e-06,,7.671876706717035e-06,,8.046253860341438e-06,,3.07204349210368e-06,,2.6522126051789104e-06,,4.036047025320457e-06,
2241,Classical_Unknown_mic_to_Bird_Aspen_DH37_piezo,1.509394750999286e-06,,1.7539028437193255e-06,,1.5475091803816583e-06,,3.2901246815527586e-06,,3.0920504301385542e-06,,3.956118442312579e-06,
2242,Classical_Unknown_piezo_to_Bird_Aspen_DH37_mic,3.864273990133989e-06,,2.468300222768267e-06,,3.2820160159318644e-06,,2.2475598717796617e-06,,3.127674299503714e-06,,5.286805556001556e-06,
2243,Classical_Unknown_piezo_to_Bird_Aspen_DH37_piezo,1.9578526318985937e-06,,2.119880233829053e-06,,2.5120894747440822e-06,,2.8579678146179727e-06,,2.974211693149982e-06,,4.407668607485316e-06,
2244,Classical_Unknown_mic_to_Bird_Aspen_DH37_mic,6.780983680349555e-06,,5.124287878018962e-06,,6.861756255203518e-06,,3.765965945612488e-06,,5.03838634431675e-06,,2.843397035030548e-06,
2245,Classical_Unknown_mic_to_Bird_Aspen_DH37_piezo,1.4475081565986669e-06,,1.5430991036631556e-06,,1.5737316677737602e-06,,2.4925843321332154e-06,,4.317877819923237e-06,,3.798957139499263e-06,
2246,Classical_Unknown_piezo_to_Bird_Aspen_DH37_mic,3.2119573379204885e-06,,2.8142411463038456e-06,,3.06702777058446e-06,,2.529782638726396e-06,,2.9664774829988e-06,,2.866272333303597e-06,
2247,Classical_Unknown_piezo_to_Bird_Aspen_DH37_piezo,1.8399977676596356e-06,,1.8847660272783745e-06,,1.7628399342874672e-06,,2.6959793328662505e-06,,2.6425976904076073e-06,,3.4946841135844e-06,
2248,Classical_Unknown_mic_to_Bird_Aspen_DH37_mic,6.998709724200722e-06,,5.448544685673812e-06,,5.792573212886134e-06,,3.3565704280324643e-06,,2.3011805545788704e-06,,3.4197976182369375e-06,
2249,Classical_Unknown_mic_to_Bird_Aspen_DH37_piezo,1.677310797382998e-06,,1.5951482679997372e-06,,1.469660819342325e-06,,2.7016708730939533e-06,,3.626147136954855e-06,,2.948120346665032e-06,
2250,Classical_Unknown_piezo_to_Bird_Aspen_DH37_mic,4.276379842369117e-06,,3.0894075103105222e-06,,3.26036914705957e-06,,2.7960097932709695e-06,,3.0566121704192152e-06,,2.8935390652526463e-06,
2251,Classical_Unknown_piezo_to_Bird_Aspen_DH37_piezo,2.053166986167611e-06,,1.9665989740403266e-06,,1.857216237839341e-06,,2.7443075322812975e-06,,2.6888423365841413e-06,,3.4341059935332004e-06,
2252,Classical_Unknown_mic_to_Bird_Aspen_DH37_mic,5.615998368648525e-06,,5.163531426819176e-06,,4.717422775048212e-06,,5.2064866185717595e-06,,2.5400354970665384e-06,,3.294614942158487e-06,
2253,Classical_Unknown_mic_to_Bird_Aspen_DH37_piezo,3.320247816541056e-06,,3.0435344766272506e-06,,1.5076325153580847e-06,,3.58017282140057e-06,,3.5131416309526583e-06,,3.3879912987904922e-06,
2254,Classical_Unknown_piezo_to_Bird_Aspen_DH37_mic,2.634987722201248e-06,,2.775143340580049e-06,,3.113737314894985e-06,,2.1692550271647523e-06,,3.209900889701129e-06,,2.8278460240398376e-06,
2255,Classical_Unknown_piezo_to_Bird_Aspen_DH37_piezo,2.5251209500656672e-06,,2.9187048585017156e-06,,2.0614086243452407e-06,,3.7576820773395913e-06,,4.4417773187059194e-06,,4.068035131909299e-06,
2256,Classical_Unknown_mic_to_Bird_Aspen_DH37_mic,4.668223957185057e-06,,4.434209365925603e-06,,5.961603102935254e-06,,3.4849073916475072e-06,,3.2035956424535453e-06,,2.9554803263589775e-06,
2257,Classical_Unknown_mic_to_Bird_Aspen_DH37_piezo,1.4148272493131763e-06,,1.5714220655562497e-06,,1.5109684072662715e-06,,2.6192301634918772e-06,,3.7055582542699974e-06,,3.679564391297743e-06,
2258,Classical_Unknown_piezo_to_Bird_Aspen_DH37_mic,3.991600844421204e-06,,5.8053424344861975e-06,,3.377612600439091e-06,,2.924447928132958e-06,,4.790825705528713e-06,,3.1034122609782598e-06,
2259,Classical_Unknown_piezo_to_Bird_Aspen_DH37_piezo,1.829844978443939e-06,,1.8994803227482894e-06,,2.388939981349208e-06,,3.0379718267862596e-06,,2.8848865639066956e-06,,4.287216104745709e-06,
2260,Classical_Unknown_mic_to_Bird_Aspen_DH37_mic,5.430729508266726e-06,,6.074960132280744e-06,,5.3326059790919016e-06,,2.124558134154864e-06,,2.0164501566861603e-06,,3.1776686317245654e-06,
2261,Classical_Unknown_mic_to_Bird_Aspen_DH37_piezo,1.5747725733377723e-06,,1.7038438817355504e-06,,1.6266740639498814e-06,,3.412406547987378e-06,,3.804404044696099e-06,,4.123832945274261e-06,
2262,Classical_Unknown_piezo_to_Bird_Aspen_DH37_mic,2.7119360731512633e-06,,6.521095798081737e-06,,3.079120652087539e-06,,2.616558621246556e-06,,3.836587740339012e-06,,3.938620635211026e-06,
2263,Classical_Unknown_piezo_to_Bird_Aspen_DH37_piezo,2.050633700780225e-06,,1.9841662349833774e-06,,1.986432763013933e-06,,2.9509973040353164e-06,,2.935304699376503e-06,,3.3163927947523567e-06,
2264,Classical_Unknown_mic_to_Bird_Aspen_DH37_mic,4.802145509102404e-06,,8.355366984564621e-06,,5.1450828599716635e-06,,2.295809329959681e-06,,2.1586667087713206e-06,,4.455180468115263e-06,
2265,Classical_Unknown_mic_to_Bird_Aspen_DH37_piezo,4.186248834773528e-06,,1.9093616435003082e-06,,1.7210635231894256e-06,,2.80008374152873e-06,,2.5452640964524848e-06,,3.950059946489738e-06,
2266,Classical_Unknown_piezo_to_Bird_Aspen_DH37_mic,3.0167273212564394e-06,,6.917274313061539e-06,,2.909712587700713e-06,,2.0739163807887883e-06,,3.1507790222517737e-06,,4.323073700875638e-06,
2267,Classical_Unknown_piezo_to_Bird_Aspen_DH37_piezo,2.516732635239145e-06,,2.0362208325366753e-06,,2.352653475768679e-06,,3.930943373814616e-06,,2.822524048120298e-06,,4.062962012697938e-06,
2268,Classical_Unknown_mic_to_Bird_Aspen_DH37_mic,6.9701327384838485e-06,,6.1048810046532275e-06,,4.826998736543233e-06,,3.008672952935278e-06,,2.852571581259821e-06,,3.5969581652037095e-06,
2269,Classical_Unknown_mic_to_Bird_Aspen_DH37_piezo,2.5729708935871577e-06,,1.7982401673631028e-06,,1.5199540152821319e-06,,2.8356825537390595e-06,,2.594601775723211e-06,,4.1146802483450856e-06,
2270,Classical_Unknown_piezo_to_Bird_Aspen_DH37_mic,3.3828168057456612e-06,,6.127671862839211e-06,,3.003042365674993e-06,,2.5520792642033686e-06,,4.183158152061891e-06,,2.744847779887756e-06,
2271,Classical_Unknown_piezo_to_Bird_Aspen_DH37_piezo,1.986135441107114e-06,,2.069360381202314e-06,,2.098881239344338e-06,,2.7495088332829868e-06,,2.7093187410341034e-06,,2.942442878759377e-06,
2272,Classical_Unknown_mic_to_Bird_Aspen_DH37_mic,3.3961572997055462e-06,,7.962570639364077e-06,,6.42423292407662e-06,,2.513670444517053e-06,,4.452025775269335e-06,,4.502868394378355e-06,
2273,Classical_Unknown_mic_to_Bird_Aspen_DH37_piezo,1.49653319001159e-06,,1.7137520443293926e-06,,1.6302016191940215e-06,,2.9768878042289433e-06,,3.622681962759279e-06,,4.108491699692022e-06,
2274,Classical_Unknown_piezo_to_Bird_Aspen_DH37_mic,2.6777064814710332e-06,,4.615238806708126e-06,,3.2092293198456327e-06,,2.4095909206888274e-06,,3.3958268130499897e-06,,2.9076416139128017e-06,
2275,Classical_Unknown_piezo_to_Bird_Aspen_DH37_piezo,2.1771318142265947e-06,,2.0192649271633857e-06,,2.0333054099371773e-06,,4.382406348267018e-06,,2.8396789424026203e-06,,3.225234237959001e-06,
2276,Classical_Unknown_mic_to_Bird_Aspen_DH37_mic,3.437057667243008e-06,,6.81551827799494e-06,,6.367492821067663e-06,,2.8045267387360532e-06,,3.2224010563609155e-06,,3.330806601888015e-06,
2277,Classical_Unknown_mic_to_Bird_Aspen_DH37_piezo,2.5467020414733108e-06,,1.7791827745208228e-06,,1.8001184267620299e-06,,3.182688929822082e-06,,2.7935956585412608e-06,,3.823361362717186e-06,
2278,Classical_Unknown_piezo_to_Bird_Aspen_DH37_mic,3.0785841245089966e-06,,4.303106030259619e-06,,2.912366500160827e-06,,3.0175066395281496e-06,,3.2753670974036523e-06,,4.999123952251395e-06,
2279,Classical_Unknown_piezo_to_Bird_Aspen_DH37_piezo,2.299158151687178e-06,,2.039811577369215e-06,,1.998519061799254e-06,,3.097200450026866e-06,,2.93186434908391e-06,,3.3971807011169355e-06,
2280,Classical_Unknown_mic_to_Bird_Aspen_DH37_mic,3.6694183069634865e-06,,2.100763136603005e-06,,2.9755159005323113e-06,,3.867780498398098e-06,,5.127675030570399e-06,,4.1892438095772e-06,
2281,Classical_Unknown_mic_to_Bird_Aspen_DH37_piezo,1.9820363578870077e-06,,1.930123408941539e-06,,1.9802195861592064e-06,,2.781001361320063e-06,,2.779187001465154e-06,,2.5088890511694553e-06,
2282,Classical_Unknown_piezo_to_Bird_Aspen_DH37_mic,2.467727450505015e-06,,2.8972098086717124e-06,,3.270608920081648e-06,,2.9986039749526992e-06,,3.3134214749443567e-06,,3.106072480738304e-06,
2283,Classical_Unknown_piezo_to_Bird_Aspen_DH37_piezo,3.215368924269496e-06,,2.948259345603884e-06,,2.8730458543033085e-06,,3.4902232724434838e-06,,3.504840011699165e-06,,4.433399317490534e-06,
2284,Classical_Unknown_mic_to_Bird_Aspen_DH37_mic,3.902763177893014e-06,,3.0483565022198104e-06,,6.44487560297074e-06,,2.6505563354186873e-06,,2.4760016782768587e-06,,4.420796520733898e-06,
2285,Classical_Unknown_mic_to_Bird_Aspen_DH37_piezo,2.6903956619939537e-06,,1.925378639674903e-06,,1.730042339090351e-06,,2.4800765598844138e-06,,2.7782902555790195e-06,,2.9959182239329828e-06,
2286,Classical_Unknown_piezo_to_Bird_Aspen_DH37_mic,5.459173579480915e-06,,3.3262247192431086e-06,,3.114349598070915e-06,,2.167618858971056e-06,,4.058181350529043e-06,,2.932888013384791e-06,
2287,Classical_Unknown_piezo_to_Bird_Aspen_DH37_piezo,2.1337145413500793e-06,,2.547226628331945e-06,,2.9757894212035242e-06,,2.971246070580091e-06,,3.1919079834530535e-06,,4.458390299374408e-06,
2288,Classical_Unknown_mic_to_Bird_Aspen_DH37_mic,3.043485477238404e-06,,3.173662575307034e-06,,6.327594721658024e-06,,2.9377642661605282e-06,,2.7932866299878493e-06,,2.851659098479953e-06,
2289,Classical_Unknown_mic_to_Bird_Aspen_DH37_piezo,1.906346978696445e-06,,1.7880840730164212e-06,,1.5833756666893916e-06,,3.199354298803485e-06,,3.193127870175525e-06,,3.5924710056594605e-06,
2290,Classical_Unknown_piezo_to_Bird_Aspen_DH37_mic,6.214328801920878e-06,,5.3414574184573045e-06,,3.5045743287345914e-06,,2.1124161486103766e-06,,3.9772263584827985e-06,,2.623450869905024e-06,
2291,Classical_Unknown_piezo_to_Bird_Aspen_DH37_piezo,2.2829213914112976e-06,,2.067290278994338e-06,,2.5160801612228098e-06,,2.9644940578776063e-06,,2.9179277254256727e-06,,3.716610117962693e-06,
2292,Classical_Unknown_mic_to_Bird_Aspen_DH37_mic,3.978902195293706e-06,,3.646457794023882e-06,,6.264964273829615e-06,,4.883953181353867e-06,,5.109350594825066e-06,,4.009676011740835e-06,
2293,Classical_Unknown_mic_to_Bird_Aspen_DH37_piezo,1.6411672863707596e-06,,1.5925244973672682e-06,,1.6334716068829622e-06,,4.102161102676407e-06,,4.133375819475048e-06,,3.7736312255001503e-06,
2294,Classical_Unknown_piezo_to_Bird_Aspen_DH37_mic,3.131920427127238e-06,,3.3952197539391983e-06,,3.0354235736474725e-06,,2.704914532745191e-06,,3.2185842141774853e-06,,2.8257558317148874e-06,
2295,Classical_Unknown_piezo_to_Bird_Aspen_DH37_piezo,1.9517861402808636e-06,,1.9193676281109614e-06,,1.8055660683730033e-06,,2.9653911219471127e-06,,2.6127311038827687e-06,,3.551031264284995e-06,
2296,Classical_Unknown_mic_to_Bird_Aspen_DH37_mic,7.1728369892561466e-06,,4.841945391317386e-06,,6.769555040710544e-06,,2.7327334961275946e-06,,2.9238031400888227e-06,,3.0750469964851983e-06,
2297,Classical_Unknown_mic_to_Bird_Aspen_DH37_piezo,1.9816848313320722e-06,,1.7190571442322685e-06,,1.5426870507906679e-06,,3.1452411931413264e-06,,3.189356440305142e-06,,3.4390203557151722e-06,
2298,Classical_Unknown_piezo_to_Bird_Aspen_DH37_mic,4.3087095129991776e-06,,3.078142872273527e-06,,3.7918418691702447e-06,,2.801889618079372e-06,,4.021909511289666e-06,,3.179014939363914e-06,
2299,Classical_Unknown_piezo_to_Bird_Aspen_DH37_piezo,2.118958657111128e-06,,1.9871522672980353e-06,,2.069976795759918e-06,,2.9245917446140604e-06,,2.7024910266199225e-06,,2.6546475091199626e-06,
2300,Classical_Unknown_mic_to_Bird_Aspen_DH37_mic,5.484743036927752e-06,,6.013229325126488e-06,,3.7301024735639703e-06,,4.746922524648478e-06,,5.07722810712085e-06,,5.237608406163574e-06,
2301,Classical_Unknown_mic_to_Bird_Aspen_DH37_piezo,3.410479937294023e-06,,4.984968072508176e-06,,1.957444072952218e-06,,2.1194062694187114e-06,,2.8013999961323353e-06,,3.0810052962866617e-06,
2302,Classical_Unknown_piezo_to_Bird_Aspen_DH37_mic,3.856336782923642e-06,,3.875596575395133e-06,,3.5600668540041706e-06,,2.8400993367707846e-06,,4.124694626840855e-06,,3.7832729944758232e-06,
2303,Classical_Unknown_piezo_to_Bird_Aspen_DH37_piezo,2.840228052954205e-06,,3.0554468864134758e-06,,2.2184881699954104e-06,,2.123976133973474e-06,,4.2476492438765264e-06,,2.9945708415964506e-06,
2304,Classical_Unknown_mic_to_good_takamine_EG523SC_mic,3.985608992638635e-06,,1.6390482968982788e-06,,2.137891408032225e-06,,2.3331337083598764e-06,,3.6505984531209936e-06,,4.514553137013042e-06,
2305,Classical_Unknown_mic_to_good_takamine_EG523SC_piezo,1.340318866704781e-06,,1.6035058533942133e-06,,1.7736012572059354e-06,,1.4279804693571156e-06,,1.7697082238107999e-06,,1.663238488626647e-06,
2306,Classical_Unknown_piezo_to_good_takamine_EG523SC_mic,1.248076249806884e-06,,1.3946830569544995e-06,,1.6173432140503707e-06,,3.2975627875537467e-06,,3.3251425983013945e-06,,2.84680930710887e-06,
2307,Classical_Unknown_piezo_to_good_takamine_EG523SC_piezo,1.190360077540056e-06,,1.2397310044219308e-06,,1.2582844185731174e-06,,1.4825010273276125e-06,,1.5747386890131796e-06,,1.259586116449917e-06,
2308,Classical_Unknown_mic_to_good_takamine_EG523SC_mic,1.4695598575389536e-06,,1.5368542812660381e-06,,1.8362679295620923e-06,,2.081373061629231e-06,,3.1320419607015707e-06,,4.932302501494347e-06,
2309,Classical_Unknown_mic_to_good_takamine_EG523SC_piezo,1.7244574159180981e-06,,2.152430605407911e-06,,1.6749658705587969e-06,,1.5733774589549096e-06,,2.1736954880444245e-06,,1.614325870649478e-06,
2310,Classical_Unknown_piezo_to_good_takamine_EG523SC_mic,1.634976131654e-06,,1.6804040712408454e-06,,1.6710113824239967e-06,,3.3268165341562633e-06,,3.7143728090625046e-06,,3.0492008917793265e-06,
2311,Classical_Unknown_piezo_to_good_takamine_EG523SC_piezo,1.2290567290769778e-06,,1.276667372299247e-06,,1.278910850330158e-06,,1.5796559431736204e-06,,1.654791439509633e-06,,1.293111690590228e-06,
2312,Classical_Unknown_mic_to_good_takamine_EG523SC_mic,1.6727855689929916e-06,,1.6894037912863469e-06,,1.918457666752713e-06,,2.2578497348862777e-06,,2.7313992358349514e-06,,3.939886250099633e-06,
2313,Classical_Unknown_mic_to_good_takamine_EG523SC_piezo,1.7672117726539754e-06,,1.9541873864769635e-06,,1.5695408906790454e-06,,1.6487898983922616e-06,,1.8473326602318598e-06,,1.612018331750343e-06,
2314,Classical_Unknown_piezo_to_good_takamine_EG523SC_mic,1.3204589075189515e-06,,1.4085949100766098e-06,,1.8197939889915435e-06,,3.1515033252926638e-06,,3.4987885082939265e-06,,4.04890075422517e-06,
2315,Classical_Unknown_piezo_to_good_takamine_EG523SC_piezo,1.1932854354842566e-06,,1.2550931655110645e-06,,1.3670411149516678e-06,,1.5115611170145628e-06,,1.6345826321633642e-06,,1.3843329524563713e-06,
2316,Classical_Unknown_mic_to_good_takamine_EG523SC_mic,1.4983063387938753e-06,,1.6045275025026258e-06,,1.7642843884189648e-06,,2.8080994312934647e-06,,3.1881223388319587e-06,,3.731659008191057e-06,
2317,Classical_Unknown_mic_to_good_takamine_EG523SC_piezo,2.9773703484529438e-06,,1.39738363443694e-06,,1.9025600452000673e-06,,2.3835524546081193e-06,,2.1134977224934773e-06,,1.6648878668371633e-06,
2318,Classical_Unknown_piezo_to_good_takamine_EG523SC_mic,1.2590217817883506e-06,,1.3305809309994359e-06,,1.641280246672904e-06,,3.1033113526609217e-06,,5.0839221937857485e-06,,2.7814902521774917e-06,
2319,Classical_Unknown_piezo_to_good_takamine_EG523SC_piezo,1.1268192855325355e-06,,2.1484791675331477e-06,,1.1993877038240842e-06,,1.0905348002435137e-06,,2.7310998653824407e-06,,1.195377015045252e-06,
2320,Classical_Unknown_mic_to_good_takamine_EG523SC_mic,1.4790343829132952e-06,,1.4946087775155079e-06,,1.7778498734406788e-06,,2.697071816890724e-06,,2.4241491474017014e-06,,4.147812920453373e-06,
2321,Classical_Unknown_mic_to_good_takamine_EG523SC_piezo,2.0252906945867285e-06,,1.8795211529305422e-06,,1.6345769213806086e-06,,2.1487765825710354e-06,,3.356319208875613e-06,,1.567105224376487e-06,
2322,Classical_Unknown_piezo_to_good_takamine_EG523SC_mic,1.203484352518435e-06,,1.3119437288674696e-06,,1.645401573816299e-06,,3.4571144457595193e-06,,5.571953725447294e-06,,2.79340835686258e-06,
2323,Classical_Unknown_piezo_to_good_takamine_EG523SC_piezo,1.1874043390865556e-06,,1.9119066098166753e-06,,1.1962093096540647e-06,,1.2141751144001107e-06,,2.5322488732291277e-06,,1.192406934275353e-06,
2324,Classical_Unknown_mic_to_good_takamine_EG523SC_mic,1.4020081529906554e-06,,1.4558431854185668e-06,,1.8698856201606928e-06,,3.5761729663146877e-06,,2.2721323250347255e-06,,3.8518048276311445e-06,
2325,Classical_Unknown_mic_to_good_takamine_EG523SC_piezo,1.6379115231291975e-06,,1.7594672286412793e-06,,1.6089469149898868e-06,,2.3694371181330057e-06,,3.2958240192321208e-06,,1.5625368554068543e-06,
2326,Classical_Unknown_piezo_to_good_takamine_EG523SC_mic,1.3091144187128332e-06,,1.3536784921796002e-06,,1.8055658967622584e-06,,3.576345491969952e-06,,5.196181536716188e-06,,3.438121223610725e-06,
2327,Classical_Unknown_piezo_to_good_takamine_EG523SC_piezo,1.3291542401356633e-06,,1.7955914131097004e-06,,1.2052099078737951e-06,,1.6729833251050572e-06,,2.00517722311427e-06,,1.2039578390185647e-06,
2328,Classical_Unknown_mic_to_good_takamine_EG523SC_mic,1.4119220886802003e-06,,1.5990930834794656e-06,,2.0001219879853796e-06,,3.03863435666378e-06,,5.0853121727235905e-06,,5.331128332957787e-06,
2329,Classical_Unknown_mic_to_good_takamine_EG523SC_piezo,1.7901949855779741e-06,,1.8625723149127673e-06,,2.340722051277763e-06,,1.6092763709231472e-06,,1.6095090351164074e-06,,1.8729663433999955e-06,
2330,Classical_Unknown_piezo_to_good_takamine_EG523SC_mic,1.0659430173299718e-06,,1.0773724872146827e-06,,1.5931489544025007e-06,,3.022976656627962e-06,,3.3416416625143142e-06,,3.222058860183201e-06,
2331,Classical_Unknown_piezo_to_good_takamine_EG523SC_piezo,1.324430700656711e-06,,1.4162633855813773e-06,,1.4463484355997826e-06,,1.7530389827134132e-06,,1.93495843194129e-06,,1.4790305589675048e-06,
2332,Classical_Unknown_mic_to_good_takamine_EG523SC_mic,1.2914412975992926e-06,,1.393464554865525e-06,,1.5443595311160313e-06,,4.274039358240256e-06,,5.465922617234559e-06,,5.0516521768281395e-06,
2333,Classical_Unknown_mic_to_good_takamine_EG523SC_piezo,2.49772644904746e-06,,2.3627197264951204e-06,,1.948564005710508e-06,,2.294359258447469e-06,,1.921617816986266e-06,,1.7134616622781737e-06,
2334,Classical_Unknown_piezo_to_good_takamine_EG523SC_mic,1.0893083087244643e-06,,1.1452874280246065e-06,,1.64816694900261e-06,,3.3068209489299473e-06,,4.069548662403356e-06,,3.033160281283752e-06,
2335,Classical_Unknown_piezo_to_good_takamine_EG523SC_piezo,1.3043595878544608e-06,,1.3751708207501815e-06,,1.367841674575837e-06,,1.8023250809708444e-06,,1.9455672896951217e-06,,1.38594836116604e-06,
2336,Classical_Unknown_mic_to_good_takamine_EG523SC_mic,1.606101729355274e-06,,1.416246618085812e-06,,1.4314327286640905e-06,,1.944343628894358e-06,,2.6003600743475905e-06,,5.439485708506367e-06,
2337,Classical_Unknown_mic_to_good_takamine_EG523SC_piezo,1.8691845046220573e-06,,2.5220905043816153e-06,,2.167322778755929e-06,,1.4748327878650174e-06,,2.187421868991655e-06,,1.9324499735139366e-06,
2338,Classical_Unknown_piezo_to_good_takamine_EG523SC_mic,1.1420147847269352e-06,,1.1713019214151914e-06,,1.5905678150084067e-06,,3.493044909032251e-06,,4.708586211284909e-06,,2.772369505929759e-06,
2339,Classical_Unknown_piezo_to_good_takamine_EG523SC_piezo,1.3080826976510863e-06,,1.3835045583206824e-06,,1.2607813060178936e-06,,1.780934871454075e-06,,1.8996004064791115e-06,,1.281647725421051e-06,
2340,Classical_Unknown_mic_to_good_takamine_EG523SC_mic,1.325084721077067e-06,,1.567113970156818e-06,,1.9382041536791053e-06,,3.201437916244651e-06,,5.749751457945769e-06,,5.187323419730277e-06,
2341,Classical_Unknown_mic_to_good_takamine_EG523SC_piezo,1.497047160943649e-06,,1.3663186165025818e-06,,1.5996549553219203e-06,,1.5298879520586154e-06,,1.998463770438759e-06,,1.5512552213459115e-06,
2342,Classical_Unknown_piezo_to_good_takamine_EG523SC_mic,1.1804709332392191e-06,,1.1516936991937019e-06,,1.7099750631967674e-06,,3.6089631177738735e-06,,3.664341836293902e-06,,3.2461013340776608e-06,
2343,Classical_Unknown_piezo_to_good_takamine_EG523SC_piezo,1.132887655343116e-06,,9.665198992805755e-07,,1.1972979849481433e-06,,1.117305451877395e-06,,1.1485770364592378e-06,,1.2011703767418301e-06,
2344,Classical_Unknown_mic_to_good_takamine_EG523SC_mic,1.2578800667880045e-06,,1.4022314934702876e-06,,1.5525653091166777e-06,,4.145773923196324e-06,,5.3347524283466135e-06,,5.295489435877591e-06,
2345,Classical_Unknown_mic_to_good_takamine_EG523SC_piezo,1.3824251796574063e-06,,1.5428111579799451e-06,,1.7871541362818943e-06,,1.592315380243939e-06,,1.9036971068721741e-06,,1.6070907299995393e-06,
2346,Classical_Unknown_piezo_to_good_takamine_EG523SC_mic,1.200540794510751e-06,,1.2021899310914642e-06,,1.6634148545317638e-06,,3.879453466096331e-06,,4.399070995223518e-06,,2.897739453594262e-06,
2347,Classical_Unknown_piezo_to_good_takamine_EG523SC_piezo,1.1485504116861315e-06,,1.0234799290699407e-06,,1.2008607871697528e-06,,1.1415956028695038e-06,,1.2943192419206933e-06,,1.199212059897744e-06,
2348,Classical_Unknown_mic_to_good_takamine_EG523SC_mic,1.231834801709429e-06,,1.332264119081845e-06,,1.502869490584274e-06,,3.871577973288258e-06,,3.88183990670191e-06,,4.969546127416619e-06,
2349,Classical_Unknown_mic_to_good_takamine_EG523SC_piezo,1.934227821580266e-06,,1.3882504134357655e-06,,1.7507962660922993e-06,,2.3657006174226797e-06,,2.58145337673406e-06,,1.613255966008872e-06,
2350,Classical_Unknown_piezo_to_good_takamine_EG523SC_mic,1.248847936536143e-06,,1.2445645938096831e-06,,1.6248769268782826e-06,,3.394594898448558e-06,,5.374016251210351e-06,,2.749974697860444e-06,
2351,Classical_Unknown_piezo_to_good_takamine_EG523SC_piezo,1.1306788564100156e-06,,1.1445031404637998e-06,,1.2001222011858804e-06,,1.110768968567928e-06,,1.5592095423523747e-06,,1.196665799929756e-06,
2352,Classical_Unknown_mic_to_good_takamine_EG523SC_mic,1.470696588768023e-06,,1.6328095668401206e-06,,1.7129908738289483e-06,,2.282001804627853e-06,,3.6707710543860267e-06,,3.706576923958473e-06,
2353,Classical_Unknown_mic_to_good_takamine_EG523SC_piezo,2.3252557217662694e-06,,2.2338529569264765e-06,,1.7317175547849357e-06,,1.6115295483107582e-06,,1.943207951742206e-06,,1.6240120587634991e-06,
2354,Classical_Unknown_piezo_to_good_takamine_EG523SC_mic,1.645517640530791e-06,,1.3592820301499707e-06,,1.4814134320051575e-06,,3.348854801211824e-06,,4.225227586721133e-06,,3.322338910144155e-06,
2355,Classical_Unknown_piezo_to_good_takamine_EG523SC_piezo,1.2157985945819087e-06,,1.3335035593768756e-06,,1.4914695117362015e-06,,1.531411254417428e-06,,1.6464084470239834e-06,,1.6854996203313933e-06,
2356,Classical_Unknown_mic_to_good_takamine_EG523SC_mic,1.4241638083383207e-06,,1.5348087512759131e-06,,1.6989783864546251e-06,,2.7593065711560097e-06,,2.5615692521446042e-06,,3.976048548094198e-06,
2357,Classical_Unknown_mic_to_good_takamine_EG523SC_piezo,1.7588673635122572e-06,,2.716820169337094e-06,,1.7488960777529104e-06,,2.2800201627233296e-06,,2.451539250777749e-06,,1.6396587793924723e-06,
2358,Classical_Unknown_piezo_to_good_takamine_EG523SC_mic,1.2945412336867604e-06,,1.2281630667095671e-06,,1.6942957367626225e-06,,2.6788034420927498e-06,,4.409772040067206e-06,,3.1934717796889933e-06,
2359,Classical_Unknown_piezo_to_good_takamine_EG523SC_piezo,1.4017928797834491e-06,,1.2648346653575445e-06,,1.2317910337372458e-06,,1.6182933674383546e-06,,1.6340337359213421e-06,,1.2325944506660835e-06,
2360,Classical_Unknown_mic_to_good_takamine_EG523SC_mic,2.1798128976233637e-06,,2.4711176042232794e-06,,2.05055243258072e-06,,3.538854119645828e-06,,1.7458770580445098e-06,,2.4181483595301752e-06,
2361,Classical_Unknown_mic_to_good_takamine_EG523SC_piezo,1.6841743695697586e-06,,1.9970093674525908e-06,,2.058433774423828e-06,,2.1657667059768644e-06,,2.2518455141519144e-06,,1.651211125885252e-06,
2362,Classical_Unknown_piezo_to_good_takamine_EG523SC_mic,1.9087904731661814e-06,,1.986542262740639e-06,,1.6483372546947775e-06,,3.7151568461330472e-06,,3.0338234688030004e-06,,3.6436076556725332e-06,
2363,Classical_Unknown_piezo_to_good_takamine_EG523SC_piezo,1.342949639409233e-06,,1.180122183549958e-06,,1.3512966457576702e-06,,1.5782533311762447e-06,,1.5705660646616994e-06,,1.3803396461386478e-06,
2364,Classical_Unknown_mic_to_good_takamine_EG523SC_mic,1.4963003310205423e-06,,1.7492872880623496e-06,,1.7324945966656548e-06,,1.9775401918645016e-06,,3.2227728695110616e-06,,3.4217322027641664e-06,
2365,Classical_Unknown_mic_to_good_takamine_EG523SC_piezo,1.3074538144776916e-06,,1.7905151590134501e-06,,1.7293575757119634e-06,,1.5146349694304685e-06,,2.486663381954658e-06,,1.5854700594393499e-06,
2366,Classical_Unknown_piezo_to_good_takamine_EG523SC_mic,1.5193445079642204e-06,,1.272383549436349e-06,,1.7464982647552578e-06,,2.2244358875382836e-06,,5.463928610985051e-06,,3.263599879883875e-06,
2367,Classical_Unknown_piezo_to_good_takamine_EG523SC_piezo,1.125861039508048e-06,,1.96325383187851e-06,,1.1984193411356138e-06,,1.083311377412419e-06,,2.5082004781835633e-06,,1.194403041000013e-06,
2368,Classical_Unknown_mic_to_good_takamine_EG523SC_mic,3.027185481607802e-06,,2.6573096198035156e-06,,1.7087797521942101e-06,,2.0236441174800536e-06,,2.101520248279635e-06,,3.3066634216614834e-06,
2369,Classical_Unknown_mic_to_good_takamine_EG523SC_piezo,1.6217629503794624e-06,,1.7279762946298645e-06,,1.6278462025203637e-06,,2.640585034804164e-06,,3.766885525237189e-06,,1.5485634595571027e-06,
2370,Classical_Unknown_piezo_to_good_takamine_EG523SC_mic,1.7515663594237434e-06,,1.7574575428224388e-06,,1.8349441557614095e-06,,2.689611782094388e-06,,2.9971248627979506e-06,,3.1684210220054763e-06,
2371,Classical_Unknown_piezo_to_good_takamine_EG523SC_piezo,1.1519372022434296e-06,,1.4183779114653987e-06,,1.2086339323383958e-06,,1.3617734109044534e-06,,1.8784557838000608e-06,,1.1996956320265375e-06,
2372,Classical_Unknown_mic_to_good_takamine_EG523SC_mic,2.9590734196105015e-06,,2.753035018398925e-06,,1.6781389657688972e-06,,1.5901450669120902e-06,,1.766532411083055e-06,,3.7621222421908255e-06,
2373,Classical_Unknown_mic_to_good_takamine_EG523SC_piezo,1.6544752003998576e-06,,2.2068245845620695e-06,,1.6261437164684655e-06,,2.2422162029399635e-06,,3.56675983910654e-06,,1.5519578709011355e-06,
2374,Classical_Unknown_piezo_to_good_takamine_EG523SC_mic,1.5494495484709633e-06,,1.8617193675829136e-06,,1.8072953109620414e-06,,2.3871054816056072e-06,,3.443523128760342e-06,,4.602672261258716e-06,
2375,Classical_Unknown_piezo_to_good_takamine_EG523SC_piezo,1.3760986964451213e-06,,1.4029185468573658e-06,,1.2129925945222546e-06,,1.6505718155721266e-06,,2.253124929797892e-06,,1.2145445064835502e-06,
2376,Classical_Unknown_mic_to_good_takamine_EG523SC_mic,1.389981722971194e-06,,1.5699923286235333e-06,,1.913844073962138e-06,,3.1738439890959157e-06,,5.318662018176414e-06,,5.5812668663556625e-06,
2377,Classical_Unknown_mic_to_good_takamine_EG523SC_piezo,1.7841820333128854e-06,,1.89657911062356e-06,,2.287438126400391e-06,,1.5228430297038924e-06,,1.5788007112636676e-06,,1.8126027613803104e-06,
2378,Classical_Unknown_piezo_to_good_takamine_EG523SC_mic,1.054785474677612e-06,,1.074667370948414e-06,,1.623808746997438e-06,,2.9911550802803374e-06,,3.310045223144018e-06,,3.071374143234578e-06,
2379,Classical_Unknown_piezo_to_good_takamine_EG523SC_piezo,1.3078058211179661e-06,,1.3926539315350863e-06,,1.3987768509210763e-06,,1.7643891763673837e-06,,1.9592354409879056e-06,,1.4237999483511054e-06,
2380,Classical_Unknown_mic_to_good_takamine_EG523SC_mic,1.29708671690029e-06,,1.4024564747442635e-06,,1.4563832500598327e-06,,4.682379456252169e-06,,5.7007742057376065e-06,,4.810980452026676e-06,
2381,Classical_Unknown_mic_to_good_takamine_EG523SC_piezo,2.6993280724041227e-06,,2.3889988666790996e-06,,2.0921187027966016e-06,,2.234405730528833e-06,,1.9080562368734443e-06,,1.8001714804575128e-06,
2382,Classical_Unknown_piezo_to_good_takamine_EG523SC_mic,1.1041518147106368e-06,,1.1505048254226977e-06,,1.6020037775547637e-06,,3.5014848611680715e-06,,4.1056682001216265e-06,,2.8294823962844877e-06,
2383,Classical_Unknown_piezo_to_good_takamine_EG523SC_piezo,1.3557405553498657e-06,,1.4060424051699186e-06,,1.310903590246877e-06,,1.877348169158193e-06,,1.98920034962193e-06,,1.3306497486393335e-06,
2384,Classical_Unknown_mic_to_good_takamine_EG523SC_mic,1.4678055809340773e-06,,1.4032873225524183e-06,,1.4019661491716072e-06,,2.2143256668376544e-06,,3.093535928672705e-06,,4.776503139602657e-06,
2385,Classical_Unknown_mic_to_good_takamine_EG523SC_piezo,2.1294029093302634e-06,,2.357985462597413e-06,,1.9046071529712087e-06,,1.8858500653785355e-06,,1.947402316380769e-06,,1.7064607061882843e-06,
2386,Classical_Unknown_piezo_to_good_takamine_EG523SC_mic,1.1126895593715534e-06,,1.1606903212427979e-06,,1.5940713400338978e-06,,3.2212752543818566e-06,,4.588156658286868e-06,,2.7508652511788655e-06,
2387,Classical_Unknown_piezo_to_good_takamine_EG523SC_piezo,1.2668033348760465e-06,,1.3758676226923432e-06,,1.2568278107300662e-06,,1.7067739924604969e-06,,1.9448729984435877e-06,,1.2719483355211338e-06,
2388,Classical_Unknown_mic_to_good_takamine_EG523SC_mic,1.328876603676996e-06,,1.63243654515084e-06,,1.995284577283898e-06,,3.0506039487215234e-06,,5.446910023567706e-06,,5.396244667245556e-06,
2389,Classical_Unknown_mic_to_good_takamine_EG523SC_piezo,1.3720899598518105e-06,,1.3621436777707386e-06,,1.5977917672301912e-06,,1.6257450575866815e-06,,1.932540153708732e-06,,1.5518244092031361e-06,
2390,Classical_Unknown_piezo_to_good_takamine_EG523SC_mic,1.150864380430425e-06,,1.1452486774397263e-06,,1.7005657638267125e-06,,3.2778684400095374e-06,,3.6182020026194617e-06,,3.1886272577515786e-06,
2391,Classical_Unknown_piezo_to_good_takamine_EG523SC_piezo,1.1914711658058717e-06,,9.861865748642556e-07,,1.1926620345941993e-06,,1.1732124008881347e-06,,1.174405467305078e-06,,1.1962144031302727e-06,
2392,Classical_Unknown_mic_to_good_takamine_EG523SC_mic,1.270812119582109e-06,,1.4063642339631035e-06,,1.5803116505501986e-06,,3.6728750376479035e-06,,5.599219182088397e-06,,5.997894914371517e-06,
2393,Classical_Unknown_mic_to_good_takamine_EG523SC_piezo,1.4138422648586355e-06,,1.5904037552271308e-06,,1.7196480272638174e-06,,1.5805214419673837e-06,,1.932286261697027e-06,,1.5826065131610556e-06,
2394,Classical_Unknown_piezo_to_good_takamine_EG523SC_mic,1.190112225346173e-06,,1.1987694267090666e-06,,1.656314196562303e-06,,3.7214713347816118e-06,,4.378600440365178e-06,,2.8434166130448218e-06,
2395,Classical_Unknown_piezo_to_good_takamine_EG523SC_piezo,1.1964628402970938e-06,,1.0502695742403076e-06,,1.1998388262062806e-06,,1.1638735854044347e-06,,1.355483069519953e-06,,1.197933547347961e-06,
2396,Classical_Unknown_mic_to_good_takamine_EG523SC_mic,1.2502970266543968e-06,,1.359978659725016e-06,,1.4735695971663468e-06,,3.6703432447459967e-06,,3.865611723754984e-06,,5.551157528788075e-06,
2397,Classical_Unknown_mic_to_good_takamine_EG523SC_piezo,1.6862088526509118e-06,,1.9661484003306265e-06,,1.6592843245573289e-06,,2.1987237808947362e-06,,2.6339475710303888e-06,,1.6879763980062106e-06,
2398,Classical_Unknown_piezo_to_good_takamine_EG523SC_mic,1.250133873366715e-06,,1.2420823616869859e-06,,1.610167432187523e-06,,3.141022881292073e-06,,5.348984939211841e-06,,2.684414198208403e-06,
2399,Classical_Unknown_piezo_to_good_takamine_EG523SC_piezo,1.153635327151809e-06,,1.1570419585226503e-06,,1.1971724422729453e-06,,1.112106504124139e-06,,1.6213874507237137e-06,,1.1930161894303872e-06,
2400,Classical_Unknown_mic_to_good_takamine_EG523SC_mic,1.343862355576178e-06,,1.402818016943778e-06,,1.8589428850563602e-06,,3.1125344266984447e-06,,3.0834769065189496e-06,,3.957694162719279e-06,
2401,Classical_Unknown_mic_to_good_takamine_EG523SC_piezo,1.8258637011672857e-06,,2.4257458619681986e-06,,1.7428546336549e-06,,2.2420391497997464e-06,,1.8376588784099054e-06,,1.5875869657777038e-06,
2402,Classical_Unknown_piezo_to_good_takamine_EG523SC_mic,1.4480875696120324e-06,,1.3650294299241222e-06,,1.7042605902881798e-06,,2.2299536916559437e-06,,4.400290846501767e-06,,3.2175796066578276e-06,
2403,Classical_Unknown_piezo_to_good_takamine_EG523SC_piezo,1.2828198967846619e-06,,1.2221661455459522e-06,,1.2135215075259288e-06,,1.416701579590008e-06,,1.5720625143911818e-06,,1.2107923943953914e-06,
2404,Classical_Unknown_mic_to_good_takamine_EG523SC_mic,1.7246065935803133e-06,,1.7147660309338385e-06,,2.319201825427127e-06,,2.5057140411069587e-06,,2.332521299496791e-06,,4.6274937287870176e-06,
2405,Classical_Unknown_mic_to_good_takamine_EG523SC_piezo,1.4460270066096176e-06,,1.559901401259881e-06,,1.6975723317254574e-06,,2.988806483330035e-06,,3.4347908787873585e-06,,1.6026173964199176e-06,
2406,Classical_Unknown_piezo_to_good_takamine_EG523SC_mic,1.750117596758901e-06,,1.3721759883307002e-06,,1.6820414106458457e-06,,2.6106377715228886e-06,,4.459271469741938e-06,,4.0447729238317905e-06,
2407,Classical_Unknown_piezo_to_good_takamine_EG523SC_piezo,1.231658649397543e-06,,1.2137067810473998e-06,,1.3726545365855893e-06,,1.3617097318770957e-06,,1.6771971730219257e-06,,1.9432862029475654e-06,
2408,Classical_Unknown_mic_to_good_takamine_EG523SC_mic,1.5178024020392247e-06,,1.558082552803927e-06,,2.179658713764188e-06,,3.5376958874728333e-06,,2.397036687019617e-06,,4.219721084520366e-06,
2409,Classical_Unknown_mic_to_good_takamine_EG523SC_piezo,1.821853067166428e-06,,2.403173405659543e-06,,1.700300489461608e-06,,2.7292495935775107e-06,,2.892806487307651e-06,,1.606972268921222e-06,
2410,Classical_Unknown_piezo_to_good_takamine_EG523SC_mic,1.6889012031880954e-06,,1.3656636450812786e-06,,1.7345031100071504e-06,,3.4126476222455505e-06,,5.270044027529907e-06,,4.401347671447147e-06,
2411,Classical_Unknown_piezo_to_good_takamine_EG523SC_piezo,1.165126892494571e-06,,1.2418909244113563e-06,,1.2693112083271646e-06,,1.3389526314566573e-06,,1.5700893109352052e-06,,1.3271940193937528e-06,
2412,Classical_Unknown_mic_to_good_takamine_EG523SC_mic,1.3835207720054673e-06,,1.3719019550124702e-06,,1.6319456597283076e-06,,3.025064163331878e-06,,2.8360069747831202e-06,,4.374155538951517e-06,
2413,Classical_Unknown_mic_to_good_takamine_EG523SC_piezo,1.7160531758463657e-06,,1.6307903953487373e-06,,1.6668258537838281e-06,,2.202906275743903e-06,,3.1070682295524994e-06,,1.5693594287220157e-06,
2414,Classical_Unknown_piezo_to_good_takamine_EG523SC_mic,1.3564172562000268e-06,,1.3621741661651561e-06,,1.6904058011033466e-06,,2.343483915769269e-06,,3.569310217582958e-06,,3.0851782034900847e-06,
2415,Classical_Unknown_piezo_to_good_takamine_EG523SC_piezo,1.1340447133997944e-06,,2.127672534067048e-06,,1.1975334260305272e-06,,1.0903096743719111e-06,,2.5513959777109926e-06,,1.1951383398862354e-06,
2416,Classical_Unknown_mic_to_good_takamine_EG523SC_mic,1.509836434326926e-06,,1.573844203036496e-06,,2.237948930933775e-06,,2.7084040213891073e-06,,2.8466153475329716e-06,,6.00495282930998e-06,
2417,Classical_Unknown_mic_to_good_takamine_EG523SC_piezo,1.7774542624816587e-06,,1.3457927555428975e-06,,1.6906303046032831e-06,,2.7360745790689885e-06,,2.4003984480002717e-06,,1.5760683936685475e-06,
2418,Classical_Unknown_piezo_to_good_takamine_EG523SC_mic,1.2535006930393724e-06,,1.3318363256034685e-06,,1.684471560505257e-06,,3.402808260408136e-06,,4.438607372309564e-06,,3.1034290244160372e-06,
2419,Classical_Unknown_piezo_to_good_takamine_EG523SC_piezo,1.355334292063065e-06,,2.128468009117439e-06,,1.2002318729359083e-06,,1.511720716946972e-06,,2.0214957986042215e-06,,1.2034157901700153e-06,
2420,Classical_Unknown_mic_to_good_takamine_EG523SC_mic,1.527663702369938e-06,,1.5222408910272145e-06,,2.2133950371363036e-06,,2.7852962888480633e-06,,2.7606511930534465e-06,,5.063358977219421e-06,
2421,Classical_Unknown_mic_to_good_takamine_EG523SC_piezo,2.461498911844169e-06,,1.7853565380885185e-06,,1.6513266257965103e-06,,1.7762185786046952e-06,,2.9060426049345363e-06,,1.557045967095287e-06,
2422,Classical_Unknown_piezo_to_good_takamine_EG523SC_mic,1.447350995695496e-06,,1.338211660681786e-06,,1.8773043116881053e-06,,2.3421399706335475e-06,,4.427833426135182e-06,,3.998775519304063e-06,
2423,Classical_Unknown_piezo_to_good_takamine_EG523SC_piezo,1.6234545396277625e-06,,1.6617199224137794e-06,,1.225445900900162e-06,,1.35727072044473e-06,,1.6814917769878532e-06,,1.2391562549086343e-06,
2424,Classical_Unknown_mic_to_good_takamine_EG523SC_mic,2.0251704367258213e-06,,1.8517902855596514e-06,,2.07036311679825e-06,,4.643247719872177e-06,,5.061167832167663e-06,,3.4244123011292198e-06,
2425,Classical_Unknown_mic_to_good_takamine_EG523SC_piezo,1.4876574557656273e-06,,2.138746014121631e-06,,2.101426125045655e-06,,1.940499012596844e-06,,1.836659604217318e-06,,1.7073377880997816e-06,
2426,Classical_Unknown_piezo_to_good_takamine_EG523SC_mic,1.24027999252458e-06,,1.2355883145295538e-06,,1.7603058523099407e-06,,4.291398118475229e-06,,4.740341223692827e-06,,4.776469993410574e-06,
2427,Classical_Unknown_piezo_to_good_takamine_EG523SC_piezo,1.3853069830554924e-06,,1.4495783726166425e-06,,1.6954318947241646e-06,,1.815099464338694e-06,,1.917256058359597e-06,,1.7502568484474324e-06,
2428,Classical_Unknown_mic_to_good_takamine_EG523SC_mic,2.0112838604652667e-06,,3.254408195027911e-06,,2.8725069960885243e-06,,4.679150002685329e-06,,4.973768627310867e-06,,3.580428687350642e-06,
2429,Classical_Unknown_mic_to_good_takamine_EG523SC_piezo,1.7850030528852599e-06,,2.3409526263129024e-06,,2.1994527652308516e-06,,1.558760844102796e-06,,2.07291526462751e-06,,1.5988117490067866e-06,
2430,Classical_Unknown_piezo_to_good_takamine_EG523SC_mic,1.3069214538723833e-06,,1.204917860677338e-06,,1.7740620384833928e-06,,3.549841940250425e-06,,4.464343190753124e-06,,4.146022211038186e-06,
2431,Classical_Unknown_piezo_to_good_takamine_EG523SC_piezo,1.4033444089730807e-06,,1.506842974229506e-06,,1.3721129839831267e-06,,1.7502025122995648e-06,,2.0159030161261685e-06,,1.4059072943380305e-06,
2432,Classical_Unknown_mic_to_good_takamine_EG523SC_mic,1.9764618663985e-06,,2.6317358681053046e-06,,2.4406502231471166e-06,,2.8801429949615993e-06,,3.453506184470615e-06,,3.815721540476364e-06,
2433,Classical_Unknown_mic_to_good_takamine_EG523SC_piezo,1.7219573961772273e-06,,2.2865299756331e-06,,1.937267740064851e-06,,1.6595738474141666e-06,,1.980070699826618e-06,,1.7219873592807294e-06,
2434,Classical_Unknown_piezo_to_good_takamine_EG523SC_mic,1.3205636283420758e-06,,1.2448116844347182e-06,,1.8024491417291359e-06,,2.804544964025922e-06,,3.941817298004483e-06,,3.551692488432292e-06,
2435,Classical_Unknown_piezo_to_good_takamine_EG523SC_piezo,1.3773819473245311e-06,,1.4772200766586801e-06,,1.3313785322784552e-06,,1.7561540781751894e-06,,1.9633728303600576e-06,,1.3642755666431742e-06,
2436,Classical_Unknown_mic_to_good_takamine_EG523SC_mic,1.5732996729235902e-06,,2.0327003616445543e-06,,2.5451782967055224e-06,,3.956071135867353e-06,,5.783633160349729e-06,,4.685955302319662e-06,
2437,Classical_Unknown_mic_to_good_takamine_EG523SC_piezo,1.4755633867734589e-06,,1.7122717676553175e-06,,1.6401894952150374e-06,,1.3479590538150596e-06,,1.6438400216092052e-06,,1.5314570472578392e-06,
2438,Classical_Unknown_piezo_to_good_takamine_EG523SC_mic,1.2593230468902478e-06,,1.2095808988108833e-06,,1.674238912201117e-06,,4.5419198029189606e-06,,4.511310408642069e-06,,4.5112210048460255e-06,
2439,Classical_Unknown_piezo_to_good_takamine_EG523SC_piezo,1.7469956530201934e-06,,1.06679441509822e-06,,1.2054875996710548e-06,,1.8366299313089675e-06,,1.2390267689766335e-06,,1.2160798544667976e-06,
2440,Classical_Unknown_mic_to_good_takamine_EG523SC_mic,1.8280086761705709e-06,,2.850957050594334e-06,,2.452960228288442e-06,,5.139145266824768e-06,,5.204324017813453e-06,,4.365966716695928e-06,
2441,Classical_Unknown_mic_to_good_takamine_EG523SC_piezo,1.4404619660897356e-06,,1.6252457029590133e-06,,1.605835027607496e-06,,1.4553337401197976e-06,,1.8036821757272697e-06,,1.6334929707747237e-06,
2442,Classical_Unknown_piezo_to_good_takamine_EG523SC_mic,1.2207149520840378e-06,,1.2056254471284378e-06,,1.8393791643372033e-06,,4.1439696607526134e-06,,4.592322561358937e-06,,3.487751819863238e-06,
2443,Classical_Unknown_piezo_to_good_takamine_EG523SC_piezo,1.1636605779035123e-06,,1.1319430479482639e-06,,1.2110719231610483e-06,,1.3645401911872943e-06,,1.7926070529981072e-06,,1.214027894922898e-06,
2444,Classical_Unknown_mic_to_good_takamine_EG523SC_mic,1.718149416064767e-06,,2.350422394769166e-06,,2.067934436139978e-06,,3.5990724522322946e-06,,3.7934695595313886e-06,,4.22000647194704e-06,
2445,Classical_Unknown_mic_to_good_takamine_EG523SC_piezo,1.6596097937195014e-06,,1.9571250375167455e-06,,1.5515742856366896e-06,,1.926939660667114e-06,,2.8162316618279982e-06,,1.6848471965582689e-06,
2446,Classical_Unknown_piezo_to_good_takamine_EG523SC_mic,1.2670999930927499e-06,,1.2442143896141818e-06,,1.6875206915777958e-06,,3.149502925448836e-06,,5.591788577918781e-06,,2.930710155392451e-06,
2447,Classical_Unknown_piezo_to_good_takamine_EG523SC_piezo,1.2355185547287616e-06,,1.6819960805544012e-06,,1.2111393473013276e-06,,1.1810366687360782e-06,,2.197767164082648e-06,,1.2090380805945566e-06,
2448,Classical_Unknown_mic_to_AJ_JJasmine_JF37CD_mic,5.6791619898171215e-06,,5.701152044469962e-06,,5.214357225918133e-06,,3.5431855304441265e-06,,4.401605800222088e-06,,3.347547471767772e-06,
2449,Classical_Unknown_mic_to_AJ_JJasmine_JF37CD_piezo,2.1112971492576007e-06,,2.834485591533061e-06,,2.290844751677776e-06,,2.7272101495664056e-06,,2.749399436436057e-06,,3.3895474984453916e-06,
2450,Classical_Unknown_piezo_to_AJ_JJasmine_JF37CD_mic,2.203579937539937e-06,,2.3183418943241845e-06,,3.6196634950529786e-06,,3.815150735437394e-06,,4.966296071068461e-06,,2.279045466207793e-06,
2451,Classical_Unknown_piezo_to_AJ_JJasmine_JF37CD_piezo,5.594719201475245e-06,,7.307618446342322e-06,,6.946364136690849e-06,,2.722620317474272e-06,,2.9446297433692544e-06,,3.6411541402420927e-06,
2452,Classical_Unknown_mic_to_AJ_JJasmine_JF37CD_mic,2.4606511978529917e-06,,4.138613719005556e-06,,7.900935443603885e-06,,3.5971045653319346e-06,,3.722860313748731e-06,,3.0704191557663967e-06,
2453,Classical_Unknown_mic_to_AJ_JJasmine_JF37CD_piezo,2.6131825200908315e-06,,3.2426130896350837e-06,,2.2184307841238575e-06,,2.1168068734441875e-06,,3.0532975498595614e-06,,3.4341101381532973e-06,
2454,Classical_Unknown_piezo_to_AJ_JJasmine_JF37CD_mic,3.122571421253907e-06,,3.944906191963472e-06,,3.3658314855905702e-06,,3.2187073783022964e-06,,3.7642166465356072e-06,,2.6825496812838995e-06,
2455,Classical_Unknown_piezo_to_AJ_JJasmine_JF37CD_piezo,4.055973845872045e-06,,3.261762534425095e-06,,6.159293181334602e-06,,3.1412704505825855e-06,,3.2518370860115328e-06,,2.7532355605985567e-06,
2456,Classical_Unknown_mic_to_AJ_JJasmine_JF37CD_mic,3.2037983066198584e-06,,4.066937337950109e-06,,6.490624812566117e-06,,3.6563293400825325e-06,,3.5373927563473735e-06,,2.6968721694094783e-06,
2457,Classical_Unknown_mic_to_AJ_JJasmine_JF37CD_piezo,2.2068751525289916e-06,,2.885349036503253e-06,,2.368992629801283e-06,,2.1610114955068235e-06,,2.3304278698251087e-06,,4.63449047856199e-06,
2458,Classical_Unknown_piezo_to_AJ_JJasmine_JF37CD_mic,2.0516175628136462e-06,,1.931650968484713e-06,,3.094995246422264e-06,,3.946677996347104e-06,,4.046703548881006e-06,,3.5792830820418523e-06,
2459,Classical_Unknown_piezo_to_AJ_JJasmine_JF37CD_piezo,6.155968164580857e-06,,6.7092035639097595e-06,,8.53859505532563e-06,,3.1077162764741573e-06,,2.412377112879193e-06,,4.160864832784485e-06,
2460,Classical_Unknown_mic_to_AJ_JJasmine_JF37CD_mic,2.526013766216097e-06,,7.313734566850481e-06,,4.111789098249762e-06,,2.2895016773768516e-06,,4.867292016763664e-06,,3.771185749834375e-06,
2461,Classical_Unknown_mic_to_AJ_JJasmine_JF37CD_piezo,2.5127480546298284e-06,,2.396912393015446e-06,,1.958381114787317e-06,,2.017933220268616e-06,,3.5850429426192803e-06,,2.7213722859516763e-06,
2462,Classical_Unknown_piezo_to_AJ_JJasmine_JF37CD_mic,2.805423190326484e-06,,2.9841986034086005e-06,,3.5710534308601783e-06,,2.538527713793964e-06,,5.003967824279698e-06,,2.359204515804285e-06,
2463,Classical_Unknown_piezo_to_AJ_JJasmine_JF37CD_piezo,2.9936447181667764e-06,,5.47339583132461e-06,,5.941665921523832e-06,,3.384861343401363e-06,,2.5086685100053013e-06,,3.951677318502136e-06,
2464,Classical_Unknown_mic_to_AJ_JJasmine_JF37CD_mic,3.349061813953986e-06,,4.711648292967198e-06,,5.070258427128118e-06,,2.906574202116525e-06,,3.957888135395845e-06,,3.1245623849919713e-06,
2465,Classical_Unknown_mic_to_AJ_JJasmine_JF37CD_piezo,2.4171716162272876e-06,,2.377434125635904e-06,,2.01622462097836e-06,,1.9942508977590662e-06,,3.656753006625864e-06,,2.585308628570112e-06,
2466,Classical_Unknown_piezo_to_AJ_JJasmine_JF37CD_mic,2.4851136647601754e-06,,2.775404590282698e-06,,3.7063446490111e-06,,3.9230152888246975e-06,,4.867754507426118e-06,,2.5807177884071377e-06,
2467,Classical_Unknown_piezo_to_AJ_JJasmine_JF37CD_piezo,8.55199813456936e-06,,6.944461631470943e-06,,5.532235415806212e-06,,4.130808404782174e-06,,3.219088408683516e-06,,4.315537680063569e-06,
2468,Classical_Unknown_mic_to_AJ_JJasmine_JF37CD_mic,2.5935357888588203e-06,,6.678749069976921e-06,,6.806925357974804e-06,,2.3336713310922017e-06,,4.3055149794135e-06,,2.875358858625729e-06,
2469,Classical_Unknown_mic_to_AJ_JJasmine_JF37CD_piezo,2.6009856990605824e-06,,2.281229194017419e-06,,2.156187658481283e-06,,2.0086651708852324e-06,,3.077665823379771e-06,,2.186787045332676e-06,
2470,Classical_Unknown_piezo_to_AJ_JJasmine_JF37CD_mic,3.176452297950041e-06,,2.014546633241473e-06,,2.987624863073287e-06,,4.541286073320561e-06,,3.50747904328023e-06,,3.792847647642397e-06,
2471,Classical_Unknown_piezo_to_AJ_JJasmine_JF37CD_piezo,4.5916458866656154e-06,,5.753432641346231e-06,,6.169818429293744e-06,,2.7581787309236588e-06,,3.4079210862080208e-06,,4.846611577855107e-06,
2472,Classical_Unknown_mic_to_AJ_JJasmine_JF37CD_mic,5.4961260702545644e-06,,6.178354041148317e-06,,6.609480525760224e-06,,2.800689130472364e-06,,5.488948904844568e-06,,3.227554415775868e-06,
2473,Classical_Unknown_mic_to_AJ_JJasmine_JF37CD_piezo,2.034784990778169e-06,,1.976807901106661e-06,,1.8313804830218068e-06,,1.9214504512989794e-06,,2.508873268539507e-06,,3.1261142366644033e-06,
2474,Classical_Unknown_piezo_to_AJ_JJasmine_JF37CD_mic,1.3004316911150643e-06,,1.2881956697181671e-06,,2.986002477567393e-06,,1.973021290347922e-06,,2.0276711460297417e-06,,2.5644157388240704e-06,
2475,Classical_Unknown_piezo_to_AJ_JJasmine_JF37CD_piezo,5.522110565798063e-06,,2.9025833905262146e-06,,6.563862894377788e-06,,3.496097557223632e-06,,4.197655657105564e-06,,3.3999855955007858e-06,
2476,Classical_Unknown_mic_to_AJ_JJasmine_JF37CD_mic,3.631881325895318e-06,,6.4207829744124355e-06,,6.202901234007323e-06,,3.822683796092556e-06,,4.621748965982975e-06,,2.781201013676814e-06,
2477,Classical_Unknown_mic_to_AJ_JJasmine_JF37CD_piezo,1.7279573090603715e-06,,1.9054271777787418e-06,,1.8265663062956172e-06,,1.753719186580561e-06,,2.4062530246302234e-06,,3.9791164105958154e-06,
2478,Classical_Unknown_piezo_to_AJ_JJasmine_JF37CD_mic,1.381694690716771e-06,,1.3744316376030991e-06,,3.793204265420762e-06,,2.1090002343936165e-06,,2.2478424969038433e-06,,2.803745764909109e-06,
2479,Classical_Unknown_piezo_to_AJ_JJasmine_JF37CD_piezo,9.232835415840175e-06,,3.700320944180302e-06,,9.136492295299776e-06,,4.340376790009845e-06,,5.429674873597224e-06,,4.690958137107655e-06,
2480,Classical_Unknown_mic_to_AJ_JJasmine_JF37CD_mic,4.340209198947454e-06,,6.611355968898429e-06,,6.956138318526371e-06,,2.5767852442350172e-06,,4.238022214484682e-06,,3.869579032848456e-06,
2481,Classical_Unknown_mic_to_AJ_JJasmine_JF37CD_piezo,1.656860504872727e-06,,1.7228785023274953e-06,,1.7354269296957938e-06,,2.2080445578955985e-06,,1.6016724136377396e-06,,2.6279806079338785e-06,
2482,Classical_Unknown_piezo_to_AJ_JJasmine_JF37CD_mic,1.4286384987551191e-06,,1.5095072560781263e-06,,3.753880051857531e-06,,2.2402714303218724e-06,,2.583377637297696e-06,,2.2308737053805345e-06,
2483,Classical_Unknown_piezo_to_AJ_JJasmine_JF37CD_piezo,5.940565159417621e-06,,5.4561487469250885e-06,,6.9575760464514e-06,,6.040128343661039e-06,,5.11831594957598e-06,,5.453115284812602e-06,
2484,Classical_Unknown_mic_to_AJ_JJasmine_JF37CD_mic,3.4221342568328904e-06,,5.8598297746024115e-06,,4.242552286570752e-06,,4.139868487801633e-06,,4.776878124808924e-06,,3.6974511417749965e-06,
2485,Classical_Unknown_mic_to_AJ_JJasmine_JF37CD_piezo,2.267649650789405e-06,,2.3552863809259013e-06,,1.9038586561087036e-06,,1.9132524358219657e-06,,2.355281716427595e-06,,2.7430225508491985e-06,
2486,Classical_Unknown_piezo_to_AJ_JJasmine_JF37CD_mic,1.682449267212504e-06,,1.6389742507733933e-06,,3.1805477012741083e-06,,2.672189395691138e-06,,2.676670923798161e-06,,2.5642789301403154e-06,
2487,Classical_Unknown_piezo_to_AJ_JJasmine_JF37CD_piezo,3.881847595267564e-06,,3.431185535093568e-06,,1.0142013404363857e-05,,5.426493857284157e-06,,4.369729834312087e-06,,4.085390350386351e-06,
2488,Classical_Unknown_mic_to_AJ_JJasmine_JF37CD_mic,3.907573698447439e-06,,7.935219294619298e-06,,5.775311489121707e-06,,4.9964772858577835e-06,,4.014444552250177e-06,,3.280577106559816e-06,
2489,Classical_Unknown_mic_to_AJ_JJasmine_JF37CD_piezo,1.942422936373536e-06,,2.0556233258682864e-06,,1.7436721734402622e-06,,1.8427901785010055e-06,,2.445339413404976e-06,,3.528701839379696e-06,
2490,Classical_Unknown_piezo_to_AJ_JJasmine_JF37CD_mic,1.794243121937286e-06,,1.8224429160606098e-06,,3.900206579862286e-06,,2.9616924166255097e-06,,3.2135610823032315e-06,,2.498250650971485e-06,
2491,Classical_Unknown_piezo_to_AJ_JJasmine_JF37CD_piezo,7.515184810262505e-06,,4.412336856252174e-06,,5.838062523960627e-06,,3.5390964035733497e-06,,5.681769435693209e-06,,5.626019707794333e-06,
2492,Classical_Unknown_mic_to_AJ_JJasmine_JF37CD_mic,4.5770666357407e-06,,7.248888451927827e-06,,4.519661936432032e-06,,5.465204010386214e-06,,4.4904056689604465e-06,,3.822919011106797e-06,
2493,Classical_Unknown_mic_to_AJ_JJasmine_JF37CD_piezo,2.3066998389369446e-06,,2.1561963874045526e-06,,1.6878950892161065e-06,,2.0550054796473702e-06,,2.8989625990318972e-06,,3.6936564578248384e-06,
2494,Classical_Unknown_piezo_to_AJ_JJasmine_JF37CD_mic,1.8462727530666962e-06,,1.9202667027200023e-06,,4.2617750882756345e-06,,3.1217011398802113e-06,,3.5722057926191376e-06,,2.3918241797147025e-06,
2495,Classical_Unknown_piezo_to_AJ_JJasmine_JF37CD_piezo,5.218224252593962e-06,,5.179000035498455e-06,,4.056264352193518e-06,,2.912198620571935e-06,,5.014435153669934e-06,,5.1816958911662754e-06,
2496,Classical_Unknown_mic_to_AJ_JJasmine_JF37CD_mic,2.0260545738102063e-06,,3.0862703959432193e-06,,5.3181038333975945e-06,,3.355907098243559e-06,,3.1004896731604813e-06,,4.3443859670155506e-06,
2497,Classical_Unknown_mic_to_AJ_JJasmine_JF37CD_piezo,2.7121781323515504e-06,,2.379767434074973e-06,,2.067067126576866e-06,,2.417068258181083e-06,,2.1244912082837146e-06,,3.0609227273202146e-06,
2498,Classical_Unknown_piezo_to_AJ_JJasmine_JF37CD_mic,3.3144894059276275e-06,,2.1206298311710545e-06,,2.5289602432793e-06,,3.1777525061782714e-06,,3.107245879777122e-06,,4.763900505416253e-06,
2499,Classical_Unknown_piezo_to_AJ_JJasmine_JF37CD_piezo,5.166596196532597e-06,,6.673878734431894e-06,,7.224990624770869e-06,,2.8662485413661787e-06,,4.394154133321295e-06,,4.067501151650459e-06,
2500,Classical_Unknown_mic_to_AJ_JJasmine_JF37CD_mic,2.5926786556279487e-06,,3.3670699627122285e-06,,4.466647687383658e-06,,3.6967796544936055e-06,,3.6204510800720866e-06,,4.9979587030870615e-06,
2501,Classical_Unknown_mic_to_AJ_JJasmine_JF37CD_piezo,2.065685569860576e-06,,2.384309190032679e-06,,1.8741346387078172e-06,,1.8547740634017634e-06,,1.8850367387914996e-06,,2.9529727050310577e-06,
2502,Classical_Unknown_piezo_to_AJ_JJasmine_JF37CD_mic,2.92861592391993e-06,,1.8726019165490646e-06,,3.7794543937460137e-06,,3.3041899503911478e-06,,3.3045645339809638e-06,,2.3819479574314797e-06,
2503,Classical_Unknown_piezo_to_AJ_JJasmine_JF37CD_piezo,4.8383231244263264e-06,,6.638654052528917e-06,,5.657602012163767e-06,,4.623259775076056e-06,,5.318534389392498e-06,,3.3563572212026402e-06,
2504,Classical_Unknown_mic_to_AJ_JJasmine_JF37CD_mic,5.501063813294617e-06,,4.59209808907529e-06,,2.6731189004322365e-06,,3.1692316937085784e-06,,3.4625879693032145e-06,,3.579330724342626e-06,
2505,Classical_Unknown_mic_to_AJ_JJasmine_JF37CD_piezo,2.034657531467299e-06,,2.4000199958154167e-06,,2.166480201436769e-06,,1.724351536826469e-06,,1.7611301223201028e-06,,1.8352594596377585e-06,
2506,Classical_Unknown_piezo_to_AJ_JJasmine_JF37CD_mic,3.361236518547668e-06,,2.6262464172059494e-06,,2.922527710426712e-06,,3.5905475213464065e-06,,3.6740519357959208e-06,,3.6489578396698025e-06,
2507,Classical_Unknown_piezo_to_AJ_JJasmine_JF37CD_piezo,9.726223383336844e-06,,4.498465262306185e-06,,1.0125225276533266e-05,,3.8878871981893746e-06,,2.9223905083286315e-06,,3.4049668355853274e-06,
2508,Classical_Unknown_mic_to_AJ_JJasmine_JF37CD_mic,4.692626372730222e-06,,5.024803203454292e-06,,3.503098874430282e-06,,2.68426127809175e-06,,4.69490680118175e-06,,4.226835180406995e-06,
2509,Classical_Unknown_mic_to_AJ_JJasmine_JF37CD_piezo,1.957304866556744e-06,,1.9433348489097277e-06,,1.931992259166714e-06,,1.903842252117386e-06,,2.1753674721287487e-06,,2.534108982171194e-06,
2510,Classical_Unknown_piezo_to_AJ_JJasmine_JF37CD_mic,2.1201039627428737e-06,,1.8388873067707405e-06,,3.461755062688737e-06,,3.5846805334700073e-06,,3.1279970101108143e-06,,2.52194776627958e-06,
2511,Classical_Unknown_piezo_to_AJ_JJasmine_JF37CD_piezo,7.656544003325901e-06,,4.884895769868963e-06,,5.266789694074054e-06,,5.406359498788379e-06,,3.284970954560928e-06,,3.2916222207452375e-06,
2512,Classical_Unknown_mic_to_AJ_JJasmine_JF37CD_mic,3.837163728198633e-06,,4.473479449370514e-06,,3.634046420274995e-06,,2.9177379621145844e-06,,5.140780912408872e-06,,3.9957185283047625e-06,
2513,Classical_Unknown_mic_to_AJ_JJasmine_JF37CD_piezo,2.125593502967107e-06,,1.7599359791544038e-06,,1.7224607055118778e-06,,1.954896234853062e-06,,2.165379102379896e-06,,2.4100615961396923e-06,
2514,Classical_Unknown_piezo_to_AJ_JJasmine_JF37CD_mic,5.04838868581331e-06,,1.8682742517513738e-06,,6.774992728129704e-06,,3.993135561315791e-06,,3.075387416706378e-06,,2.6499677556595804e-06,
2515,Classical_Unknown_piezo_to_AJ_JJasmine_JF37CD_piezo,4.2044916705482885e-06,,5.146097869204861e-06,,3.112262590147723e-06,,4.352471644101165e-06,,3.53188559690832e-06,,2.3286448716138383e-06,
2516,Classical_Unknown_mic_to_AJ_JJasmine_JF37CD_mic,5.395886912481847e-06,,4.5982722208721925e-06,,4.712588096461364e-06,,3.580922202479969e-06,,4.523850197964185e-06,,3.2132700658285324e-06,
2517,Classical_Unknown_mic_to_AJ_JJasmine_JF37CD_piezo,1.8830537037839033e-06,,2.317284959072203e-06,,1.894662980983524e-06,,1.9769138405762876e-06,,2.2072406917569312e-06,,1.9868032628110607e-06,
2518,Classical_Unknown_piezo_to_AJ_JJasmine_JF37CD_mic,3.044532010787416e-06,,1.8876665354555542e-06,,3.112441010740404e-06,,3.593973913882496e-06,,3.1607629791918012e-06,,4.352071839930468e-06,
2519,Classical_Unknown_piezo_to_AJ_JJasmine_JF37CD_piezo,6.764150370248875e-06,,4.768209151873566e-06,,4.217824364040154e-06,,3.0610036448817597e-06,,3.633113622191698e-06,,3.4303645962094832e-06,
2520,Classical_Unknown_mic_to_AJ_JJasmine_JF37CD_mic,4.959337179289995e-06,,5.655870668484512e-06,,6.176772742194327e-06,,3.087372377334615e-06,,5.579534787310063e-06,,3.262038815059294e-06,
2521,Classical_Unknown_mic_to_AJ_JJasmine_JF37CD_piezo,2.1440437646984423e-06,,2.0148460691482743e-06,,1.812579806898409e-06,,2.0245130433381964e-06,,2.4562897534847986e-06,,3.3288561136573106e-06,
2522,Classical_Unknown_piezo_to_AJ_JJasmine_JF37CD_mic,1.3077904212168458e-06,,1.2943025931865993e-06,,3.087112403097094e-06,,1.9723911352909326e-06,,2.041149386596538e-06,,2.437464863672868e-06,
2523,Classical_Unknown_piezo_to_AJ_JJasmine_JF37CD_piezo,4.762988470115321e-06,,2.904608858168165e-06,,6.478419229190294e-06,,3.692708255348695e-06,,4.256556783120006e-06,,3.845584343989412e-06,
2524,Classical_Unknown_mic_to_AJ_JJasmine_JF37CD_mic,4.983944670710543e-06,,5.980131986609989e-06,,5.424594620129001e-06,,2.464621204505184e-06,,4.349165586210076e-06,,2.583700713123255e-06,
2525,Classical_Unknown_mic_to_AJ_JJasmine_JF37CD_piezo,1.7006416306599216e-06,,1.8827422017096631e-06,,1.7289431550853437e-06,,1.7823920182559862e-06,,2.3873423204647168e-06,,4.112960704524798e-06,
2526,Classical_Unknown_piezo_to_AJ_JJasmine_JF37CD_mic,1.4429878398913739e-06,,1.4027665158340788e-06,,3.816523418182127e-06,,2.2433865170214055e-06,,2.3013497032689523e-06,,2.7205559748088923e-06,
2527,Classical_Unknown_piezo_to_AJ_JJasmine_JF37CD_piezo,9.389797613935224e-06,,3.888183828541085e-06,,1.0149602638140844e-05,,5.094921636272969e-06,,6.15802481343753e-06,,5.430166497480655e-06,
2528,Classical_Unknown_mic_to_AJ_JJasmine_JF37CD_mic,4.697472416547526e-06,,7.2947769372136875e-06,,8.09118413922968e-06,,3.923384427472488e-06,,5.596966835848723e-06,,3.2630120954097783e-06,
2529,Classical_Unknown_mic_to_AJ_JJasmine_JF37CD_piezo,2.1289919462381917e-06,,2.1874351019823255e-06,,1.7789248973029816e-06,,1.8665059422876083e-06,,2.180399350234386e-06,,3.7405202430338837e-06,
2530,Classical_Unknown_piezo_to_AJ_JJasmine_JF37CD_mic,1.450480626589622e-06,,1.475701435091488e-06,,4.228150321864814e-06,,2.3139400637863013e-06,,2.488248228345559e-06,,2.4148734010166564e-06,
2531,Classical_Unknown_piezo_to_AJ_JJasmine_JF37CD_piezo,9.329676449843304e-06,,3.98268438764827e-06,,7.7375908867794e-06,,5.59374673532207e-06,,4.90786069038257e-06,,6.084559825635875e-06,
2532,Classical_Unknown_mic_to_AJ_JJasmine_JF37CD_mic,4.579931557919847e-06,,5.1832094248720264e-06,,4.18240252608467e-06,,4.370195190162589e-06,,4.946453085449555e-06,,3.7901903263128906e-06,
2533,Classical_Unknown_mic_to_AJ_JJasmine_JF37CD_piezo,2.3533219418090573e-06,,2.4423121481429443e-06,,1.933935529850497e-06,,1.95345825913488e-06,,2.450234438177484e-06,,2.7671891890092466e-06,
2534,Classical_Unknown_piezo_to_AJ_JJasmine_JF37CD_mic,1.655176128454619e-06,,1.630193325180258e-06,,3.198834582099339e-06,,2.579176033665311e-06,,2.6556702661297436e-06,,2.5187370560189395e-06,
2535,Classical_Unknown_piezo_to_AJ_JJasmine_JF37CD_piezo,3.6503359423581016e-06,,3.385024004991986e-06,,9.537229630649113e-06,,4.727277868828379e-06,,4.531071464360837e-06,,3.9768833514867655e-06,
2536,Classical_Unknown_mic_to_AJ_JJasmine_JF37CD_mic,4.607988244003426e-06,,7.161421876019206e-06,,4.4501839669311686e-06,,5.6159326285498685e-06,,4.3472436485812285e-06,,3.882345295793091e-06,
2537,Classical_Unknown_mic_to_AJ_JJasmine_JF37CD_piezo,2.0900043482907064e-06,,2.1110728144695195e-06,,1.8627825319339483e-06,,1.784341290102155e-06,,2.627715570552776e-06,,3.5165433421452556e-06,
2538,Classical_Unknown_piezo_to_AJ_JJasmine_JF37CD_mic,1.7785247111521089e-06,,1.8129243017032586e-06,,4.016656708355962e-06,,2.8952136683511624e-06,,3.1895806239996908e-06,,2.215210988366279e-06,
2539,Classical_Unknown_piezo_to_AJ_JJasmine_JF37CD_piezo,7.575032664727227e-06,,4.393174377364404e-06,,5.7770017671571094e-06,,3.461497253569984e-06,,5.7722515712455264e-06,,5.536920205724948e-06,
2540,Classical_Unknown_mic_to_AJ_JJasmine_JF37CD_mic,4.500632905384123e-06,,6.759698588607076e-06,,4.217849304716646e-06,,5.4461282954958515e-06,,4.6001394159410356e-06,,4.071538232184983e-06,
2541,Classical_Unknown_mic_to_AJ_JJasmine_JF37CD_piezo,2.236131306649258e-06,,2.244119509128846e-06,,1.924157725667816e-06,,1.9027508998460594e-06,,2.7853775725431933e-06,,3.988378667177582e-06,
2542,Classical_Unknown_piezo_to_AJ_JJasmine_JF37CD_mic,1.8165367317344786e-06,,1.8941306660330867e-06,,3.7078517981409556e-06,,3.0444912527311875e-06,,3.5082179904039656e-06,,2.1445219141626736e-06,
2543,Classical_Unknown_piezo_to_AJ_JJasmine_JF37CD_piezo,5.611422667911845e-06,,5.061964880024257e-06,,4.410281028363593e-06,,2.8904595345642053e-06,,5.171601371442894e-06,,5.013416090581865e-06,
2544,Classical_Unknown_mic_to_AJ_JJasmine_JF37CD_mic,4.918855193005968e-06,,6.853985054278449e-06,,4.000092324874781e-06,,3.6218562995830886e-06,,3.848938939899017e-06,,4.628470620776909e-06,
2545,Classical_Unknown_mic_to_AJ_JJasmine_JF37CD_piezo,2.4194870515709023e-06,,2.8052403785710374e-06,,2.3615312588981394e-06,,2.7364831277350055e-06,,2.7287611866000543e-06,,2.249245078437143e-06,
2546,Classical_Unknown_piezo_to_AJ_JJasmine_JF37CD_mic,3.612022305361907e-06,,2.9978424348841435e-06,,3.9742873856068395e-06,,2.421127892388578e-06,,4.495510023088799e-06,,2.217432083031175e-06,
2547,Classical_Unknown_piezo_to_AJ_JJasmine_JF37CD_piezo,2.211101875236561e-06,,3.5202485265652435e-06,,4.297986746056811e-06,,2.8876860413728897e-06,,3.5535295878032488e-06,,4.730600793183698e-06,
2548,Classical_Unknown_mic_to_AJ_JJasmine_JF37CD_mic,4.9904005032585775e-06,,7.276565357068925e-06,,6.910901559766968e-06,,3.1515635566309353e-06,,2.416591765698883e-06,,5.8030699087595235e-06,
2549,Classical_Unknown_mic_to_AJ_JJasmine_JF37CD_piezo,3.533416946627325e-06,,2.5995510986099746e-06,,2.1646580114598652e-06,,2.5056438600534796e-06,,2.0222046433792475e-06,,2.055871731585372e-06,
2550,Classical_Unknown_piezo_to_AJ_JJasmine_JF37CD_mic,2.510917472634336e-06,,2.4998570209652537e-06,,3.3477269219203223e-06,,3.1095757771892076e-06,,4.141397985736939e-06,,2.486743252374265e-06,
2551,Classical_Unknown_piezo_to_AJ_JJasmine_JF37CD_piezo,6.141198599749185e-06,,5.8336784921088235e-06,,6.454899839006649e-06,,4.453088742544541e-06,,5.111514851201551e-06,,5.056596475633985e-06,
2552,Classical_Unknown_mic_to_AJ_JJasmine_JF37CD_mic,3.5273213186888704e-06,,4.8574373529371355e-06,,4.31430787393191e-06,,2.502478241819048e-06,,2.8236924881381155e-06,,5.017842822898498e-06,
2553,Classical_Unknown_mic_to_AJ_JJasmine_JF37CD_piezo,2.4007287106723077e-06,,2.211884340785283e-06,,2.053388490372758e-06,,1.9725346223966848e-06,,1.988078322788202e-06,,2.1096290313536228e-06,
2554,Classical_Unknown_piezo_to_AJ_JJasmine_JF37CD_mic,1.9911844472011632e-06,,2.2954570082554022e-06,,3.5027076786997865e-06,,3.5704782599182044e-06,,5.562860465677508e-06,,2.8234950809931407e-06,
2555,Classical_Unknown_piezo_to_AJ_JJasmine_JF37CD_piezo,4.384110582873878e-06,,8.151754403716871e-06,,8.723088676857022e-06,,4.106591406620202e-06,,5.339740010249789e-06,,5.435244207403829e-06,
2556,Classical_Unknown_mic_to_AJ_JJasmine_JF37CD_mic,2.5783669157934332e-06,,3.380620070611643e-06,,7.4227514188448155e-06,,3.1168974411344602e-06,,3.995892414655008e-06,,3.5555143385620472e-06,
2557,Classical_Unknown_mic_to_AJ_JJasmine_JF37CD_piezo,1.780822003852641e-06,,1.6777066479111261e-06,,2.292998059834739e-06,,2.490247820032201e-06,,1.9204891172123426e-06,,3.1536306717730664e-06,
2558,Classical_Unknown_piezo_to_AJ_JJasmine_JF37CD_mic,4.1288618813389e-06,,4.336367186755166e-06,,4.387174052961135e-06,,2.9741550116719574e-06,,5.027598083471951e-06,,2.3245529392179105e-06,
2559,Classical_Unknown_piezo_to_AJ_JJasmine_JF37CD_piezo,2.8338316730249014e-06,,4.118982494345826e-06,,3.897839159835154e-06,,2.946700095394135e-06,,2.552012844742877e-06,,4.421238114816715e-06,
2560,Classical_Unknown_mic_to_AJ_JJasmine_JF37CD_mic,3.5241558564694244e-06,,5.372756197678351e-06,,4.178280090888133e-06,,3.4486141028041875e-06,,4.953814918351927e-06,,3.919444295453614e-06,
2561,Classical_Unknown_mic_to_AJ_JJasmine_JF37CD_piezo,2.1423960129996843e-06,,1.909973471757261e-06,,1.9416348081893545e-06,,1.7212509075661825e-06,,2.5560852494765773e-06,,2.8642060518496436e-06,
2562,Classical_Unknown_piezo_to_AJ_JJasmine_JF37CD_mic,2.730577906781106e-06,,2.1774654442085094e-06,,4.365103314113359e-06,,3.873631846640077e-06,,4.2847398727243974e-06,,2.3451062777423045e-06,
2563,Classical_Unknown_piezo_to_AJ_JJasmine_JF37CD_piezo,8.753979326873698e-06,,7.854268767305496e-06,,5.6601726109462264e-06,,5.401753343621331e-06,,3.2939676448876665e-06,,5.2463216703099625e-06,
2564,Classical_Unknown_mic_to_AJ_JJasmine_JF37CD_mic,2.2812686399758e-06,,6.9813862656170426e-06,,7.675970459434128e-06,,3.1424903349810593e-06,,4.916998307242974e-06,,2.725849609481913e-06,
2565,Classical_Unknown_mic_to_AJ_JJasmine_JF37CD_piezo,1.8886750921189682e-06,,2.4474704831420682e-06,,2.0744535965046635e-06,,1.9772797212683783e-06,,2.6600304213662177e-06,,2.7805953196959957e-06,
2566,Classical_Unknown_piezo_to_AJ_JJasmine_JF37CD_mic,3.102638452625445e-06,,2.326542628357037e-06,,3.0768666405061033e-06,,3.9003577559802426e-06,,3.5999489011523074e-06,,3.6016964330512106e-06,
2567,Classical_Unknown_piezo_to_AJ_JJasmine_JF37CD_piezo,8.269390009982172e-06,,9.042337764756559e-06,,5.8002824216440625e-06,,3.7984320581928715e-06,,3.0802314723554383e-06,,5.189004733945258e-06,
2568,Classical_Unknown_mic_to_AJ_JJasmine_JF37CD_mic,4.617767726408097e-06,,3.5746287853658278e-06,,4.5638382971118725e-06,,5.130650815073826e-06,,3.142180089813526e-06,,2.429475825613603e-06,
2569,Classical_Unknown_mic_to_AJ_JJasmine_JF37CD_piezo,1.6793608750858305e-06,,1.882299412618199e-06,,2.794374910408512e-06,,1.6890792921485667e-06,,3.1876691279436264e-06,,4.809418963936864e-06,
2570,Classical_Unknown_piezo_to_AJ_JJasmine_JF37CD_mic,1.6206815995576578e-06,,1.428536070193761e-06,,3.247177624525281e-06,,2.61280016213856e-06,,2.3561066733971087e-06,,2.9028658309787933e-06,
2571,Classical_Unknown_piezo_to_AJ_JJasmine_JF37CD_piezo,4.642451601259454e-06,,5.983451454728843e-06,,7.074256511097852e-06,,2.7798884858169585e-06,,3.4274001928456534e-06,,6.191048495743852e-06,
2572,Classical_Unknown_mic_to_AJ_JJasmine_JF37CD_mic,6.325544113428508e-06,,8.594410525502589e-06,,5.245253408030793e-06,,3.9099207874921335e-06,,3.067396771064092e-06,,2.343460454846775e-06,
2573,Classical_Unknown_mic_to_AJ_JJasmine_JF37CD_piezo,1.5787657837536267e-06,,2.0702957039526818e-06,,2.6661489320897086e-06,,1.7515637324705122e-06,,2.7931694666521783e-06,,5.818395605020118e-06,
2574,Classical_Unknown_piezo_to_AJ_JJasmine_JF37CD_mic,6.303458000839878e-06,,1.7348448313999086e-06,,4.383006857006469e-06,,4.272777773952413e-06,,3.306624097804072e-06,,3.445560599867291e-06,
2575,Classical_Unknown_piezo_to_AJ_JJasmine_JF37CD_piezo,5.690404825400222e-06,,4.162959386040063e-06,,8.769091088603084e-06,,3.987970412818208e-06,,3.560671850503327e-06,,5.240604454562892e-06,
2576,Classical_Unknown_mic_to_AJ_JJasmine_JF37CD_mic,7.602348162193912e-06,,7.348070781703354e-06,,5.245945179868587e-06,,3.610337279550393e-06,,3.366783622851901e-06,,2.502011434245692e-06,
2577,Classical_Unknown_mic_to_AJ_JJasmine_JF37CD_piezo,1.8749273459354215e-06,,2.228720778798209e-06,,2.4068462585718835e-06,,2.491040317870236e-06,,2.9059036089711482e-06,,4.5451863500344445e-06,
2578,Classical_Unknown_piezo_to_AJ_JJasmine_JF37CD_mic,2.704489738760664e-06,,1.8325184771213693e-06,,3.4618587342450774e-06,,4.081631544707104e-06,,2.9756212090706787e-06,,4.126524137561203e-06,
2579,Classical_Unknown_piezo_to_AJ_JJasmine_JF37CD_piezo,5.563244506395555e-06,,4.764398666685566e-06,,6.705492615232014e-06,,5.964139603844115e-06,,3.1060127454687438e-06,,4.293398566511844e-06,
2580,Classical_Unknown_mic_to_AJ_JJasmine_JF37CD_mic,4.504246658611008e-06,,8.106901588884691e-06,,5.447548890667658e-06,,3.93292655058661e-06,,4.017269728451703e-06,,3.0649069749771505e-06,
2581,Classical_Unknown_mic_to_AJ_JJasmine_JF37CD_piezo,1.8633459044751926e-06,,2.224022481198143e-06,,1.9051390410579174e-06,,2.0300326992526765e-06,,2.206471253324089e-06,,3.5555144016602246e-06,
2582,Classical_Unknown_piezo_to_AJ_JJasmine_JF37CD_mic,1.8771455905189375e-06,,1.776971049711706e-06,,3.3205924995460263e-06,,3.208405200551215e-06,,2.982559526137563e-06,,4.149667166671525e-06,
2583,Classical_Unknown_piezo_to_AJ_JJasmine_JF37CD_piezo,4.386878148547439e-06,,3.819389641408037e-06,,9.419679933434182e-06,,5.6162760127753466e-06,,3.958439054310482e-06,,4.746786442608214e-06,
2584,Classical_Unknown_mic_to_AJ_JJasmine_JF37CD_mic,4.901122705015713e-06,,8.61633691187782e-06,,3.839075243653867e-06,,2.969888184384833e-06,,3.228220318575453e-06,,3.0237304518126696e-06,
2585,Classical_Unknown_mic_to_AJ_JJasmine_JF37CD_piezo,1.762223694296643e-06,,1.910343014698076e-06,,1.9118784783598487e-06,,1.81042768605171e-06,,2.387622666505582e-06,,3.952703412374589e-06,
2586,Classical_Unknown_piezo_to_AJ_JJasmine_JF37CD_mic,1.7661495857675958e-06,,1.792193177925819e-06,,3.848936625017914e-06,,2.869766963458929e-06,,3.061031126383499e-06,,2.9021161131493917e-06,
2587,Classical_Unknown_piezo_to_AJ_JJasmine_JF37CD_piezo,7.933354615403097e-06,,4.814984482258238e-06,,6.130915042749222e-06,,3.4541284780204028e-06,,6.2630879453660165e-06,,5.093297731340154e-06,
2588,Classical_Unknown_mic_to_AJ_JJasmine_JF37CD_mic,4.5811478484487276e-06,,6.440195728061333e-06,,8.2219550439784e-06,,3.2965025792296885e-06,,3.4729595761287972e-06,,2.6202314672540474e-06,
2589,Classical_Unknown_mic_to_AJ_JJasmine_JF37CD_piezo,1.926460035694617e-06,,2.5080697258463366e-06,,1.9049104595300746e-06,,2.2739040850899624e-06,,3.069989576785476e-06,,4.117277397674433e-06,
2590,Classical_Unknown_piezo_to_AJ_JJasmine_JF37CD_mic,1.787216972338472e-06,,1.8834410422330635e-06,,3.84803741702793e-06,,2.923040229119495e-06,,3.415776668630674e-06,,3.3730169430961415e-06,
2591,Classical_Unknown_piezo_to_AJ_JJasmine_JF37CD_piezo,4.9325301494613295e-06,,6.027978567557201e-06,,5.629545477703263e-06,,3.103618403873756e-06,,4.324501848391524e-06,,5.459301358185623e-06,
2592,Classical_Unknown_mic_to_bad_takamine_EG440SC_mic,4.128608982332535e-06,,6.898577341614378e-06,,4.358638634727137e-06,,1.9065821264107418e-06,,2.006160196162414e-06,,2.123442284984453e-06,
2593,Classical_Unknown_mic_to_bad_takamine_EG440SC_piezo,5.027707940220736e-06,,6.4934706500912684e-06,,5.913183293643861e-06,,2.291621180803187e-06,,3.030471681515119e-06,,4.229589885506912e-06,
2594,Classical_Unknown_piezo_to_bad_takamine_EG440SC_mic,3.810346823867577e-06,,4.279340046209611e-06,,5.5463467466526504e-06,,1.929750640659495e-06,,2.162825065738948e-06,,2.7303900033731587e-06,
2595,Classical_Unknown_piezo_to_bad_takamine_EG440SC_piezo,2.270295509928904e-06,,2.6980891355662438e-06,,3.102233674793697e-06,,3.935558331345728e-06,,4.007800864517605e-06,,2.968923143405683e-06,
2596,Classical_Unknown_mic_to_bad_takamine_EG440SC_mic,6.0714309494318855e-06,,5.1468468965076475e-06,,4.267855195323631e-06,,1.8620003299760087e-06,,1.9952330031747323e-06,,2.331376772283137e-06,
2597,Classical_Unknown_mic_to_bad_takamine_EG440SC_piezo,3.2383539049754176e-06,,5.711699619283428e-06,,5.253666399284836e-06,,2.9256419452404095e-06,,3.6184954338620276e-06,,4.002256511187274e-06,
2598,Classical_Unknown_piezo_to_bad_takamine_EG440SC_mic,5.25542113678196e-06,,4.525078509218175e-06,,7.269753825407542e-06,,1.9929191958071155e-06,,2.1963634166878336e-06,,2.534958013755254e-06,
2599,Classical_Unknown_piezo_to_bad_takamine_EG440SC_piezo,3.5015587055603175e-06,,2.5820899933160727e-06,,3.0786601965901023e-06,,3.0847419666227796e-06,,4.202251977256507e-06,,2.95008676188581e-06,
2600,Classical_Unknown_mic_to_bad_takamine_EG440SC_mic,5.849760184037726e-06,,8.221843727771864e-06,,4.748586786426633e-06,,1.9301653656241762e-06,,2.122964672105754e-06,,2.675145026332845e-06,
2601,Classical_Unknown_mic_to_bad_takamine_EG440SC_piezo,3.229319435775441e-06,,4.586148212660021e-06,,6.082784949722084e-06,,2.919610686770845e-06,,4.410204921525785e-06,,4.064083757649406e-06,
2602,Classical_Unknown_piezo_to_bad_takamine_EG440SC_mic,4.070785517722255e-06,,3.3902708133362686e-06,,7.459217968828371e-06,,1.908001108126082e-06,,2.123274783120995e-06,,1.9087611089692316e-06,
2603,Classical_Unknown_piezo_to_bad_takamine_EG440SC_piezo,3.11764040962029e-06,,2.2420535141865e-06,,3.6269615750440684e-06,,3.5650866098850787e-06,,5.2372247297838534e-06,,3.443706148562671e-06,
2604,Classical_Unknown_mic_to_bad_takamine_EG440SC_mic,4.972053587843344e-06,,8.083405034633058e-06,,4.8320204973805285e-06,,1.960638921177178e-06,,2.2485672363661945e-06,,2.2035582762654858e-06,
2605,Classical_Unknown_mic_to_bad_takamine_EG440SC_piezo,4.109955235444032e-06,,5.414013140202614e-06,,6.30290082391446e-06,,3.5136332592007504e-06,,3.980480149597102e-06,,4.1610523942725605e-06,
2606,Classical_Unknown_piezo_to_bad_takamine_EG440SC_mic,4.992209521485284e-06,,7.31773292643262e-06,,6.1222779471141804e-06,,1.932686952473289e-06,,1.9730805224201623e-06,,2.7460569449342383e-06,
2607,Classical_Unknown_piezo_to_bad_takamine_EG440SC_piezo,3.2283284918792483e-06,,1.9169931061944963e-06,,3.2060236528608503e-06,,3.261318670520216e-06,,3.823658055117541e-06,,3.0571160421365666e-06,
2608,Classical_Unknown_mic_to_bad_takamine_EG440SC_mic,5.5712969388937104e-06,,7.712442504959461e-06,,3.948387623558727e-06,,2.2331841461104763e-06,,2.3366267690085955e-06,,2.5741920637217385e-06,
2609,Classical_Unknown_mic_to_bad_takamine_EG440SC_piezo,3.608673794763436e-06,,7.143077621743266e-06,,5.5832461866337795e-06,,2.4485655724199426e-06,,3.13216886013196e-06,,3.970172000644055e-06,
2610,Classical_Unknown_piezo_to_bad_takamine_EG440SC_mic,3.84530782963253e-06,,5.765368568820359e-06,,6.092762862547386e-06,,2.1575784985798788e-06,,2.2018183423366974e-06,,2.3517096786291054e-06,
2611,Classical_Unknown_piezo_to_bad_takamine_EG440SC_piezo,2.2852408274041174e-06,,1.7853933783390755e-06,,3.0957934819493643e-06,,4.045809415591948e-06,,3.616571031120737e-06,,2.957328167106597e-06,
2612,Classical_Unknown_mic_to_bad_takamine_EG440SC_mic,3.6270034333904397e-06,,6.621382975408214e-06,,3.959359164121816e-06,,1.8345767673257137e-06,,2.022228167883418e-06,,2.4309898720975166e-06,
2613,Classical_Unknown_mic_to_bad_takamine_EG440SC_piezo,5.4323271785369475e-06,,6.9487758344129875e-06,,5.973835309441695e-06,,3.82438358346283e-06,,3.930787991111545e-06,,4.1323356278257555e-06,
2614,Classical_Unknown_piezo_to_bad_takamine_EG440SC_mic,3.633949973327212e-06,,4.617338921537403e-06,,6.65723289505099e-06,,1.574850685300317e-06,,2.433735267799246e-06,,1.4716341419700807e-06,
2615,Classical_Unknown_piezo_to_bad_takamine_EG440SC_piezo,3.312709507689431e-06,,1.7571648530748993e-06,,3.7664957978280206e-06,,3.7599826027828285e-06,,3.6263580963188572e-06,,3.5668283760030424e-06,
2616,Classical_Unknown_mic_to_bad_takamine_EG440SC_mic,4.813122790795735e-06,,8.833314661180814e-06,,6.069435640221495e-06,,1.9535321465320633e-06,,2.440668567691649e-06,,2.3071891641016344e-06,
2617,Classical_Unknown_mic_to_bad_takamine_EG440SC_piezo,5.680377955741463e-06,,7.8429705463385e-06,,6.0043873306036245e-06,,2.6058408447112803e-06,,3.943108685997635e-06,,4.2881354127685365e-06,
2618,Classical_Unknown_piezo_to_bad_takamine_EG440SC_mic,2.0668487313829437e-06,,1.997276996087327e-06,,5.1466616730371445e-06,,2.8863137208099676e-06,,3.1920274679882785e-06,,2.367891478310129e-06,
2619,Classical_Unknown_piezo_to_bad_takamine_EG440SC_piezo,1.902050698600701e-06,,1.9282122909320127e-06,,2.7071141566609216e-06,,3.5955204132534377e-06,,3.3429315946112226e-06,,3.7411609684521624e-06,
2620,Classical_Unknown_mic_to_bad_takamine_EG440SC_mic,4.946432072064192e-06,,8.13758440790905e-06,,8.073387336105646e-06,,2.055818506578722e-06,,2.7326218537443614e-06,,2.4008255601347417e-06,
2621,Classical_Unknown_mic_to_bad_takamine_EG440SC_piezo,6.25765446092344e-06,,5.07295087062979e-06,,6.160124152731136e-06,,3.903727291474384e-06,,3.97912531871681e-06,,3.958477426347407e-06,
2622,Classical_Unknown_piezo_to_bad_takamine_EG440SC_mic,2.392703347602926e-06,,2.184921086904154e-06,,6.128641506023197e-06,,2.7168154429876746e-06,,3.149259618244524e-06,,2.497795613178018e-06,
2623,Classical_Unknown_piezo_to_bad_takamine_EG440SC_piezo,1.8220425814542876e-06,,1.838448853255649e-06,,2.654652414540454e-06,,3.7598717527491403e-06,,3.2914237317702203e-06,,4.417261872443588e-06,
2624,Classical_Unknown_mic_to_bad_takamine_EG440SC_mic,7.559610313392343e-06,,5.003156097290184e-06,,8.68012611670634e-06,,1.522609544324921e-06,,1.7878654229621896e-06,,1.8349870636371452e-06,
2625,Classical_Unknown_mic_to_bad_takamine_EG440SC_piezo,4.261822689346156e-06,,5.6655701447508665e-06,,5.6917136615154225e-06,,2.2906573984979133e-06,,2.7850476952755524e-06,,4.46519304761749e-06,
2626,Classical_Unknown_piezo_to_bad_takamine_EG440SC_mic,2.9225505142321294e-06,,2.8339809027720242e-06,,5.344222375078303e-06,,2.4630433637946226e-06,,2.9860401314040032e-06,,2.6930717397630824e-06,
2627,Classical_Unknown_piezo_to_bad_takamine_EG440SC_piezo,2.0569514296167474e-06,,2.301701643085786e-06,,3.447000355868994e-06,,3.978234639657834e-06,,3.7698836719910348e-06,,3.946785025759952e-06,
2628,Classical_Unknown_mic_to_bad_takamine_EG440SC_mic,4.905911245338256e-06,,5.284911345326095e-06,,6.475333382611057e-06,,2.2500524976312664e-06,,2.6005632508358606e-06,,2.3068510427816953e-06,
2629,Classical_Unknown_mic_to_bad_takamine_EG440SC_piezo,2.8819984985986185e-06,,7.716525219394488e-06,,5.800123609540884e-06,,2.602276510342561e-06,,2.7009220331199386e-06,,3.949972150019574e-06,
2630,Classical_Unknown_piezo_to_bad_takamine_EG440SC_mic,2.9012157939037175e-06,,2.519550953796811e-06,,5.616905740237945e-06,,2.633661069101841e-06,,3.1149884747286903e-06,,2.5510716656871233e-06,
2631,Classical_Unknown_piezo_to_bad_takamine_EG440SC_piezo,1.544743103513186e-06,,1.4816524279162847e-06,,2.244753749554803e-06,,2.8021210277548812e-06,,2.725714182848035e-06,,5.07979083285804e-06,
2632,Classical_Unknown_mic_to_bad_takamine_EG440SC_mic,7.308370851710344e-06,,5.522274347505859e-06,,6.103554885738147e-06,,2.432735002831077e-06,,2.5803329370497505e-06,,2.6149214763472582e-06,
2633,Classical_Unknown_mic_to_bad_takamine_EG440SC_piezo,5.3094319881271955e-06,,5.382217557465933e-06,,6.137267606838219e-06,,4.07406532535685e-06,,4.6974952554598e-06,,4.022389746578692e-06,
2634,Classical_Unknown_piezo_to_bad_takamine_EG440SC_mic,3.946567943850394e-06,,3.204121716369996e-06,,6.8899914878518325e-06,,2.211805196776418e-06,,3.308129287096249e-06,,2.4799417467086928e-06,
2635,Classical_Unknown_piezo_to_bad_takamine_EG440SC_piezo,1.6936386593298767e-06,,1.562297734002311e-06,,2.861634941257815e-06,,2.5267590425522155e-06,,2.45451501189643e-06,,3.895991892334888e-06,
2636,Classical_Unknown_mic_to_bad_takamine_EG440SC_mic,6.215490156446541e-06,,6.107236145345068e-06,,8.843587014278994e-06,,2.5600822344276093e-06,,2.6192941205373123e-06,,2.3225865614941775e-06,
2637,Classical_Unknown_mic_to_bad_takamine_EG440SC_piezo,5.708670713027951e-06,,5.100714736424162e-06,,6.61354566036608e-06,,3.871451240925044e-06,,4.6899335069038095e-06,,4.114210372803971e-06,
2638,Classical_Unknown_piezo_to_bad_takamine_EG440SC_mic,3.816319194885072e-06,,3.97804536652393e-06,,6.04824210281279e-06,,2.4668534772091745e-06,,3.0774324852706854e-06,,2.666211466672736e-06,
2639,Classical_Unknown_piezo_to_bad_takamine_EG440SC_piezo,2.000075751045527e-06,,1.6960413069110806e-06,,3.2324843054337293e-06,,2.5101028794287447e-06,,2.4351338141942452e-06,,3.1877085168838467e-06,
2640,Classical_Unknown_mic_to_bad_takamine_EG440SC_mic,3.709637819916657e-06,,7.24995195915174e-06,,5.248954779387696e-06,,2.0477315465783916e-06,,1.9429982375584024e-06,,2.177607553545602e-06,
2641,Classical_Unknown_mic_to_bad_takamine_EG440SC_piezo,2.7282626412617794e-06,,3.6971405815176717e-06,,6.382085069583689e-06,,2.7867803051726352e-06,,3.293823431222214e-06,,4.143264918829809e-06,
2642,Classical_Unknown_piezo_to_bad_takamine_EG440SC_mic,3.7262075066880795e-06,,7.343373199169791e-06,,4.534026658040036e-06,,2.0877902860581355e-06,,2.2833529885924197e-06,,1.9496009269936545e-06,
2643,Classical_Unknown_piezo_to_bad_takamine_EG440SC_piezo,2.536348643060864e-06,,3.39296873237954e-06,,3.0108972262280667e-06,,4.862191247018305e-06,,4.657435405108216e-06,,3.698829491678562e-06,
2644,Classical_Unknown_mic_to_bad_takamine_EG440SC_mic,4.031181928173549e-06,,5.4420193380222975e-06,,4.6014826339495315e-06,,1.9378416645982804e-06,,1.618020486303173e-06,,2.156255861140912e-06,
2645,Classical_Unknown_mic_to_bad_takamine_EG440SC_piezo,3.429864119575315e-06,,5.462113401187524e-06,,5.8082862532460994e-06,,2.423801031750595e-06,,4.422024242661244e-06,,3.997699520154203e-06,
2646,Classical_Unknown_piezo_to_bad_takamine_EG440SC_mic,4.7986610563581514e-06,,6.804603215243045e-06,,7.042676223204869e-06,,1.621717363981892e-06,,2.2787942106014655e-06,,1.932591933512126e-06,
2647,Classical_Unknown_piezo_to_bad_takamine_EG440SC_piezo,3.959886061082664e-06,,2.2397939254974646e-06,,3.1019998071309995e-06,,3.079898768516667e-06,,5.238850409094819e-06,,2.976316460669229e-06,
2648,Classical_Unknown_mic_to_bad_takamine_EG440SC_mic,6.075336806342472e-06,,3.7925805729910876e-06,,3.5452416474330286e-06,,2.0248883219824987e-06,,1.7921883568162366e-06,,1.7577546967763215e-06,
2649,Classical_Unknown_mic_to_bad_takamine_EG440SC_piezo,2.8458946684211218e-06,,7.113029005042156e-06,,7.168595256593817e-06,,2.285123732216775e-06,,3.3024266639122686e-06,,4.742438925315455e-06,
2650,Classical_Unknown_piezo_to_bad_takamine_EG440SC_mic,4.344306890063439e-06,,5.953403227195764e-06,,6.849334844920795e-06,,2.6137294889630086e-06,,1.9285231469130564e-06,,2.296056302377922e-06,
2651,Classical_Unknown_piezo_to_bad_takamine_EG440SC_piezo,2.5355014854766834e-06,,2.6258222646450797e-06,,4.675577465602848e-06,,3.5189331348136052e-06,,4.249559190056829e-06,,4.3010884333714325e-06,
2652,Classical_Unknown_mic_to_bad_takamine_EG440SC_mic,5.748647504319039e-06,,4.31319484375298e-06,,5.9700139313764175e-06,,1.756465780852936e-06,,1.8134879405860322e-06,,2.0910251885123176e-06,
2653,Classical_Unknown_mic_to_bad_takamine_EG440SC_piezo,3.5117405784975533e-06,,8.463714469989804e-06,,6.795471551473633e-06,,2.2045090523897025e-06,,2.453224807012391e-06,,4.167645035339324e-06,
2654,Classical_Unknown_piezo_to_bad_takamine_EG440SC_mic,4.475964192901746e-06,,4.711837671035978e-06,,6.212411131649582e-06,,2.0236784677536367e-06,,1.8202568800375903e-06,,2.5493290930219084e-06,
2655,Classical_Unknown_piezo_to_bad_takamine_EG440SC_piezo,3.406065532798889e-06,,2.777672864820509e-06,,3.5657668637164382e-06,,2.9716441602418027e-06,,4.429005240667435e-06,,3.2562302483453483e-06,
2656,Classical_Unknown_mic_to_bad_takamine_EG440SC_mic,5.378693066167733e-06,,4.122265337856395e-06,,4.095341215318674e-06,,1.947236263740578e-06,,1.770779353088252e-06,,2.2186642835345555e-06,
2657,Classical_Unknown_mic_to_bad_takamine_EG440SC_piezo,4.57411121933886e-06,,8.269980249970579e-06,,6.632315777436225e-06,,2.3651881683155504e-06,,2.3074683688058447e-06,,4.287997654688074e-06,
2658,Classical_Unknown_piezo_to_bad_takamine_EG440SC_mic,6.036847755513429e-06,,4.472861336925888e-06,,6.645927573749957e-06,,2.045943517230767e-06,,1.9461648305010892e-06,,2.6471159887382002e-06,
2659,Classical_Unknown_piezo_to_bad_takamine_EG440SC_piezo,4.852971427297822e-06,,2.653278746555813e-06,,5.04883967575921e-06,,2.9901493819878986e-06,,4.878759739779105e-06,,3.48272684118508e-06,
2660,Classical_Unknown_mic_to_bad_takamine_EG440SC_mic,3.3149920606946517e-06,,3.2660303179153863e-06,,4.167041781547115e-06,,1.3914452605559414e-06,,1.454641482743585e-06,,2.081207820984917e-06,
2661,Classical_Unknown_mic_to_bad_takamine_EG440SC_piezo,4.424954091086783e-06,,3.8163051246382916e-06,,5.198813357083828e-06,,2.97197731196974e-06,,2.9970931150388222e-06,,4.942741454197861e-06,
2662,Classical_Unknown_piezo_to_bad_takamine_EG440SC_mic,7.138670243418602e-06,,4.059324849365137e-06,,6.493325807226205e-06,,1.7409284431921105e-06,,1.8995577906149484e-06,,1.4623958684677388e-06,
2663,Classical_Unknown_piezo_to_bad_takamine_EG440SC_piezo,2.3034383725876347e-06,,2.338809037328288e-06,,3.72934549275036e-06,,3.6510409485408684e-06,,5.12551430990365e-06,,3.495115516730403e-06,
2664,Classical_Unknown_mic_to_bad_takamine_EG440SC_mic,4.964541468511154e-06,,8.565145012143144e-06,,6.859186341307447e-06,,2.026125077669022e-06,,2.4259184210537173e-06,,2.3603780800383642e-06,
2665,Classical_Unknown_mic_to_bad_takamine_EG440SC_piezo,5.622412231114528e-06,,8.35168985550795e-06,,5.790714618075308e-06,,2.536549117242576e-06,,3.705706960482974e-06,,4.2066339533519595e-06,
2666,Classical_Unknown_piezo_to_bad_takamine_EG440SC_mic,2.0752002955025188e-06,,2.0001022320749664e-06,,5.6972475445053466e-06,,2.820467912346319e-06,,3.263232649509321e-06,,2.4339653634494494e-06,
2667,Classical_Unknown_piezo_to_bad_takamine_EG440SC_piezo,1.7996113680340482e-06,,1.8763836085791585e-06,,2.621499018616437e-06,,3.834556707425086e-06,,3.3622955509688313e-06,,3.869481724780079e-06,
2668,Classical_Unknown_mic_to_bad_takamine_EG440SC_mic,5.214183773288821e-06,,8.60656415293623e-06,,5.938144345853329e-06,,1.6143217153919065e-06,,2.7315682822093774e-06,,2.414946079097889e-06,
2669,Classical_Unknown_mic_to_bad_takamine_EG440SC_piezo,7.402814617650597e-06,,5.155744032278545e-06,,5.585094682921471e-06,,4.327219315437965e-06,,3.8083040838835207e-06,,4.57711417669405e-06,
2670,Classical_Unknown_piezo_to_bad_takamine_EG440SC_mic,2.395051282310221e-06,,2.1893169438310538e-06,,5.554783194110888e-06,,2.663031457892837e-06,,3.078784732248595e-06,,2.6257148076670445e-06,
2671,Classical_Unknown_piezo_to_bad_takamine_EG440SC_piezo,1.8228315092695773e-06,,1.9128668336466493e-06,,2.722884987002119e-06,,4.00466920662313e-06,,3.509867648387456e-06,,4.687804326833775e-06,
2672,Classical_Unknown_mic_to_bad_takamine_EG440SC_mic,4.881509045092903e-06,,8.193480997517328e-06,,5.450220440760671e-06,,1.8987852148357154e-06,,2.459017011629358e-06,,2.2264020818188537e-06,
2673,Classical_Unknown_mic_to_bad_takamine_EG440SC_piezo,5.768896773547796e-06,,5.2979447548634426e-06,,6.731248917827481e-06,,4.048440397409985e-06,,3.7832096634885932e-06,,4.066223448960552e-06,
2674,Classical_Unknown_piezo_to_bad_takamine_EG440SC_mic,3.0596767091590713e-06,,2.7689567520259373e-06,,6.144248301777959e-06,,2.407085600770664e-06,,3.443536282137678e-06,,2.585976520724534e-06,
2675,Classical_Unknown_piezo_to_bad_takamine_EG440SC_piezo,1.9903202208533576e-06,,2.1346813313526946e-06,,3.5499432618194593e-06,,3.53929335677401e-06,,3.2686186931696025e-06,,3.7349053462972863e-06,
2676,Classical_Unknown_mic_to_bad_takamine_EG440SC_mic,5.366347056057161e-06,,5.9120953483786375e-06,,6.395560916220098e-06,,2.4690415418989804e-06,,2.664725826470034e-06,,2.370560114595826e-06,
2677,Classical_Unknown_mic_to_bad_takamine_EG440SC_piezo,3.2833440970094115e-06,,7.686401302976696e-06,,5.660895172116491e-06,,2.5253037084833696e-06,,2.6578400235121036e-06,,3.902923185581615e-06,
2678,Classical_Unknown_piezo_to_bad_takamine_EG440SC_mic,2.7942274247283618e-06,,2.5197633720550966e-06,,5.554120250400935e-06,,2.6219576842212656e-06,,3.1436407539724355e-06,,2.5897627435467265e-06,
2679,Classical_Unknown_piezo_to_bad_takamine_EG440SC_piezo,1.5485178764059165e-06,,1.4860728339347892e-06,,2.2063290079683694e-06,,2.904936744692595e-06,,2.757969818557361e-06,,5.136711149857073e-06,
2680,Classical_Unknown_mic_to_bad_takamine_EG440SC_mic,5.947163648447735e-06,,5.543926861273413e-06,,9.116617252210757e-06,,2.539883559255034e-06,,2.730647784238949e-06,,2.5072183353516458e-06,
2681,Classical_Unknown_mic_to_bad_takamine_EG440SC_piezo,5.345668747395634e-06,,5.523226021994052e-06,,6.408011923320818e-06,,4.08001474628848e-06,,4.870039590310327e-06,,4.0547228365293665e-06,
2682,Classical_Unknown_piezo_to_bad_takamine_EG440SC_mic,5.197664025416766e-06,,3.195418903484025e-06,,6.274921955902842e-06,,2.214494469785833e-06,,3.260551197985999e-06,,2.39699375153156e-06,
2683,Classical_Unknown_piezo_to_bad_takamine_EG440SC_piezo,1.69275298202388e-06,,1.5591637216043775e-06,,2.943449812800318e-06,,2.5607641265709246e-06,,2.4898914955054257e-06,,3.7678929791693625e-06,
2684,Classical_Unknown_mic_to_bad_takamine_EG440SC_mic,5.662564315066599e-06,,5.687194945429154e-06,,6.319096418951322e-06,,2.5176325326675074e-06,,2.611108221977086e-06,,2.3268473011688737e-06,
2685,Classical_Unknown_mic_to_bad_takamine_EG440SC_piezo,5.6070332455616625e-06,,5.750381225242157e-06,,7.132862318320237e-06,,3.502416625748919e-06,,4.010602951449969e-06,,4.168224867938722e-06,
2686,Classical_Unknown_piezo_to_bad_takamine_EG440SC_mic,4.198354134329998e-06,,3.836809512659008e-06,,5.712715531199162e-06,,2.425569252945971e-06,,3.1019767857139777e-06,,2.7516290249120096e-06,
2687,Classical_Unknown_piezo_to_bad_takamine_EG440SC_piezo,1.8895158476086856e-06,,1.6606392728319903e-06,,3.1868492878066484e-06,,2.485071177011996e-06,,2.4413705489632644e-06,,3.13036254577803e-06,
2688,Classical_Unknown_mic_to_bad_takamine_EG440SC_mic,3.6959553582759323e-06,,3.6104931861334145e-06,,4.947875231054321e-06,,1.6396733390976692e-06,,1.6801830564001743e-06,,1.93959543491299e-06,
2689,Classical_Unknown_mic_to_bad_takamine_EG440SC_piezo,3.1674190701316487e-06,,8.11276795552044e-06,,6.654231337259491e-06,,2.9370824575901173e-06,,3.932107072620123e-06,,4.40956016087161e-06,
2690,Classical_Unknown_piezo_to_bad_takamine_EG440SC_mic,4.838555913962905e-06,,5.9182046687750935e-06,,5.0226107396486766e-06,,2.0319806191728704e-06,,1.8798772699762101e-06,,2.8485306068820486e-06,
2691,Classical_Unknown_piezo_to_bad_takamine_EG440SC_piezo,4.781399000661636e-06,,3.584148771252677e-06,,3.062030421353288e-06,,3.279251849431522e-06,,4.281675714360863e-06,,2.9217747089769465e-06,
2692,Classical_Unknown_mic_to_bad_takamine_EG440SC_mic,3.4044782314855596e-06,,5.4051261493274435e-06,,4.044315569800019e-06,,1.5821992159977208e-06,,1.5944380166408126e-06,,2.0858971936004003e-06,
2693,Classical_Unknown_mic_to_bad_takamine_EG440SC_piezo,5.416283184041836e-06,,6.756904307323871e-06,,6.23203153327893e-06,,2.5942154984016844e-06,,3.468582056043576e-06,,5.159263098890175e-06,
2694,Classical_Unknown_piezo_to_bad_takamine_EG440SC_mic,5.3619448685415395e-06,,6.607891520874515e-06,,5.407750352215212e-06,,1.8489282349787304e-06,,1.7909555246647043e-06,,2.048759819800861e-06,
2695,Classical_Unknown_piezo_to_bad_takamine_EG440SC_piezo,3.109538237836568e-06,,2.8230470998425e-06,,2.390432830563639e-06,,4.260255819491415e-06,,5.008478760096137e-06,,4.587278134325825e-06,
2696,Classical_Unknown_mic_to_bad_takamine_EG440SC_mic,5.850851798408682e-06,,5.461780503659977e-06,,4.250382653638092e-06,,1.7738266380265082e-06,,1.6350626306964764e-06,,2.24516405923765e-06,
2697,Classical_Unknown_mic_to_bad_takamine_EG440SC_piezo,4.0163529336027694e-06,,4.53088229245995e-06,,4.538775820500865e-06,,2.9376958698310062e-06,,3.0754282184527945e-06,,5.048353369476068e-06,
2698,Classical_Unknown_piezo_to_bad_takamine_EG440SC_mic,7.054360272120287e-06,,7.429548010432312e-06,,6.782999257467056e-06,,2.8054871313845365e-06,,1.9522901231046918e-06,,1.9033016345052802e-06,
2699,Classical_Unknown_piezo_to_bad_takamine_EG440SC_piezo,2.91944648884144e-06,,3.181693347260905e-06,,4.521523068885767e-06,,2.9153164703201066e-06,,4.452777475547159e-06,,4.435564822573701e-06,
2700,Classical_Unknown_mic_to_bad_takamine_EG440SC_mic,4.212145995052495e-06,,2.6993399275679574e-06,,5.4148709664550205e-06,,1.9364224952978424e-06,,1.6880380160816656e-06,,2.454661008182234e-06,
2701,Classical_Unknown_mic_to_bad_takamine_EG440SC_piezo,5.773012371150031e-06,,5.5458051097747126e-06,,4.585854636464484e-06,,3.1533793117478528e-06,,3.5314975335958e-06,,3.863884382753381e-06,
2702,Classical_Unknown_piezo_to_bad_takamine_EG440SC_mic,5.5150057077294455e-06,,6.165897657573125e-06,,6.5376030859226035e-06,,1.566497317568155e-06,,1.739716360533168e-06,,2.6145450620581284e-06,
2703,Classical_Unknown_piezo_to_bad_takamine_EG440SC_piezo,3.0754176304174484e-06,,2.9080328577895313e-06,,3.0782764878679383e-06,,2.7425451947224016e-06,,3.9248418300376875e-06,,3.007508952084647e-06,
2704,Classical_Unknown_mic_to_bad_takamine_EG440SC_mic,4.93069799923691e-06,,5.6297772143801175e-06,,4.387429545299257e-06,,2.0175873737674968e-06,,2.1445900786879114e-06,,2.56572883264004e-06,
2705,Classical_Unknown_mic_to_bad_takamine_EG440SC_piezo,4.205707488022463e-06,,7.629417072166699e-06,,5.369268691190833e-06,,2.848395700659179e-06,,4.114881176454437e-06,,3.67188137011404e-06,
2706,Classical_Unknown_piezo_to_bad_takamine_EG440SC_mic,5.868004250584079e-06,,5.0391730778667235e-06,,6.922854313075806e-06,,1.8897192383036486e-06,,2.1856809422244203e-06,,2.3762527785002395e-06,
2707,Classical_Unknown_piezo_to_bad_takamine_EG440SC_piezo,3.7708656441041407e-06,,2.7109683202839096e-06,,3.2463685299045753e-06,,3.328330891720302e-06,,5.1747309325511116e-06,,3.202078725783383e-06,
2708,Classical_Unknown_mic_to_bad_takamine_EG440SC_mic,5.789934577632394e-06,,3.698860773196181e-06,,5.7392431123027174e-06,,1.72084366970184e-06,,1.7781500650018529e-06,,2.3892417486022885e-06,
2709,Classical_Unknown_mic_to_bad_takamine_EG440SC_piezo,5.142778750592253e-06,,6.124238538636274e-06,,6.940891251293624e-06,,3.02207043998151e-06,,4.834044111540757e-06,,3.939852706524972e-06,
2710,Classical_Unknown_piezo_to_bad_takamine_EG440SC_mic,4.07860237603045e-06,,4.1436317896575835e-06,,5.485210978252956e-06,,1.3443602854942238e-06,,2.2376972025356115e-06,,1.414018968021703e-06,
2711,Classical_Unknown_piezo_to_bad_takamine_EG440SC_piezo,3.0798745572791125e-06,,3.789076062710505e-06,,3.8917532228753455e-06,,3.0970339607882473e-06,,3.581163213210446e-06,,4.018647191241579e-06,
2712,Classical_Unknown_mic_to_bad_takamine_EG440SC_mic,4.8294366820688305e-06,,4.07581794669291e-06,,6.404528093228324e-06,,2.0449403606753482e-06,,2.645038147062916e-06,,2.632806907541039e-06,
2713,Classical_Unknown_mic_to_bad_takamine_EG440SC_piezo,6.038205358310189e-06,,6.760618341040596e-06,,8.076215891234186e-06,,4.240168786990153e-06,,3.5729549624691582e-06,,5.0443665203002715e-06,
2714,Classical_Unknown_piezo_to_bad_takamine_EG440SC_mic,4.8231237579022274e-06,,3.319907209834925e-06,,4.634162803204979e-06,,1.7959802568775844e-06,,2.2285094537670013e-06,,2.9066089401893115e-06,
2715,Classical_Unknown_piezo_to_bad_takamine_EG440SC_piezo,2.1724491387172754e-06,,2.421416903276378e-06,,2.0829777746123937e-06,,4.759348415471205e-06,,4.959590030319841e-06,,3.6138701900934704e-06,
2716,Classical_Unknown_mic_to_bad_takamine_EG440SC_mic,2.924104539660355e-06,,3.5653452422016125e-06,,4.824064946176808e-06,,2.398448647708187e-06,,2.9033057813132496e-06,,2.849892057664606e-06,
2717,Classical_Unknown_mic_to_bad_takamine_EG440SC_piezo,6.343100000756615e-06,,3.546899567054989e-06,,5.93735436955987e-06,,3.529109437386479e-06,,3.178020111905031e-06,,4.088352410269229e-06,
2718,Classical_Unknown_piezo_to_bad_takamine_EG440SC_mic,3.999402668875318e-06,,5.314658861387677e-06,,6.937781766980068e-06,,2.442864234961758e-06,,1.8622889235242466e-06,,2.0913588027750752e-06,
2719,Classical_Unknown_piezo_to_bad_takamine_EG440SC_piezo,2.055545614975968e-06,,2.422604309333917e-06,,2.4143344207265093e-06,,3.7893693508739403e-06,,4.301228170755832e-06,,4.385708049168307e-06,
2720,Classical_Unknown_mic_to_bad_takamine_EG440SC_mic,3.1093832334765715e-06,,5.096699409335593e-06,,4.738311218876512e-06,,3.04846787840176e-06,,3.242978646303455e-06,,2.5090328328367518e-06,
2721,Classical_Unknown_mic_to_bad_takamine_EG440SC_piezo,4.564231707842028e-06,,4.693111057007568e-06,,4.613663115609326e-06,,3.4909501812283937e-06,,3.7299289411992932e-06,,3.859133006738072e-06,
2722,Classical_Unknown_piezo_to_bad_takamine_EG440SC_mic,5.8271826443979175e-06,,6.496910350212723e-06,,6.052655497879959e-06,,2.1736304296351523e-06,,2.018675142388593e-06,,1.831449721480033e-06,
2723,Classical_Unknown_piezo_to_bad_takamine_EG440SC_piezo,2.4149499929105037e-06,,2.798863516518016e-06,,2.9452060564473098e-06,,2.4919504945505335e-06,,4.870801728866757e-06,,4.854098303231969e-06,
2724,Classical_Unknown_mic_to_bad_takamine_EG440SC_mic,8.175111561046356e-06,,8.353057671640781e-06,,4.502069989013266e-06,,2.2511204099834033e-06,,2.3157430238449874e-06,,2.2594138422850663e-06,
2725,Classical_Unknown_mic_to_bad_takamine_EG440SC_piezo,2.6032190143740164e-06,,6.569145548024448e-06,,5.799516181937744e-06,,2.2341693857453237e-06,,2.8555730018651104e-06,,3.8616237799621434e-06,
2726,Classical_Unknown_piezo_to_bad_takamine_EG440SC_mic,3.946056642575e-06,,3.5792915400452887e-06,,7.590809281245004e-06,,2.271418786795971e-06,,2.895128029872222e-06,,2.0835926312338056e-06,
2727,Classical_Unknown_piezo_to_bad_takamine_EG440SC_piezo,1.649778888768719e-06,,1.6247303177275317e-06,,1.9167335857210325e-06,,3.074940887722234e-06,,2.6224424747703835e-06,,3.4524489696325247e-06,
2728,Classical_Unknown_mic_to_bad_takamine_EG440SC_mic,3.419379011843048e-06,,4.523094341590003e-06,,4.460905854342839e-06,,2.693894951596684e-06,,2.8531795282960722e-06,,2.372744102405923e-06,
2729,Classical_Unknown_mic_to_bad_takamine_EG440SC_piezo,4.183637882055468e-06,,8.421056131029676e-06,,7.652306255338567e-06,,3.902422369733815e-06,,3.3149650698165214e-06,,4.186532172589264e-06,
2730,Classical_Unknown_piezo_to_bad_takamine_EG440SC_mic,3.7948672239015896e-06,,4.228940645524574e-06,,5.9497137913106185e-06,,2.17173452014648e-06,,2.983764749371244e-06,,2.152484055101967e-06,
2731,Classical_Unknown_piezo_to_bad_takamine_EG440SC_piezo,2.3672682560063043e-06,,1.9597534957821877e-06,,2.149508507568881e-06,,3.229181965889418e-06,,2.8709359105046444e-06,,3.196763596986982e-06,
2732,Classical_Unknown_mic_to_bad_takamine_EG440SC_mic,3.818735371583815e-06,,3.628441089091082e-06,,4.482772633292052e-06,,2.7368211957253174e-06,,2.717309663668576e-06,,2.7755397761131583e-06,
2733,Classical_Unknown_mic_to_bad_takamine_EG440SC_piezo,5.341191007952649e-06,,3.965732336268137e-06,,6.832322334529257e-06,,3.7006986585635454e-06,,4.078499368501746e-06,,4.08621808862247e-06,
2734,Classical_Unknown_piezo_to_bad_takamine_EG440SC_mic,4.603758929284466e-06,,6.059243945337971e-06,,5.474634213687239e-06,,2.443908955834104e-06,,2.6266265104705207e-06,,2.30443123544024e-06,
2735,Classical_Unknown_piezo_to_bad_takamine_EG440SC_piezo,2.8793610830016325e-06,,2.0976700762991925e-06,,2.352887704368718e-06,,3.607967747036278e-06,,2.812111070456861e-06,,3.352121393668241e-06,
2736,Classical_Unknown_mic_to_Vi_Yamaha_F335_mic,4.0928443310930635e-06,,3.481627141227383e-06,,4.166505980666431e-06,,3.9751419097847664e-06,,4.366215242509893e-06,,4.2928032740628545e-06,
2737,Classical_Unknown_mic_to_Vi_Yamaha_F335_piezo,2.2793007032412524e-06,,2.4117217103378636e-06,,1.9845043103183992e-06,,2.297800721638983e-06,,1.895227441532338e-06,,2.7019637654979096e-06,
2738,Classical_Unknown_piezo_to_Vi_Yamaha_F335_mic,3.1756735686218964e-06,,3.6373315977476316e-06,,4.944503892451576e-06,,3.847448919951409e-06,,4.836807223399767e-06,,4.341054121524205e-06,
2739,Classical_Unknown_piezo_to_Vi_Yamaha_F335_piezo,4.962671692126989e-06,,6.538540472888696e-06,,3.0905426204007604e-06,,3.2575731737082046e-06,,1.8892702814746054e-06,,2.2355857300078197e-06,
2740,Classical_Unknown_mic_to_Vi_Yamaha_F335_mic,3.9623500064080264e-06,,5.078941049401738e-06,,4.320463685804677e-06,,4.893903506429852e-06,,3.978998135392558e-06,,4.695643254589415e-06,
2741,Classical_Unknown_mic_to_Vi_Yamaha_F335_piezo,2.1667398210052366e-06,,1.9520933158692844e-06,,1.91576677355234e-06,,2.379932189608802e-06,,2.106873608222099e-06,,3.063330743530202e-06,
2742,Classical_Unknown_piezo_to_Vi_Yamaha_F335_mic,2.278306874214907e-06,,2.8450211542118986e-06,,5.827178584127959e-06,,3.4365957864367853e-06,,5.074794658959788e-06,,4.009930558561656e-06,
2743,Classical_Unknown_piezo_to_Vi_Yamaha_F335_piezo,3.6864997564767336e-06,,4.360802510105404e-06,,2.468192581338478e-06,,4.048250878898188e-06,,2.3626808587947194e-06,,2.64582126222698e-06,
2744,Classical_Unknown_mic_to_Vi_Yamaha_F335_mic,3.5005070853719508e-06,,4.961717895399855e-06,,3.9504597170110495e-06,,3.0205283639687205e-06,,4.517933128766181e-06,,4.2139818553195116e-06,
2745,Classical_Unknown_mic_to_Vi_Yamaha_F335_piezo,1.9074462990385443e-06,,2.097173969495333e-06,,2.0079369984232446e-06,,2.467132106862195e-06,,1.8710847780724156e-06,,2.6421297820025537e-06,
2746,Classical_Unknown_piezo_to_Vi_Yamaha_F335_mic,4.1264537048831945e-06,,4.029585778870661e-06,,6.049930795403583e-06,,4.421413099951669e-06,,4.030949460946016e-06,,3.695508900843335e-06,
2747,Classical_Unknown_piezo_to_Vi_Yamaha_F335_piezo,2.523644854795359e-06,,6.7065397423599225e-06,,2.2568184345173973e-06,,2.5751496975913187e-06,,2.110088576603578e-06,,2.429550765807029e-06,
2748,Classical_Unknown_mic_to_Vi_Yamaha_F335_mic,3.4344705541122823e-06,,3.5358188742710914e-06,,3.7394471073551457e-06,,3.3657259301554027e-06,,3.822089858605047e-06,,5.388423894974469e-06,
2749,Classical_Unknown_mic_to_Vi_Yamaha_F335_piezo,4.923357230710463e-06,,2.3766361519302897e-06,,2.1524504765634964e-06,,2.1771429631763323e-06,,2.0106425606722906e-06,,2.5853403920653702e-06,
2750,Classical_Unknown_piezo_to_Vi_Yamaha_F335_mic,2.910296114555918e-06,,3.3731884366417487e-06,,6.227376136892119e-06,,4.349255741449947e-06,,5.439094015176857e-06,,4.1994866326712795e-06,
2751,Classical_Unknown_piezo_to_Vi_Yamaha_F335_piezo,2.4330616651721516e-06,,1.8356911787765238e-06,,2.1412226364889856e-06,,4.384777088282997e-06,,3.1195065518960153e-06,,2.6121191383108574e-06,
2752,Classical_Unknown_mic_to_Vi_Yamaha_F335_mic,3.4200097566151938e-06,,3.394897763897603e-06,,3.3395208152415892e-06,,3.3825542017901558e-06,,4.00056986055992e-06,,4.730665166617063e-06,
2753,Classical_Unknown_mic_to_Vi_Yamaha_F335_piezo,1.837352416060216e-06,,2.1085500812726274e-06,,2.20132404930376e-06,,2.287677056497198e-06,,1.934726453363949e-06,,3.1748686676974667e-06,
2754,Classical_Unknown_piezo_to_Vi_Yamaha_F335_mic,3.90931378777302e-06,,3.2131984408580074e-06,,4.508948023275438e-06,,4.404170161063549e-06,,5.204523925503988e-06,,4.2029948149403195e-06,
2755,Classical_Unknown_piezo_to_Vi_Yamaha_F335_piezo,2.0371167208582447e-06,,1.7677677289082506e-06,,2.138225783478615e-06,,3.8071558671631833e-06,,3.3870045127481188e-06,,3.304414672026641e-06,
2756,Classical_Unknown_mic_to_Vi_Yamaha_F335_mic,4.083179432712376e-06,,3.00816968006744e-06,,4.064420848476094e-06,,3.494150309290718e-06,,4.683008417714574e-06,,4.875878739620429e-06,
2757,Classical_Unknown_mic_to_Vi_Yamaha_F335_piezo,6.385990710795127e-06,,2.0818729529709078e-06,,2.602262583411265e-06,,2.5394539041228207e-06,,1.8261266580922515e-06,,2.822227459671402e-06,
2758,Classical_Unknown_piezo_to_Vi_Yamaha_F335_mic,2.9291939151011966e-06,,3.3981327852460105e-06,,5.7998518210767376e-06,,3.95068929664172e-06,,5.584584901757322e-06,,2.2012227008438866e-06,
2759,Classical_Unknown_piezo_to_Vi_Yamaha_F335_piezo,2.2556833856111373e-06,,1.8571219052354871e-06,,2.2617090986039748e-06,,3.035675348859809e-06,,3.5187730526670437e-06,,3.2562445300888023e-06,
2760,Classical_Unknown_mic_to_Vi_Yamaha_F335_mic,7.603912222381433e-06,,7.013453029982292e-06,,3.881580502815797e-06,,3.093693993339645e-06,,4.4283944075632265e-06,,4.998144211215208e-06,
2761,Classical_Unknown_mic_to_Vi_Yamaha_F335_piezo,1.5423312561459592e-06,,1.5911088076999306e-06,,1.6641818996088614e-06,,2.715602480835554e-06,,2.3093629267463235e-06,,3.5024178399639757e-06,
2762,Classical_Unknown_piezo_to_Vi_Yamaha_F335_mic,2.0657959255566456e-06,,2.2793557456896034e-06,,4.0402737528506995e-06,,2.5852551576675987e-06,,2.6926297325957383e-06,,4.050180910436648e-06,
2763,Classical_Unknown_piezo_to_Vi_Yamaha_F335_piezo,3.3331858449212703e-06,,2.973955424451322e-06,,1.780233290386927e-06,,2.992581951784199e-06,,3.2902692319930436e-06,,2.514114583815418e-06,
2764,Classical_Unknown_mic_to_Vi_Yamaha_F335_mic,2.8584965260478626e-06,,4.965404175442191e-06,,3.376661649957621e-06,,4.0640177769048545e-06,,3.9006573824204896e-06,,5.567828503550786e-06,
2765,Classical_Unknown_mic_to_Vi_Yamaha_F335_piezo,2.3038677754096486e-06,,1.7923652676504147e-06,,2.1772287406742668e-06,,2.6289009523084454e-06,,2.149847927943367e-06,,4.204723653910537e-06,
2766,Classical_Unknown_piezo_to_Vi_Yamaha_F335_mic,2.2739351570334014e-06,,2.645048729227045e-06,,5.894851767847065e-06,,2.442720908354099e-06,,2.6264315012828647e-06,,4.437438941238977e-06,
2767,Classical_Unknown_piezo_to_Vi_Yamaha_F335_piezo,2.2999264078195077e-06,,3.6962685912491308e-06,,2.361629048882837e-06,,1.6433322140396667e-06,,1.864523737977598e-06,,2.203354062223597e-06,
2768,Classical_Unknown_mic_to_Vi_Yamaha_F335_mic,4.395704334315974e-06,,5.758330940042132e-06,,5.669893585922898e-06,,4.129030670627191e-06,,4.971560128132646e-06,,4.432984850215524e-06,
2769,Classical_Unknown_mic_to_Vi_Yamaha_F335_piezo,1.6867640654401048e-06,,1.9065253235869645e-06,,1.5809287221378455e-06,,3.077446948215873e-06,,2.6480096755631163e-06,,3.3804741635374835e-06,
2770,Classical_Unknown_piezo_to_Vi_Yamaha_F335_mic,2.6866042615326752e-06,,4.0518272395796045e-06,,5.144911388369651e-06,,2.7000119157161284e-06,,3.0607181747808914e-06,,4.342737538791458e-06,
2771,Classical_Unknown_piezo_to_Vi_Yamaha_F335_piezo,2.2857955268553024e-06,,3.851868956854403e-06,,2.196474053863593e-06,,2.480513685040855e-06,,2.6870964716757045e-06,,2.650931963962704e-06,
2772,Classical_Unknown_mic_to_Vi_Yamaha_F335_mic,3.684629827484661e-06,,3.492646047007522e-06,,3.011408819182242e-06,,3.6994077155318497e-06,,4.57822839959379e-06,,5.119289235664158e-06,
2773,Classical_Unknown_mic_to_Vi_Yamaha_F335_piezo,1.6323891785509864e-06,,1.5307241904511332e-06,,1.6773292847675516e-06,,2.592426925378694e-06,,2.25092920789354e-06,,3.46777378649806e-06,
2774,Classical_Unknown_piezo_to_Vi_Yamaha_F335_mic,3.681088767397293e-06,,3.292479879235269e-06,,6.8890440648233645e-06,,3.810369158434765e-06,,3.861253120097217e-06,,3.998557774759258e-06,
2775,Classical_Unknown_piezo_to_Vi_Yamaha_F335_piezo,1.8189453026829964e-06,,2.1443448918801086e-06,,2.5353114263990434e-06,,2.7287751401632458e-06,,2.834446463637396e-06,,2.9701641630347234e-06,
2776,Classical_Unknown_mic_to_Vi_Yamaha_F335_mic,3.972411217177035e-06,,5.4084633088624755e-06,,3.883029280859002e-06,,3.997169420810284e-06,,3.830623839980345e-06,,5.803003559015688e-06,
2777,Classical_Unknown_mic_to_Vi_Yamaha_F335_piezo,2.382239346144462e-06,,1.6381106982606611e-06,,1.5924498553617691e-06,,2.8814212451043057e-06,,2.4240293905806255e-06,,3.536677753418314e-06,
2778,Classical_Unknown_piezo_to_Vi_Yamaha_F335_mic,4.5379564102663e-06,,3.866065949889305e-06,,4.023388453419886e-06,,3.306129936644453e-06,,3.32501060347789e-06,,4.209628934123665e-06,
2779,Classical_Unknown_piezo_to_Vi_Yamaha_F335_piezo,2.265300128316847e-06,,2.3781240263661425e-06,,2.9280982384219466e-06,,1.8929671510910716e-06,,3.779360939838631e-06,,1.7565636964560619e-06,
2780,Classical_Unknown_mic_to_Vi_Yamaha_F335_mic,4.391873683727014e-06,,7.068091138811114e-06,,4.544592330219478e-06,,3.895043884208561e-06,,3.4163663813387314e-06,,5.441495746479763e-06,
2781,Classical_Unknown_mic_to_Vi_Yamaha_F335_piezo,1.8523615958685357e-06,,1.6583364988806323e-06,,1.6474618359202073e-06,,2.9113576230719943e-06,,2.5066847025691408e-06,,3.3241772037673368e-06,
2782,Classical_Unknown_piezo_to_Vi_Yamaha_F335_mic,3.4235159030537753e-06,,4.674165240967643e-06,,4.6920963899509654e-06,,3.1085147155801063e-06,,3.273397632977349e-06,,3.788556349363012e-06,
2783,Classical_Unknown_piezo_to_Vi_Yamaha_F335_piezo,2.177416327282149e-06,,2.9024569080701167e-06,,2.7154498366079797e-06,,2.413799751411405e-06,,2.1950209139499183e-06,,2.446528934886577e-06,
2784,Classical_Unknown_mic_to_Vi_Yamaha_F335_mic,3.975153905558633e-06,,3.587380267825918e-06,,3.834951610207828e-06,,3.109974933136263e-06,,3.2032782698341836e-06,,5.419274133961022e-06,
2785,Classical_Unknown_mic_to_Vi_Yamaha_F335_piezo,4.997890515652683e-06,,2.7870287880938788e-06,,1.996959947212558e-06,,3.783147182241981e-06,,3.474288766210896e-06,,2.90338424196299e-06,
2786,Classical_Unknown_piezo_to_Vi_Yamaha_F335_mic,4.909373307016847e-06,,5.816816391211614e-06,,3.4360934849164393e-06,,4.329434363628491e-06,,4.0433952012332135e-06,,4.645225962442234e-06,
2787,Classical_Unknown_piezo_to_Vi_Yamaha_F335_piezo,3.6941023708182455e-06,,3.0481573516136532e-06,,2.255122411973327e-06,,3.6461031101206185e-06,,2.892191946139849e-06,,1.9570318509227376e-06,
2788,Classical_Unknown_mic_to_Vi_Yamaha_F335_mic,4.486413756194122e-06,,8.356389613870891e-06,,3.5654771837233415e-06,,4.139402627046069e-06,,3.16701685718025e-06,,5.8644297030068745e-06,
2789,Classical_Unknown_mic_to_Vi_Yamaha_F335_piezo,2.0038930168709706e-06,,2.1529104435921472e-06,,2.0530478303653233e-06,,3.016657691010016e-06,,2.2070524011657745e-06,,2.966780159538776e-06,
2790,Classical_Unknown_piezo_to_Vi_Yamaha_F335_mic,6.492393577068122e-06,,4.908945560277451e-06,,5.378451602014114e-06,,3.058053283905365e-06,,5.2057691389468565e-06,,4.431646180675087e-06,
2791,Classical_Unknown_piezo_to_Vi_Yamaha_F335_piezo,1.922955239809954e-06,,2.482553794687793e-06,,2.1942623941694693e-06,,2.4351248761084937e-06,,2.004148234871689e-06,,2.430492084064336e-06,
2792,Classical_Unknown_mic_to_Vi_Yamaha_F335_mic,6.176632830949052e-06,,5.946204364665774e-06,,3.231275520239439e-06,,4.615755644631629e-06,,3.2623932038901765e-06,,3.352980437250964e-06,
2793,Classical_Unknown_mic_to_Vi_Yamaha_F335_piezo,2.224871409674783e-06,,2.3618938211772054e-06,,1.985939472709051e-06,,3.320029279030557e-06,,3.8446814948127084e-06,,3.21578341288587e-06,
2794,Classical_Unknown_piezo_to_Vi_Yamaha_F335_mic,3.578380175978028e-06,,4.528913158720876e-06,,5.1400475060425686e-06,,4.4181902280217e-06,,4.63376769962535e-06,,2.668795984170432e-06,
2795,Classical_Unknown_piezo_to_Vi_Yamaha_F335_piezo,2.6933953318656956e-06,,2.7630609274870517e-06,,2.3227957943044383e-06,,2.2055263616761433e-06,,2.4547350010398675e-06,,2.573541394810394e-06,
2796,Classical_Unknown_mic_to_Vi_Yamaha_F335_mic,2.478306930562851e-06,,5.787034249749026e-06,,4.6563776179043055e-06,,4.0791780370368515e-06,,4.248751676449381e-06,,4.219095596059389e-06,
2797,Classical_Unknown_mic_to_Vi_Yamaha_F335_piezo,3.702801100988376e-06,,2.0118547558138433e-06,,1.8446473906713567e-06,,3.184783905952929e-06,,2.2227797352788797e-06,,3.4682564451647426e-06,
2798,Classical_Unknown_piezo_to_Vi_Yamaha_F335_mic,7.551148326974778e-06,,5.589062010901874e-06,,5.279341309847868e-06,,3.39123959347488e-06,,4.4828808018941195e-06,,4.224681819062019e-06,
2799,Classical_Unknown_piezo_to_Vi_Yamaha_F335_piezo,2.5287616814658936e-06,,2.630619282268675e-06,,2.328449149044062e-06,,3.904656486622983e-06,,2.9357051377969483e-06,,4.3150397537222056e-06,
2800,Classical_Unknown_mic_to_Vi_Yamaha_F335_mic,3.806378742701608e-06,,4.948135851025141e-06,,4.178740127680565e-06,,4.012205541535566e-06,,3.6651467900156735e-06,,4.402567007840059e-06,
2801,Classical_Unknown_mic_to_Vi_Yamaha_F335_piezo,1.8253389097266155e-06,,1.7318433873420203e-06,,1.9398717576531926e-06,,3.194536055424056e-06,,2.7349119054536774e-06,,2.9331800159353096e-06,
2802,Classical_Unknown_piezo_to_Vi_Yamaha_F335_mic,7.656850704588971e-06,,4.829224989974798e-06,,3.7588227988531424e-06,,3.5920559310244384e-06,,4.696016569611415e-06,,4.252339143245355e-06,
2803,Classical_Unknown_piezo_to_Vi_Yamaha_F335_piezo,4.055761521997258e-06,,2.3367051835484893e-06,,5.984693274220065e-06,,4.390288022862688e-06,,3.70200778842434e-06,,3.886577306621917e-06,
2804,Classical_Unknown_mic_to_Vi_Yamaha_F335_mic,1.9904365536193344e-06,,3.7106873675199392e-06,,3.2869994048574154e-06,,1.8894014782380844e-06,,1.925684604451197e-06,,4.5086577043012655e-06,
2805,Classical_Unknown_mic_to_Vi_Yamaha_F335_piezo,2.396941139692924e-06,,1.8429457860989136e-06,,1.9284195433981668e-06,,2.4748979677121495e-06,,1.8826809330536356e-06,,3.1158034236726192e-06,
2806,Classical_Unknown_piezo_to_Vi_Yamaha_F335_mic,5.022033934803929e-06,,5.073394235133918e-06,,5.871001545671719e-06,,2.710236720617921e-06,,5.098081660153695e-06,,2.451581755820068e-06,
2807,Classical_Unknown_piezo_to_Vi_Yamaha_F335_piezo,3.6414205774291475e-06,,2.6807307806922685e-06,,3.0530782628808166e-06,,2.5767123094853625e-06,,2.2114168057733042e-06,,2.895861728448796e-06,
2808,Classical_Unknown_mic_to_Vi_Yamaha_F335_mic,6.840169513536602e-06,,7.418525468394663e-06,,3.9669724901829035e-06,,3.3798059217141377e-06,,4.511579323749468e-06,,4.988749455473422e-06,
2809,Classical_Unknown_mic_to_Vi_Yamaha_F335_piezo,1.549778846491141e-06,,1.6058075440563766e-06,,1.6262534937046395e-06,,2.597941871429682e-06,,2.1784795185610357e-06,,3.2554805029874293e-06,
2810,Classical_Unknown_piezo_to_Vi_Yamaha_F335_mic,1.9879011573775924e-06,,2.3036215308290655e-06,,4.132266131690588e-06,,2.4770069891468107e-06,,2.756750539213916e-06,,3.8095970834295436e-06,
2811,Classical_Unknown_piezo_to_Vi_Yamaha_F335_piezo,2.5413664327843327e-06,,2.607088764277114e-06,,1.8764719043584894e-06,,2.4725189058510368e-06,,4.466527657823681e-06,,2.198852946862377e-06,
2812,Classical_Unknown_mic_to_Vi_Yamaha_F335_mic,4.422830586046301e-06,,5.659680638284327e-06,,6.796198344234761e-06,,4.152440543672364e-06,,3.610152126023492e-06,,6.0040848654621855e-06,
2813,Classical_Unknown_mic_to_Vi_Yamaha_F335_piezo,2.1336026935472317e-06,,1.8360563757600614e-06,,1.5680117100984155e-06,,2.519334181688707e-06,,2.4741139239936645e-06,,3.1206609090479103e-06,
2814,Classical_Unknown_piezo_to_Vi_Yamaha_F335_mic,2.352392384120987e-06,,2.846189343786334e-06,,4.6977582461275976e-06,,2.332627339650863e-06,,2.6793186353282853e-06,,4.328020434176882e-06,
2815,Classical_Unknown_piezo_to_Vi_Yamaha_F335_piezo,2.110580229766385e-06,,3.649030996894197e-06,,2.054550493226358e-06,,1.9905173377822433e-06,,2.1302849540449626e-06,,1.918535407304729e-06,
2816,Classical_Unknown_mic_to_Vi_Yamaha_F335_mic,4.056515242715809e-06,,7.426690568118802e-06,,7.772565700367664e-06,,4.8653001066698286e-06,,3.3797343954113327e-06,,5.626913376341239e-06,
2817,Classical_Unknown_mic_to_Vi_Yamaha_F335_piezo,1.7496444000361809e-06,,2.04988408982189e-06,,1.602481638822386e-06,,3.1853278551732968e-06,,2.8400272279492746e-06,,3.739083645792004e-06,
2818,Classical_Unknown_piezo_to_Vi_Yamaha_F335_mic,2.575545678418747e-06,,2.816996042760217e-06,,6.342877054993561e-06,,2.2508758073386856e-06,,2.600680714947392e-06,,3.993036015823503e-06,
2819,Classical_Unknown_piezo_to_Vi_Yamaha_F335_piezo,2.2909593147437104e-06,,3.93844034138701e-06,,2.2350198108215668e-06,,2.4754471002270415e-06,,2.629189012898793e-06,,2.5981479945452317e-06,
2820,Classical_Unknown_mic_to_Vi_Yamaha_F335_mic,4.023847063878223e-06,,3.4765459935380217e-06,,2.697229556534075e-06,,3.5587972657672685e-06,,4.556063454029115e-06,,4.888475255272997e-06,
2821,Classical_Unknown_mic_to_Vi_Yamaha_F335_piezo,1.6113023345128161e-06,,1.531556454772735e-06,,2.2235048254155938e-06,,2.3962517459741696e-06,,2.117467843617143e-06,,4.157715975485192e-06,
2822,Classical_Unknown_piezo_to_Vi_Yamaha_F335_mic,3.4298944514581663e-06,,3.1820222888957998e-06,,7.075424687428227e-06,,4.209625016524968e-06,,4.131834886960194e-06,,4.177195545317297e-06,
2823,Classical_Unknown_piezo_to_Vi_Yamaha_F335_piezo,1.9647483811409366e-06,,1.9552473008113872e-06,,2.6418824105092692e-06,,2.7261143001016404e-06,,3.674315827991031e-06,,2.298967255739364e-06,
2824,Classical_Unknown_mic_to_Vi_Yamaha_F335_mic,5.446203296592974e-06,,5.329646389980223e-06,,4.644164856936985e-06,,3.6187639699317126e-06,,3.453060813050293e-06,,5.783190735513957e-06,
2825,Classical_Unknown_mic_to_Vi_Yamaha_F335_piezo,2.3753885977040993e-06,,1.614286089785778e-06,,1.6244736307963759e-06,,3.063914291168852e-06,,2.506836167192562e-06,,3.762363805592454e-06,
2826,Classical_Unknown_piezo_to_Vi_Yamaha_F335_mic,4.304321540327097e-06,,3.926050694496747e-06,,4.887949764244988e-06,,3.1880261057327813e-06,,3.3625735519520452e-06,,3.7730320421585448e-06,
2827,Classical_Unknown_piezo_to_Vi_Yamaha_F335_piezo,2.2381112259275745e-06,,2.3758880736621026e-06,,2.874510386437438e-06,,2.099756349919531e-06,,3.732384969802615e-06,,1.83147480502093e-06,
2828,Classical_Unknown_mic_to_Vi_Yamaha_F335_mic,4.3199790286221295e-06,,7.283693639984931e-06,,5.621704102003931e-06,,4.0424658500115e-06,,3.430970280224716e-06,,5.3579211952031286e-06,
2829,Classical_Unknown_mic_to_Vi_Yamaha_F335_piezo,1.936989277251017e-06,,1.7297313612132957e-06,,1.6094111714565908e-06,,3.140578773795043e-06,,2.6484952944892943e-06,,3.452012239555729e-06,
2830,Classical_Unknown_piezo_to_Vi_Yamaha_F335_mic,3.7277438919975376e-06,,4.6600629523218276e-06,,4.957209087224153e-06,,3.0949389649035606e-06,,3.2608165278425234e-06,,3.5502851975557075e-06,
2831,Classical_Unknown_piezo_to_Vi_Yamaha_F335_piezo,2.266729236517482e-06,,2.8638268577532346e-06,,2.7996277555123887e-06,,2.5201212388906505e-06,,2.2345918129539367e-06,,2.494734672965805e-06,
2832,Classical_Unknown_mic_to_Vi_Yamaha_F335_mic,4.489125541673276e-06,,6.646549414749085e-06,,4.062897390053649e-06,,2.0822411534617387e-06,,3.905120116677393e-06,,4.402024061405649e-06,
2833,Classical_Unknown_mic_to_Vi_Yamaha_F335_piezo,1.6985904548114982e-06,,1.8224835025788022e-06,,1.8889437733399303e-06,,2.572748213712752e-06,,1.944480443976908e-06,,3.724373270119207e-06,
2834,Classical_Unknown_piezo_to_Vi_Yamaha_F335_mic,4.296929084635524e-06,,5.061409191868187e-06,,7.262641776518908e-06,,3.799350622591538e-06,,4.042903664676354e-06,,4.135102849004923e-06,
2835,Classical_Unknown_piezo_to_Vi_Yamaha_F335_piezo,2.3264964737431476e-06,,2.076293335430866e-06,,1.7801264926849209e-06,,1.9274248914887005e-06,,1.6470438121625198e-06,,2.1675026056463616e-06,
2836,Classical_Unknown_mic_to_Vi_Yamaha_F335_mic,6.433871880380552e-06,,6.660158417119853e-06,,2.9599969980792255e-06,,3.873094936799739e-06,,5.23688929347379e-06,,5.378986120992968e-06,
2837,Classical_Unknown_mic_to_Vi_Yamaha_F335_piezo,2.212135734094085e-06,,2.239644923960049e-06,,2.3445618653489246e-06,,2.8206167839668374e-06,,2.2257090438291487e-06,,3.267800478507927e-06,
2838,Classical_Unknown_piezo_to_Vi_Yamaha_F335_mic,4.7353666348333765e-06,,9.000633087438039e-06,,3.7887567390716504e-06,,4.78706814031093e-06,,3.4297264007602028e-06,,4.5937783690234295e-06,
2839,Classical_Unknown_piezo_to_Vi_Yamaha_F335_piezo,2.3739108577323486e-06,,1.981292101484475e-06,,1.5605358251295884e-06,,2.0012144745093474e-06,,1.8596558902898573e-06,,2.111876918753376e-06,
2840,Classical_Unknown_mic_to_Vi_Yamaha_F335_mic,4.109698813727442e-06,,7.822877612807595e-06,,3.0856225151810022e-06,,2.838776973990732e-06,,3.3509246190539734e-06,,5.5416312555555986e-06,
2841,Classical_Unknown_mic_to_Vi_Yamaha_F335_piezo,2.8024771766410308e-06,,2.2143623267226583e-06,,2.7283074809028827e-06,,2.4963876034866767e-06,,1.8136146226142196e-06,,3.4453841026325373e-06,
2842,Classical_Unknown_piezo_to_Vi_Yamaha_F335_mic,5.047952686227979e-06,,4.1129229850710016e-06,,6.774811379421896e-06,,3.226376501035996e-06,,4.873924750497634e-06,,3.383425257555708e-06,
2843,Classical_Unknown_piezo_to_Vi_Yamaha_F335_piezo,1.9803434895102967e-06,,2.000892387135564e-06,,1.6642057921968447e-06,,2.501797779781515e-06,,1.8692298154542293e-06,,2.3007684307669664e-06,
2844,Classical_Unknown_mic_to_Vi_Yamaha_F335_mic,2.6362171041035994e-06,,8.051840789414269e-06,,4.195614763251682e-06,,5.204485504870605e-06,,4.100033280541849e-06,,4.6240849406234725e-06,
2845,Classical_Unknown_mic_to_Vi_Yamaha_F335_piezo,2.6447439169459286e-06,,1.7529575953145868e-06,,1.9967212109534444e-06,,3.515323540022677e-06,,2.147511209127221e-06,,4.337261921277105e-06,
2846,Classical_Unknown_piezo_to_Vi_Yamaha_F335_mic,4.734511808654559e-06,,6.783842614644585e-06,,5.49452017442553e-06,,3.0666641464781903e-06,,3.0348026120089865e-06,,4.602813298705192e-06,
2847,Classical_Unknown_piezo_to_Vi_Yamaha_F335_piezo,3.6138253765269267e-06,,3.5035312655196283e-06,,2.1597309147375852e-06,,4.093025082287428e-06,,2.6418065555894384e-06,,3.4943477211577814e-06,
2848,Classical_Unknown_mic_to_Vi_Yamaha_F335_mic,4.637506303025895e-06,,4.472144283210605e-06,,3.7149780528960004e-06,,3.5020303630371824e-06,,3.880307785078295e-06,,4.392980233340407e-06,
2849,Classical_Unknown_mic_to_Vi_Yamaha_F335_piezo,2.5688873937401395e-06,,1.8573944815339096e-06,,2.379211348013406e-06,,2.611327303729106e-06,,1.94706118197971e-06,,4.289715487691096e-06,
2850,Classical_Unknown_piezo_to_Vi_Yamaha_F335_mic,2.566441676303868e-06,,6.145381383861539e-06,,4.775743290949105e-06,,2.8136722416254333e-06,,4.163339200738814e-06,,4.604753737634429e-06,
2851,Classical_Unknown_piezo_to_Vi_Yamaha_F335_piezo,2.8163968729020095e-06,,2.657750311976916e-06,,2.146298454664103e-06,,2.506013516801909e-06,,2.3772953294089627e-06,,3.221014901059475e-06,
2852,Classical_Unknown_mic_to_Vi_Yamaha_F335_mic,3.6859474063058466e-06,,4.223650641866607e-06,,3.532757008691557e-06,,5.789666774293993e-06,,4.7944138270501355e-06,,5.593155106171543e-06,
2853,Classical_Unknown_mic_to_Vi_Yamaha_F335_piezo,2.9783959679458737e-06,,1.8799594220016678e-06,,2.976732288539971e-06,,2.606849085878787e-06,,1.8760593108850848e-06,,4.030018480188026e-06,
2854,Classical_Unknown_piezo_to_Vi_Yamaha_F335_mic,4.615616331532175e-06,,8.586994875932347e-06,,5.585740214799827e-06,,2.507714647916616e-06,,3.785884099239715e-06,,2.1343486104934073e-06,
2855,Classical_Unknown_piezo_to_Vi_Yamaha_F335_piezo,3.2404342280058077e-06,,3.761782524056518e-06,,2.4030921141697254e-06,,2.30153211157828e-06,,2.3832365679079605e-06,,3.122775810631659e-06,
2856,Classical_Unknown_mic_to_Vi_Yamaha_F335_mic,7.62072373203897e-06,,3.6606215761548335e-06,,3.424743253320892e-06,,2.1987847361248083e-06,,4.59009007107176e-06,,5.312569535898114e-06,
2857,Classical_Unknown_mic_to_Vi_Yamaha_F335_piezo,1.6494225637698886e-06,,1.7493763367168525e-06,,1.7850748229383063e-06,,2.7556763988845593e-06,,2.475609276292939e-06,,3.4022557681885407e-06,
2858,Classical_Unknown_piezo_to_Vi_Yamaha_F335_mic,5.428123194193316e-06,,4.813763473287852e-06,,3.6365493159768938e-06,,3.377379940121148e-06,,5.2143510738323575e-06,,3.609179528236567e-06,
2859,Classical_Unknown_piezo_to_Vi_Yamaha_F335_piezo,3.893096048774124e-06,,3.118648350387703e-06,,2.2751932856806845e-06,,2.3100339676039006e-06,,4.192172269170164e-06,,1.9970906100649187e-06,
2860,Classical_Unknown_mic_to_Vi_Yamaha_F335_mic,2.7759670460049156e-06,,3.407780226924883e-06,,4.934120754588994e-06,,2.6308026503412323e-06,,4.61860213589904e-06,,5.051870952122249e-06,
2861,Classical_Unknown_mic_to_Vi_Yamaha_F335_piezo,2.8373794753556305e-06,,1.9607263119209103e-06,,1.68924237878375e-06,,2.723329601058367e-06,,2.632265742428959e-06,,3.7684002132569305e-06,
2862,Classical_Unknown_piezo_to_Vi_Yamaha_F335_mic,3.1182609450012434e-06,,4.520583310461932e-06,,4.7514948004393475e-06,,3.8858243885632296e-06,,5.414229946206074e-06,,3.6472506337465416e-06,
2863,Classical_Unknown_piezo_to_Vi_Yamaha_F335_piezo,2.4809765167477535e-06,,4.285207525694979e-06,,2.4644638342952005e-06,,2.4142640417151247e-06,,2.3500192391980295e-06,,2.2085274890790678e-06,
2864,Classical_Unknown_mic_to_Vi_Yamaha_F335_mic,4.006654765525974e-06,,3.016323805465196e-06,,4.089013156573774e-06,,4.644574972460767e-06,,4.083261525962227e-06,,5.817952651407146e-06,
2865,Classical_Unknown_mic_to_Vi_Yamaha_F335_piezo,1.81612228250234e-06,,2.1146645620716427e-06,,1.7342373449430782e-06,,4.02324857806487e-06,,2.9567459845475445e-06,,4.25434891587284e-06,
2866,Classical_Unknown_piezo_to_Vi_Yamaha_F335_mic,7.952088098318318e-06,,4.2995567984921055e-06,,4.478397381335335e-06,,3.565185574447282e-06,,4.904191513177125e-06,,4.8438322431543195e-06,
2867,Classical_Unknown_piezo_to_Vi_Yamaha_F335_piezo,3.06596085993401e-06,,4.583673132011592e-06,,2.5502409767933583e-06,,2.9054682352259613e-06,,2.6670752505309245e-06,,2.936479688250951e-06,
2868,Classical_Unknown_mic_to_Vi_Yamaha_F335_mic,3.712685192005102e-06,,3.912987410133614e-06,,3.160370523898151e-06,,3.5256322417643965e-06,,4.183269934927585e-06,,4.60638359528519e-06,
2869,Classical_Unknown_mic_to_Vi_Yamaha_F335_piezo,1.6693768497604243e-06,,1.6163793733604967e-06,,1.8636463440718716e-06,,2.80443177758012e-06,,2.360828870731163e-06,,4.128535665842705e-06,
2870,Classical_Unknown_piezo_to_Vi_Yamaha_F335_mic,4.98861111829332e-06,,3.7184785259257e-06,,6.831327128611352e-06,,3.4840480341666368e-06,,3.31024413780633e-06,,4.110521925551915e-06,
2871,Classical_Unknown_piezo_to_Vi_Yamaha_F335_piezo,2.495719368475056e-06,,1.9183924625647136e-06,,2.244370895037128e-06,,2.666673806209917e-06,,3.818509073603536e-06,,3.1860629865144e-06,
2872,Classical_Unknown_mic_to_Vi_Yamaha_F335_mic,4.485038454000101e-06,,4.909910239192177e-06,,3.4734326294460274e-06,,3.8267766022303675e-06,,3.6347406225271343e-06,,4.34681403991833e-06,
2873,Classical_Unknown_mic_to_Vi_Yamaha_F335_piezo,2.394377439823402e-06,,1.6652761682515446e-06,,1.923587055448113e-06,,3.2670792203331495e-06,,2.2219607535809866e-06,,3.5892777587083983e-06,
2874,Classical_Unknown_piezo_to_Vi_Yamaha_F335_mic,5.939157435182172e-06,,4.4936839960405575e-06,,6.045156240698417e-06,,3.242725228246881e-06,,3.4875916664169193e-06,,4.477482817017731e-06,
2875,Classical_Unknown_piezo_to_Vi_Yamaha_F335_piezo,3.350315479106226e-06,,2.312377240610654e-06,,2.4052894894152104e-06,,3.41514036066425e-06,,5.015670282041182e-06,,2.2383814751146924e-06,
2876,Classical_Unknown_mic_to_Vi_Yamaha_F335_mic,3.91849208104059e-06,,5.498200384788697e-06,,4.628292372089513e-06,,4.0710912630461515e-06,,3.725860880197924e-06,,4.9201398222882194e-06,
2877,Classical_Unknown_mic_to_Vi_Yamaha_F335_piezo,2.553037997800485e-06,,1.8008829835693247e-06,,1.819650306268995e-06,,3.674514182734065e-06,,2.615339623615094e-06,,3.841556982866991e-06,
2878,Classical_Unknown_piezo_to_Vi_Yamaha_F335_mic,7.266606152880344e-06,,4.822289044094594e-06,,7.398029200983806e-06,,3.6157433861660794e-06,,3.7438502128244405e-06,,4.080585984693906e-06,
2879,Classical_Unknown_piezo_to_Vi_Yamaha_F335_piezo,2.84207775213864e-06,,2.387284400405203e-06,,1.9586125079065378e-06,,4.810713518025101e-06,,3.4661444515786113e-06,,3.7087961353562994e-06,
2880,bad_takamine_EG440SC_mic_to_Bird_Aspen_DH37_mic,3.657960304137732e-06,,2.992602913103606e-06,,7.202291131292877e-06,,3.5580928227545584e-06,,4.163395286946615e-06,,3.1648506814675953e-06,
2881,bad_takamine_EG440SC_mic_to_Bird_Aspen_DH37_piezo,2.7619426152869852e-06,,2.4111297090569153e-06,,3.0502433988584803e-06,,3.543199786163111e-06,,3.049944520492953e-06,,2.9129501843951633e-06,
2882,bad_takamine_EG440SC_piezo_to_Bird_Aspen_DH37_mic,3.7180873121390067e-06,,6.427605453195484e-06,,3.575495696875481e-06,,4.5345621238901e-06,,3.962980130452966e-06,,3.512514111081077e-06,
2883,bad_takamine_EG440SC_piezo_to_Bird_Aspen_DH37_piezo,6.880037547027019e-06,,4.7197939541981345e-06,,3.7492171729159497e-06,,3.1838863772426226e-06,,3.05216195780373e-06,,4.4008804471664695e-06,
2884,bad_takamine_EG440SC_mic_to_Bird_Aspen_DH37_mic,5.638413202032453e-06,,4.228452194138941e-06,,7.514442881505853e-06,,3.7039768904202197e-06,,4.550455082881137e-06,,3.164939938837801e-06,
2885,bad_takamine_EG440SC_mic_to_Bird_Aspen_DH37_piezo,2.5357034564476704e-06,,2.331046469522495e-06,,2.684595815291103e-06,,3.3221395241785424e-06,,4.049520135989663e-06,,3.5404757001386434e-06,
2886,bad_takamine_EG440SC_piezo_to_Bird_Aspen_DH37_mic,4.647483026691059e-06,,5.634357049391678e-06,,7.2056281989191325e-06,,3.3173932723597967e-06,,4.666558003490925e-06,,3.210459970230191e-06,
2887,bad_takamine_EG440SC_piezo_to_Bird_Aspen_DH37_piezo,5.694582582374529e-06,,4.483689942125159e-06,,4.666215600058633e-06,,3.853964905285632e-06,,2.853439128378559e-06,,4.019786847290118e-06,
2888,bad_takamine_EG440SC_mic_to_Bird_Aspen_DH37_mic,5.491539862244181e-06,,3.953636495689396e-06,,8.089845365144863e-06,,2.4332218227698488e-06,,3.2156836945752433e-06,,3.2022792287858076e-06,
2889,bad_takamine_EG440SC_mic_to_Bird_Aspen_DH37_piezo,2.0523020751535347e-06,,2.420685878874458e-06,,2.396069946537558e-06,,3.8203550236596226e-06,,3.140264427241171e-06,,3.162320330355771e-06,
2890,bad_takamine_EG440SC_piezo_to_Bird_Aspen_DH37_mic,3.453441791644034e-06,,3.672589041032151e-06,,2.904109293554029e-06,,3.2341427816274788e-06,,3.4649103471418734e-06,,2.2191508248843424e-06,
2891,bad_takamine_EG440SC_piezo_to_Bird_Aspen_DH37_piezo,3.6764096650550795e-06,,3.7623708942969e-06,,5.932474638675176e-06,,3.6731657466593638e-06,,2.808057075573412e-06,,3.401847283794592e-06,
2892,bad_takamine_EG440SC_mic_to_Bird_Aspen_DH37_mic,3.2750875570263883e-06,,3.2438289864268615e-06,,7.51184780961305e-06,,4.700022382511694e-06,,4.495456473630826e-06,,3.2463421019565135e-06,
2893,bad_takamine_EG440SC_mic_to_Bird_Aspen_DH37_piezo,2.4658870884657925e-06,,2.3525213349311505e-06,,2.38594214212245e-06,,3.255491323320037e-06,,3.2119176828062213e-06,,3.3715546186135474e-06,
2894,bad_takamine_EG440SC_piezo_to_Bird_Aspen_DH37_mic,4.314333654539017e-06,,3.718632007403332e-06,,5.942657113090059e-06,,3.076792457629148e-06,,3.6374695336032817e-06,,4.1112060743621315e-06,
2895,bad_takamine_EG440SC_piezo_to_Bird_Aspen_DH37_piezo,3.5780581971244236e-06,,3.3860632228352493e-06,,3.554452341510445e-06,,3.223215980243943e-06,,3.0394485728097483e-06,,3.3432648107059446e-06,
2896,bad_takamine_EG440SC_mic_to_Bird_Aspen_DH37_mic,3.7006356542797713e-06,,2.8985705682554084e-06,,7.928091799558895e-06,,4.618734533909722e-06,,4.606107610761904e-06,,4.149808438089016e-06,
2897,bad_takamine_EG440SC_mic_to_Bird_Aspen_DH37_piezo,2.1247766460817363e-06,,2.224219051735344e-06,,2.844431670101473e-06,,3.6722390350448652e-06,,2.9890472471983942e-06,,3.7914537714883375e-06,
2898,bad_takamine_EG440SC_piezo_to_Bird_Aspen_DH37_mic,3.5091592355118788e-06,,4.956172426938272e-06,,3.841701518180246e-06,,2.83565612518134e-06,,4.666314793075091e-06,,3.156640134493782e-06,
2899,bad_takamine_EG440SC_piezo_to_Bird_Aspen_DH37_piezo,6.02682195990351e-06,,3.4208685357040864e-06,,5.6792448496860435e-06,,3.669050634234481e-06,,3.1153319991077318e-06,,3.357043635542127e-06,
2900,bad_takamine_EG440SC_mic_to_Bird_Aspen_DH37_mic,2.85680335294368e-06,,2.7674882566590276e-06,,7.73344774985926e-06,,4.517438955207462e-06,,3.868646053286999e-06,,3.4680298235470134e-06,
2901,bad_takamine_EG440SC_mic_to_Bird_Aspen_DH37_piezo,2.751945375983175e-06,,2.843549359643692e-06,,3.759620100042534e-06,,3.11548170104026e-06,,3.0739673446848865e-06,,3.923913002022166e-06,
2902,bad_takamine_EG440SC_piezo_to_Bird_Aspen_DH37_mic,5.903957950182049e-06,,7.369891199696023e-06,,5.9064977495418575e-06,,3.2251153273629863e-06,,4.45989068848401e-06,,4.014734883816771e-06,
2903,bad_takamine_EG440SC_piezo_to_Bird_Aspen_DH37_piezo,4.904449075344481e-06,,4.694532950518797e-06,,4.456382055629004e-06,,2.684943611352394e-06,,4.111464556288337e-06,,3.1340180365744156e-06,
2904,bad_takamine_EG440SC_mic_to_Bird_Aspen_DH37_mic,4.40014352555989e-06,,4.365593235562592e-06,,6.6997777951256826e-06,,4.240349544428482e-06,,4.0293651336443434e-06,,3.3559561648577e-06,
2905,bad_takamine_EG440SC_mic_to_Bird_Aspen_DH37_piezo,2.4041172169462914e-06,,2.5400858640147185e-06,,3.9730006268506035e-06,,2.711108450026229e-06,,2.78887368152101e-06,,3.1162744757735554e-06,
2906,bad_takamine_EG440SC_piezo_to_Bird_Aspen_DH37_mic,3.9178525269671254e-06,,5.729489480564395e-06,,8.997198266524953e-06,,4.267683830778084e-06,,5.048903377364115e-06,,2.757827811015807e-06,
2907,bad_takamine_EG440SC_piezo_to_Bird_Aspen_DH37_piezo,4.555361186733606e-06,,4.827818928929514e-06,,3.6204516093925752e-06,,3.4501801807170237e-06,,3.7223649226377626e-06,,3.21337459599959e-06,
2908,bad_takamine_EG440SC_mic_to_Bird_Aspen_DH37_mic,3.976230788346704e-06,,3.695199109567673e-06,,8.591324504589606e-06,,4.331283200383929e-06,,4.7687112234572745e-06,,3.4363689022721744e-06,
2909,bad_takamine_EG440SC_mic_to_Bird_Aspen_DH37_piezo,2.2316683965417884e-06,,2.2362559464857325e-06,,2.922868167626828e-06,,3.869079690522812e-06,,4.165344207673808e-06,,3.936780726098944e-06,
2910,bad_takamine_EG440SC_piezo_to_Bird_Aspen_DH37_mic,5.615793602099583e-06,,6.817151298370378e-06,,3.101412336710032e-06,,3.227371209850449e-06,,3.8058806210934864e-06,,4.69928611792499e-06,
2911,bad_takamine_EG440SC_piezo_to_Bird_Aspen_DH37_piezo,6.533850226003685e-06,,4.16037571340177e-06,,4.117591027616965e-06,,3.6438813434600885e-06,,3.8477629507487825e-06,,4.206188945060748e-06,
2912,bad_takamine_EG440SC_mic_to_Bird_Aspen_DH37_mic,5.81181437649705e-06,,4.8137987357336565e-06,,6.930854502745304e-06,,3.4659904127904243e-06,,4.551397312725081e-06,,3.2368118179827645e-06,
2913,bad_takamine_EG440SC_mic_to_Bird_Aspen_DH37_piezo,2.4686055097623876e-06,,2.603977835380262e-06,,2.494453584422954e-06,,3.87569409497088e-06,,4.642826223459993e-06,,4.185301756227984e-06,
2914,bad_takamine_EG440SC_piezo_to_Bird_Aspen_DH37_mic,2.932056338361581e-06,,3.630574161794027e-06,,2.453481575290466e-06,,2.8313190401317428e-06,,2.649691648586994e-06,,1.935241811620665e-06,
2915,bad_takamine_EG440SC_piezo_to_Bird_Aspen_DH37_piezo,4.092216477176646e-06,,7.3460481071482974e-06,,3.36331074239914e-06,,2.6387636911998944e-06,,3.568907310566837e-06,,3.81884808911137e-06,
2916,bad_takamine_EG440SC_mic_to_Bird_Aspen_DH37_mic,4.322115803094346e-06,,4.418336273492488e-06,,9.330291266951978e-06,,2.600454992460649e-06,,2.6359678836164345e-06,,2.5782824802496197e-06,
2917,bad_takamine_EG440SC_mic_to_Bird_Aspen_DH37_piezo,1.8978075785220133e-06,,1.895236058524301e-06,,2.153962462463411e-06,,2.3963111813406043e-06,,2.4603264451602807e-06,,3.0681977421527588e-06,
2918,bad_takamine_EG440SC_piezo_to_Bird_Aspen_DH37_mic,3.474066950537772e-06,,3.1120079117669346e-06,,4.721256931157013e-06,,3.790392816338282e-06,,3.227662342484423e-06,,4.808453346765788e-06,
2919,bad_takamine_EG440SC_piezo_to_Bird_Aspen_DH37_piezo,2.205485689320543e-06,,2.20289288993834e-06,,2.5057815687441077e-06,,3.509686664541482e-06,,3.036986419045422e-06,,4.920732393299992e-06,
2920,bad_takamine_EG440SC_mic_to_Bird_Aspen_DH37_mic,3.953786321373727e-06,,4.008299257164938e-06,,8.425036215447616e-06,,2.477894952254012e-06,,2.376961703875473e-06,,2.637312204166025e-06,
2921,bad_takamine_EG440SC_mic_to_Bird_Aspen_DH37_piezo,2.011300379493859e-06,,2.0081268923454273e-06,,2.279896180538321e-06,,2.200447270159609e-06,,2.0780725511180676e-06,,2.2441865234669735e-06,
2922,bad_takamine_EG440SC_piezo_to_Bird_Aspen_DH37_mic,6.406627358447556e-06,,5.485256551489316e-06,,5.609089404416263e-06,,4.240526432645232e-06,,4.610673877720078e-06,,4.211854018608358e-06,
2923,bad_takamine_EG440SC_piezo_to_Bird_Aspen_DH37_piezo,2.1654062227325407e-06,,2.1271280989676034e-06,,2.508723195258346e-06,,3.5758826896687763e-06,,3.6118589285071243e-06,,4.476727096729583e-06,
2924,bad_takamine_EG440SC_mic_to_Bird_Aspen_DH37_mic,3.724704655513246e-06,,3.917776617827657e-06,,8.338118605202908e-06,,2.3849140667962396e-06,,2.474490765297396e-06,,2.497767181824442e-06,
2925,bad_takamine_EG440SC_mic_to_Bird_Aspen_DH37_piezo,2.270566922547465e-06,,2.2658058778855924e-06,,2.554547108484395e-06,,3.049681407326444e-06,,2.5786755963660156e-06,,2.101042787019937e-06,
2926,bad_takamine_EG440SC_piezo_to_Bird_Aspen_DH37_mic,6.618442123891276e-06,,4.436598325826192e-06,,4.572234862202602e-06,,2.9427721681623418e-06,,3.6472131627193873e-06,,4.369781511594295e-06,
2927,bad_takamine_EG440SC_piezo_to_Bird_Aspen_DH37_piezo,2.323519643612961e-06,,2.2097259760373618e-06,,2.3807369078069836e-06,,3.6353988182182547e-06,,3.6151306207448715e-06,,4.358182062424004e-06,
2928,bad_takamine_EG440SC_mic_to_Bird_Aspen_DH37_mic,4.240620366200648e-06,,3.4606451539073986e-06,,4.022914873879971e-06,,4.777919667393464e-06,,4.015290536355774e-06,,3.182652229604557e-06,
2929,bad_takamine_EG440SC_mic_to_Bird_Aspen_DH37_piezo,3.0788197835057125e-06,,2.6849910050820474e-06,,2.587183758020486e-06,,2.9258805024359844e-06,,3.6788240010550037e-06,,3.615530111128596e-06,
2930,bad_takamine_EG440SC_piezo_to_Bird_Aspen_DH37_mic,5.441000581304381e-06,,5.664794465924002e-06,,4.969650913629608e-06,,3.128156249311037e-06,,4.486713156632808e-06,,5.0234171851290125e-06,
2931,bad_takamine_EG440SC_piezo_to_Bird_Aspen_DH37_piezo,5.231101822411766e-06,,5.824847847464679e-06,,2.817441594923159e-06,,2.7419182007182783e-06,,2.971363408170238e-06,,3.3382069909052485e-06,
2932,bad_takamine_EG440SC_mic_to_Bird_Aspen_DH37_mic,6.533527628926233e-06,,3.547485813233327e-06,,7.011535063532457e-06,,3.0343857942985415e-06,,3.997950787835475e-06,,3.187413440100543e-06,
2933,bad_takamine_EG440SC_mic_to_Bird_Aspen_DH37_piezo,2.4186503564402112e-06,,2.1334725660426233e-06,,2.053456223513553e-06,,3.3461370201104197e-06,,3.3370532281691698e-06,,3.4792441788573913e-06,
2934,bad_takamine_EG440SC_piezo_to_Bird_Aspen_DH37_mic,4.2184231927404e-06,,3.6380954838556796e-06,,4.099061394722279e-06,,3.2687788797798104e-06,,4.2031705092786115e-06,,3.4593712384289827e-06,
2935,bad_takamine_EG440SC_piezo_to_Bird_Aspen_DH37_piezo,7.006343869436611e-06,,5.389375091289656e-06,,3.788623842347235e-06,,2.8733467628026384e-06,,3.364719779915603e-06,,3.2623929243578274e-06,
2936,bad_takamine_EG440SC_mic_to_Bird_Aspen_DH37_mic,3.047781030072677e-06,,4.029230390535424e-06,,6.3206130524263985e-06,,3.58465837523258e-06,,4.912900480665819e-06,,2.964452011547491e-06,
2937,bad_takamine_EG440SC_mic_to_Bird_Aspen_DH37_piezo,2.1679531475638264e-06,,2.1974787489694975e-06,,2.029438105601942e-06,,3.267883232089345e-06,,3.44378655954971e-06,,2.7820230851952534e-06,
2938,bad_takamine_EG440SC_piezo_to_Bird_Aspen_DH37_mic,3.16368393566148e-06,,3.1688351536333502e-06,,3.979753216732969e-06,,3.466670585410403e-06,,3.10914971986511e-06,,2.392822630971295e-06,
2939,bad_takamine_EG440SC_piezo_to_Bird_Aspen_DH37_piezo,3.3016722873821677e-06,,6.106227857535686e-06,,2.8269050939885266e-06,,3.5602737025482583e-06,,3.120518900919349e-06,,4.241251066521172e-06,
2940,bad_takamine_EG440SC_mic_to_Bird_Aspen_DH37_mic,4.0661056814401375e-06,,2.716339691739876e-06,,5.773002284443225e-06,,3.664018436039387e-06,,3.914736579024252e-06,,3.0600140984744854e-06,
2941,bad_takamine_EG440SC_mic_to_Bird_Aspen_DH37_piezo,1.811552727333499e-06,,1.8465751246503688e-06,,2.062311265800514e-06,,3.105814956853834e-06,,3.014119096980705e-06,,3.097645546164371e-06,
2942,bad_takamine_EG440SC_piezo_to_Bird_Aspen_DH37_mic,3.7638254772998855e-06,,6.630810677811838e-06,,9.096856785055239e-06,,3.3797948102505615e-06,,3.6788587679024523e-06,,4.247148822652631e-06,
2943,bad_takamine_EG440SC_piezo_to_Bird_Aspen_DH37_piezo,5.681519730486549e-06,,3.388266318944333e-06,,3.4188413454649035e-06,,3.6541246576910517e-06,,3.043239339604744e-06,,3.0773685184087293e-06,
2944,bad_takamine_EG440SC_mic_to_Bird_Aspen_DH37_mic,3.2253111493676546e-06,,3.1087195071832184e-06,,6.068370277821305e-06,,4.074674087784653e-06,,4.31675991106449e-06,,2.9980134616602024e-06,
2945,bad_takamine_EG440SC_mic_to_Bird_Aspen_DH37_piezo,1.7982711901321436e-06,,2.047826484900436e-06,,2.303867215825524e-06,,3.024141597876659e-06,,2.901697737637031e-06,,2.7608028245208676e-06,
2946,bad_takamine_EG440SC_piezo_to_Bird_Aspen_DH37_mic,4.740133607346805e-06,,6.437490179344089e-06,,6.333412453761901e-06,,4.63737069016694e-06,,3.6998662304601397e-06,,3.03469454099087e-06,
2947,bad_takamine_EG440SC_piezo_to_Bird_Aspen_DH37_piezo,6.168198062352378e-06,,3.6566077239756604e-06,,4.684683444180652e-06,,2.695420091579318e-06,,2.6487707315264074e-06,,3.60988708763007e-06,
2948,bad_takamine_EG440SC_mic_to_Bird_Aspen_DH37_mic,3.382121464338081e-06,,3.0833713022900176e-06,,3.7446356394638686e-06,,4.427186304381878e-06,,3.8164817109160125e-06,,2.5568252715412245e-06,
2949,bad_takamine_EG440SC_mic_to_Bird_Aspen_DH37_piezo,3.148536242421327e-06,,2.5630341968442765e-06,,2.4735217333825113e-06,,2.721952121878507e-06,,3.0077798966452e-06,,3.674342492224717e-06,
2950,bad_takamine_EG440SC_piezo_to_Bird_Aspen_DH37_mic,7.041402821692946e-06,,5.310382581795074e-06,,7.4498229843994495e-06,,3.5105119055183964e-06,,4.5218757776451015e-06,,4.0496856066385545e-06,
2951,bad_takamine_EG440SC_piezo_to_Bird_Aspen_DH37_piezo,4.780817673473363e-06,,4.675806993257081e-06,,5.610289941811006e-06,,3.1027848737902587e-06,,3.542976955096971e-06,,3.6871143643835507e-06,
2952,bad_takamine_EG440SC_mic_to_Bird_Aspen_DH37_mic,5.372066461240599e-06,,3.706560728963085e-06,,8.047657355908066e-06,,3.642469151870785e-06,,4.022988031423035e-06,,3.6901087572317177e-06,
2953,bad_takamine_EG440SC_mic_to_Bird_Aspen_DH37_piezo,3.6857080182476095e-06,,2.0581069497594e-06,,2.8173787372455343e-06,,3.6427110538033494e-06,,2.635605818301603e-06,,3.941822443229959e-06,
2954,bad_takamine_EG440SC_piezo_to_Bird_Aspen_DH37_mic,5.621583014721642e-06,,5.143465306623275e-06,,2.544032797940781e-06,,3.7205182881158267e-06,,4.470830126737541e-06,,1.963899903858791e-06,
2955,bad_takamine_EG440SC_piezo_to_Bird_Aspen_DH37_piezo,5.2057755315443835e-06,,6.554245260146838e-06,,3.7082285748946582e-06,,2.973873976743425e-06,,3.7004502953256513e-06,,2.672000759990826e-06,
2956,bad_takamine_EG440SC_mic_to_Bird_Aspen_DH37_mic,3.8943429012134995e-06,,3.7384119151843086e-06,,8.985655043657518e-06,,3.660174376844208e-06,,4.559872082459118e-06,,3.6391660109940287e-06,
2957,bad_takamine_EG440SC_mic_to_Bird_Aspen_DH37_piezo,2.2800137968786233e-06,,2.156248445203715e-06,,2.8171774629845035e-06,,3.878117886516797e-06,,4.112952543034632e-06,,4.032732550711467e-06,
2958,bad_takamine_EG440SC_piezo_to_Bird_Aspen_DH37_mic,4.277142425324058e-06,,6.340768288440716e-06,,4.135395872953622e-06,,4.46924656909025e-06,,3.7880925584619397e-06,,2.1671137630916236e-06,
2959,bad_takamine_EG440SC_piezo_to_Bird_Aspen_DH37_piezo,6.0430436227726216e-06,,6.704587211094261e-06,,3.7344296506806396e-06,,3.817240224336279e-06,,3.919168318256677e-06,,4.380531462088475e-06,
2960,bad_takamine_EG440SC_mic_to_Bird_Aspen_DH37_mic,4.086040875920358e-06,,4.264932414034191e-06,,7.62858869731783e-06,,3.630057888670691e-06,,4.66906277824096e-06,,3.122149718272378e-06,
2961,bad_takamine_EG440SC_mic_to_Bird_Aspen_DH37_piezo,2.6348852118663133e-06,,2.799226166688811e-06,,2.6263787087008124e-06,,3.888218232138287e-06,,4.507416600041773e-06,,3.974573560703702e-06,
2962,bad_takamine_EG440SC_piezo_to_Bird_Aspen_DH37_mic,3.3036779887901115e-06,,3.841105210818702e-06,,2.3993861953529373e-06,,2.9649294536705344e-06,,3.1559569116468617e-06,,1.97406089541608e-06,
2963,bad_takamine_EG440SC_piezo_to_Bird_Aspen_DH37_piezo,5.086159035964373e-06,,6.299461755075929e-06,,3.4977086948985605e-06,,2.6152476038492847e-06,,3.515496584824287e-06,,3.7173270183336932e-06,
2964,bad_takamine_EG440SC_mic_to_Bird_Aspen_DH37_mic,4.187170316416352e-06,,4.527198695768285e-06,,6.586275229694147e-06,,2.796934310035191e-06,,2.737176508903307e-06,,2.8220300661029707e-06,
2965,bad_takamine_EG440SC_mic_to_Bird_Aspen_DH37_piezo,1.9318111692875415e-06,,1.9280962199122403e-06,,2.1949718147354776e-06,,2.5726655862770376e-06,,2.5821874982964253e-06,,3.33986238463326e-06,
2966,bad_takamine_EG440SC_piezo_to_Bird_Aspen_DH37_mic,3.6914971093204768e-06,,3.102738256695865e-06,,5.061515350166795e-06,,3.7309387909394e-06,,3.246721031272443e-06,,4.9070353766082825e-06,
2967,bad_takamine_EG440SC_piezo_to_Bird_Aspen_DH37_piezo,2.2208426332633975e-06,,2.2231363948710332e-06,,2.5333207189203423e-06,,3.374778646797061e-06,,3.1502260198257923e-06,,4.659499060212497e-06,
2968,bad_takamine_EG440SC_mic_to_Bird_Aspen_DH37_mic,4.0239157048507505e-06,,4.061811598828671e-06,,9.261785044428044e-06,,2.657509138992573e-06,,2.3534860928530434e-06,,2.648308079498637e-06,
2969,bad_takamine_EG440SC_mic_to_Bird_Aspen_DH37_piezo,2.006607000839234e-06,,1.9672857871013013e-06,,2.1981188133797953e-06,,2.3763508649789692e-06,,2.16758892865426e-06,,2.5079859643640915e-06,
2970,bad_takamine_EG440SC_piezo_to_Bird_Aspen_DH37_mic,6.004632480418458e-06,,5.495285725654544e-06,,4.298946935804388e-06,,3.544152197234032e-06,,3.893639995112799e-06,,4.265923799042553e-06,
2971,bad_takamine_EG440SC_piezo_to_Bird_Aspen_DH37_piezo,2.1960361257813624e-06,,2.156985758803149e-06,,2.7502633196208046e-06,,4.12298735820599e-06,,4.1691343940167065e-06,,4.6970656010465025e-06,
2972,bad_takamine_EG440SC_mic_to_Bird_Aspen_DH37_mic,4.291723255455531e-06,,4.231892528679231e-06,,9.761081458151744e-06,,2.6369417291037156e-06,,2.7809882704302162e-06,,3.1974106143342005e-06,
2973,bad_takamine_EG440SC_mic_to_Bird_Aspen_DH37_piezo,2.254113878547505e-06,,2.120052241820997e-06,,2.5296732498836527e-06,,2.9590438096665954e-06,,2.37285629320022e-06,,2.1767489800360176e-06,
2974,bad_takamine_EG440SC_piezo_to_Bird_Aspen_DH37_mic,5.244447176378797e-06,,3.7917919817062847e-06,,3.264628512878243e-06,,4.324409098363853e-06,,3.2253960997512805e-06,,2.8818540998862276e-06,
2975,bad_takamine_EG440SC_piezo_to_Bird_Aspen_DH37_piezo,3.479245237066724e-06,,3.909002205752239e-06,,2.8352739087979656e-06,,3.2004718929921303e-06,,3.691587870661473e-06,,3.982085730557868e-06,
2976,bad_takamine_EG440SC_mic_to_Bird_Aspen_DH37_mic,4.0202548672368365e-06,,3.088034136859729e-06,,8.747027502172665e-06,,3.883704601360741e-06,,3.4680628221373615e-06,,2.502559503135307e-06,
2977,bad_takamine_EG440SC_mic_to_Bird_Aspen_DH37_piezo,3.020372989592158e-06,,3.399080353794419e-06,,3.2054313009802275e-06,,3.5191981681449704e-06,,3.6289091606181124e-06,,3.3867518183224937e-06,
2978,bad_takamine_EG440SC_piezo_to_Bird_Aspen_DH37_mic,7.539488647702597e-06,,7.05937302783073e-06,,8.669986489966244e-06,,3.766569850209407e-06,,3.9809789982138164e-06,,3.2583681002993833e-06,
2979,bad_takamine_EG440SC_piezo_to_Bird_Aspen_DH37_piezo,6.346754034113318e-06,,6.9727671423029955e-06,,3.1412411309784658e-06,,3.586836561432581e-06,,2.400289401776204e-06,,4.007143353800275e-06,
2980,bad_takamine_EG440SC_mic_to_Bird_Aspen_DH37_mic,3.996579905093986e-06,,4.064935448964829e-06,,6.17360588842114e-06,,3.852497257391274e-06,,4.374905435182483e-06,,2.809720538251104e-06,
2981,bad_takamine_EG440SC_mic_to_Bird_Aspen_DH37_piezo,2.3212916242819614e-06,,1.864699322611617e-06,,2.567262830770651e-06,,2.9263071537362633e-06,,2.786126523736511e-06,,4.006709242742098e-06,
2982,bad_takamine_EG440SC_piezo_to_Bird_Aspen_DH37_mic,4.83223612331069e-06,,9.019462790283197e-06,,3.7602073667223538e-06,,3.691144851318073e-06,,4.0948097729903344e-06,,2.41493736944743e-06,
2983,bad_takamine_EG440SC_piezo_to_Bird_Aspen_DH37_piezo,3.5787875318917136e-06,,5.395598480562338e-06,,3.7591668944129327e-06,,3.0160013020288722e-06,,4.0459105934769645e-06,,3.9277744244716486e-06,
2984,bad_takamine_EG440SC_mic_to_Bird_Aspen_DH37_mic,5.320566337400655e-06,,4.377982723091245e-06,,8.209953921348029e-06,,3.055957821705354e-06,,4.584414938484607e-06,,3.170064273013683e-06,
2985,bad_takamine_EG440SC_mic_to_Bird_Aspen_DH37_piezo,2.5401289079064e-06,,1.7991877662889174e-06,,3.1665882653571667e-06,,3.5702460318866257e-06,,2.5457447439265853e-06,,3.860143011699088e-06,
2986,bad_takamine_EG440SC_piezo_to_Bird_Aspen_DH37_mic,5.819531762792796e-06,,6.0286065348679466e-06,,6.268324935927433e-06,,3.8093552226515253e-06,,4.3520383197677615e-06,,2.55988405019608e-06,
2987,bad_takamine_EG440SC_piezo_to_Bird_Aspen_DH37_piezo,5.427852622072626e-06,,5.713303433663594e-06,,4.116195589723934e-06,,3.610792847381656e-06,,4.157202837401177e-06,,3.793046351165284e-06,
2988,bad_takamine_EG440SC_mic_to_Bird_Aspen_DH37_mic,4.6282440212348335e-06,,3.0609481744356035e-06,,5.7705727161053785e-06,,4.323937724141679e-06,,4.717286051930014e-06,,2.8962413218349134e-06,
2989,bad_takamine_EG440SC_mic_to_Bird_Aspen_DH37_piezo,2.985862985988028e-06,,2.096036991385677e-06,,2.592834036920887e-06,,3.71367549579501e-06,,2.5497952983759723e-06,,2.6279214161681285e-06,
2990,bad_takamine_EG440SC_piezo_to_Bird_Aspen_DH37_mic,5.773635929706477e-06,,5.525775434360658e-06,,4.205813698341534e-06,,4.128198859105181e-06,,3.0606574633647486e-06,,4.568590857155419e-06,
2991,bad_takamine_EG440SC_piezo_to_Bird_Aspen_DH37_piezo,4.789647272780559e-06,,3.7173843823176434e-06,,3.4192666584975078e-06,,2.5990949259039535e-06,,2.826269661993328e-06,,4.1339285822372345e-06,
2992,bad_takamine_EG440SC_mic_to_Bird_Aspen_DH37_mic,4.081144140284929e-06,,3.864706066694028e-06,,7.923573722116136e-06,,4.387633600746946e-06,,4.314582507062515e-06,,2.9695217975653507e-06,
2993,bad_takamine_EG440SC_mic_to_Bird_Aspen_DH37_piezo,1.8605021765546483e-06,,1.9403485067118324e-06,,2.614128200715979e-06,,2.34475433158809e-06,,2.5663356980630065e-06,,2.5973545447840672e-06,
2994,bad_takamine_EG440SC_piezo_to_Bird_Aspen_DH37_mic,5.39163600448737e-06,,8.019188455024278e-06,,4.62218241859999e-06,,3.7304445418886625e-06,,4.172815129712844e-06,,3.6163466856483227e-06,
2995,bad_takamine_EG440SC_piezo_to_Bird_Aspen_DH37_piezo,4.598068676407379e-06,,2.6940596878161863e-06,,3.6845713013202185e-06,,2.9005155297363976e-06,,3.1848652729644656e-06,,3.2309402333074725e-06,
2996,bad_takamine_EG440SC_mic_to_Bird_Aspen_DH37_mic,2.537252406533479e-06,,2.9419410275060514e-06,,5.6129479385064665e-06,,3.5824580067644315e-06,,3.493031066717434e-06,,2.5774699255688397e-06,
2997,bad_takamine_EG440SC_mic_to_Bird_Aspen_DH37_piezo,3.2744330284065473e-06,,2.5478401922107703e-06,,2.8967483570507293e-06,,3.670468202769782e-06,,3.4552953851445808e-06,,3.2691514498306915e-06,
2998,bad_takamine_EG440SC_piezo_to_Bird_Aspen_DH37_mic,3.557763758136502e-06,,5.6298596292938985e-06,,8.533028546566045e-06,,3.780515453474418e-06,,4.356507375231048e-06,,4.386547987463687e-06,
2999,bad_takamine_EG440SC_piezo_to_Bird_Aspen_DH37_piezo,7.650991172615042e-06,,5.657318005038586e-06,,6.165162467552112e-06,,2.7107515076255215e-06,,2.6899561846882142e-06,,3.481126290747716e-06,
3000,bad_takamine_EG440SC_mic_to_Bird_Aspen_DH37_mic,4.055673728471708e-06,,4.718854580057293e-06,,6.601842737279065e-06,,3.179866176975976e-06,,4.624885788347426e-06,,3.868399625251959e-06,
3001,bad_takamine_EG440SC_mic_to_Bird_Aspen_DH37_piezo,2.3524813267865062e-06,,2.544576182199645e-06,,2.441581700069319e-06,,3.772193947454588e-06,,3.8040413556839233e-06,,4.165607820841443e-06,
3002,bad_takamine_EG440SC_piezo_to_Bird_Aspen_DH37_mic,6.282199127813693e-06,,5.053689182364503e-06,,8.414174728874138e-06,,4.052201974679049e-06,,4.35790673094307e-06,,3.989286172721298e-06,
3003,bad_takamine_EG440SC_piezo_to_Bird_Aspen_DH37_piezo,5.546913655232135e-06,,4.511111183529932e-06,,3.3657396835839977e-06,,3.4267495805949212e-06,,3.95103401309898e-06,,3.766564776956656e-06,
3004,bad_takamine_EG440SC_mic_to_Bird_Aspen_DH37_mic,4.022586886146189e-06,,3.972042452756255e-06,,4.9253066862242e-06,,4.0670211883297995e-06,,3.759877464943978e-06,,4.062705510931471e-06,
3005,bad_takamine_EG440SC_mic_to_Bird_Aspen_DH37_piezo,2.293137898099812e-06,,2.3154769217679473e-06,,2.237579819968816e-06,,3.744190294070602e-06,,3.7880936852365387e-06,,3.355518603500802e-06,
3006,bad_takamine_EG440SC_piezo_to_Bird_Aspen_DH37_mic,5.785059598617037e-06,,3.6891967169604254e-06,,2.199332709373908e-06,,3.414813034445369e-06,,4.459729600486035e-06,,1.8065762481673788e-06,
3007,bad_takamine_EG440SC_piezo_to_Bird_Aspen_DH37_piezo,6.542423246739352e-06,,5.757881935112499e-06,,3.491352314858014e-06,,3.6956528043895034e-06,,4.044005982974696e-06,,4.186832816043981e-06,
3008,bad_takamine_EG440SC_mic_to_Bird_Aspen_DH37_mic,4.711889216326544e-06,,4.718988296401477e-06,,3.2834316571467855e-06,,4.289159015146464e-06,,4.335369243084528e-06,,3.834163996160904e-06,
3009,bad_takamine_EG440SC_mic_to_Bird_Aspen_DH37_piezo,2.5535722833909336e-06,,2.7339042017561574e-06,,2.267467607363974e-06,,3.6636369375060857e-06,,3.5992891773459067e-06,,3.6930051782283224e-06,
3010,bad_takamine_EG440SC_piezo_to_Bird_Aspen_DH37_mic,3.558696651029065e-06,,7.932114133081807e-06,,2.413765647707118e-06,,3.828027031253706e-06,,4.004526023678103e-06,,2.0184342693023905e-06,
3011,bad_takamine_EG440SC_piezo_to_Bird_Aspen_DH37_piezo,7.0398233929416246e-06,,5.6667307317086575e-06,,3.97997967523969e-06,,3.867179970785764e-06,,3.7646235463262326e-06,,3.1840299880945317e-06,
3012,bad_takamine_EG440SC_mic_to_Bird_Aspen_DH37_mic,4.159628424752788e-06,,3.805146850296496e-06,,6.017539319577589e-06,,2.972649634329091e-06,,3.6191411516742146e-06,,3.3085392441358385e-06,
3013,bad_takamine_EG440SC_mic_to_Bird_Aspen_DH37_piezo,1.85245044361701e-06,,1.8464072832654367e-06,,2.3015346840406935e-06,,2.6388201826536293e-06,,2.5413490910266007e-06,,2.401945835586607e-06,
3014,bad_takamine_EG440SC_piezo_to_Bird_Aspen_DH37_mic,3.1609374947193338e-06,,3.3040439853472266e-06,,7.053013448555646e-06,,4.028942136578548e-06,,4.189688300936317e-06,,3.240944757724388e-06,
3015,bad_takamine_EG440SC_piezo_to_Bird_Aspen_DH37_piezo,2.2270299870037533e-06,,2.333118985175037e-06,,3.07946989067355e-06,,3.4079789678919247e-06,,3.4412793418913763e-06,,3.464190370547655e-06,
3016,bad_takamine_EG440SC_mic_to_Bird_Aspen_DH37_mic,7.917906507942925e-06,,5.4972952422937554e-06,,4.311171136886342e-06,,3.916033680155118e-06,,4.051044639041563e-06,,3.7704117131865022e-06,
3017,bad_takamine_EG440SC_mic_to_Bird_Aspen_DH37_piezo,2.1184201848922487e-06,,1.9709980192441174e-06,,2.5409901359566485e-06,,2.546246675503474e-06,,2.7946815194761855e-06,,2.11146821128007e-06,
3018,bad_takamine_EG440SC_piezo_to_Bird_Aspen_DH37_mic,6.236842238398979e-06,,5.050452772565861e-06,,7.474697980493563e-06,,4.376880620087098e-06,,4.2155965395324485e-06,,5.17926242644525e-06,
3019,bad_takamine_EG440SC_piezo_to_Bird_Aspen_DH37_piezo,2.368281048244855e-06,,2.250675565282278e-06,,2.958929734059404e-06,,3.712251425827476e-06,,3.4485429591851624e-06,,3.1818460795744443e-06,
3020,bad_takamine_EG440SC_mic_to_Bird_Aspen_DH37_mic,3.4503948983071684e-06,,4.904155476101322e-06,,3.737065023558527e-06,,4.583453610368683e-06,,4.716936870647141e-06,,4.1085188511276415e-06,
3021,bad_takamine_EG440SC_mic_to_Bird_Aspen_DH37_piezo,2.4874520695757478e-06,,2.4702420825215864e-06,,2.9311761255384827e-06,,3.6030512997443886e-06,,2.8789930532206224e-06,,2.16129944102939e-06,
3022,bad_takamine_EG440SC_piezo_to_Bird_Aspen_DH37_mic,3.935226332656268e-06,,2.6091674480227043e-06,,3.385484785596537e-06,,4.444393493231396e-06,,3.1907992468247124e-06,,4.162952669454751e-06,
3023,bad_takamine_EG440SC_piezo_to_Bird_Aspen_DH37_piezo,2.9949320448817766e-06,,4.91604388086534e-06,,2.3714301148011903e-06,,2.704362189555016e-06,,2.7164036904874124e-06,,4.305838678725169e-06,
3024,bad_takamine_EG440SC_mic_to_good_takamine_EG523SC_mic,2.745196831239997e-06,,3.0183906343433735e-06,,2.5200768038236206e-06,,3.863404929634311e-06,,3.3133597078057273e-06,,2.7365530715460786e-06,
3025,bad_takamine_EG440SC_mic_to_good_takamine_EG523SC_piezo,1.4635237176368172e-06,,1.4834931397113332e-06,,1.7224364963542307e-06,,1.628645717071709e-06,,1.5007370290867068e-06,,1.2871553950702635e-06,
3026,bad_takamine_EG440SC_piezo_to_good_takamine_EG523SC_mic,4.265595365679599e-06,,4.1487155481868434e-06,,2.35566060569621e-06,,2.6735514562537213e-06,,3.044396315933988e-06,,3.0293183484100093e-06,
3027,bad_takamine_EG440SC_piezo_to_good_takamine_EG523SC_piezo,1.545457968601551e-06,,1.437774877882031e-06,,2.1300193685977866e-06,,1.2055508546754893e-06,,1.5360772056580216e-06,,1.24640719087073e-06,
3028,bad_takamine_EG440SC_mic_to_good_takamine_EG523SC_mic,5.594922430380735e-06,,3.7146457813221257e-06,,2.7731235435414947e-06,,3.8072066418047702e-06,,3.1249033641033074e-06,,2.6363344963826436e-06,
3029,bad_takamine_EG440SC_mic_to_good_takamine_EG523SC_piezo,1.4792235831542424e-06,,1.7166103470015223e-06,,1.782051735257348e-06,,1.4970941583616177e-06,,1.7215316600706413e-06,,1.3656672826704872e-06,
3030,bad_takamine_EG440SC_piezo_to_good_takamine_EG523SC_mic,2.0284182972675054e-06,,2.0722498046138317e-06,,1.8937123624797615e-06,,2.8460267805457146e-06,,2.4620737531474562e-06,,3.909398705530805e-06,
3031,bad_takamine_EG440SC_piezo_to_good_takamine_EG523SC_piezo,1.9385797777859447e-06,,1.5514055442806543e-06,,2.563063547711263e-06,,1.263190858334783e-06,,1.232079894769009e-06,,1.323994241970348e-06,
3032,bad_takamine_EG440SC_mic_to_good_takamine_EG523SC_mic,2.2686414702553335e-06,,2.744000015334716e-06,,2.647264839416757e-06,,2.5140925729201996e-06,,3.0494015568396016e-06,,2.603284823401581e-06,
3033,bad_takamine_EG440SC_mic_to_good_takamine_EG523SC_piezo,1.3714106763965034e-06,,1.5782329742071306e-06,,1.7354679776720147e-06,,1.5482504011428443e-06,,1.8754664242857587e-06,,1.3331509046135013e-06,
3034,bad_takamine_EG440SC_piezo_to_good_takamine_EG523SC_mic,2.1684559809250176e-06,,2.516849243434899e-06,,2.0143397393846014e-06,,2.5659571094793938e-06,,3.6242999912018406e-06,,3.870184172853872e-06,
3035,bad_takamine_EG440SC_piezo_to_good_takamine_EG523SC_piezo,1.512167142058565e-06,,1.4397083545883184e-06,,2.3250789046061763e-06,,1.4001001118458058e-06,,1.2672228936835772e-06,,1.5319108725765441e-06,
3036,bad_takamine_EG440SC_mic_to_good_takamine_EG523SC_mic,2.910314472392732e-06,,3.074199819154566e-06,,2.417043333336786e-06,,3.804480601925939e-06,,2.911067491681782e-06,,2.3057086050259213e-06,
3037,bad_takamine_EG440SC_mic_to_good_takamine_EG523SC_piezo,1.1584902740320855e-06,,1.195657821518011e-06,,1.6058589227054105e-06,,1.2640249624865467e-06,,1.229860115428558e-06,,1.1853751940898568e-06,
3038,bad_takamine_EG440SC_piezo_to_good_takamine_EG523SC_mic,2.8701285079590383e-06,,5.336292827191051e-06,,2.6811563896794034e-06,,3.988672916566787e-06,,4.610797524243908e-06,,3.96393899949729e-06,
3039,bad_takamine_EG440SC_piezo_to_good_takamine_EG523SC_piezo,1.4498706896501795e-06,,1.6440074069186318e-06,,1.9479652063655595e-06,,1.3850479052106252e-06,,1.3302085271971676e-06,,1.6304052990389033e-06,
3040,bad_takamine_EG440SC_mic_to_good_takamine_EG523SC_mic,3.993096736752542e-06,,3.3395131730026e-06,,2.61677646974698e-06,,4.3815682624198674e-06,,3.355241364254971e-06,,3.5110019246244858e-06,
3041,bad_takamine_EG440SC_mic_to_good_takamine_EG523SC_piezo,1.1865115658917117e-06,,1.2626568633426675e-06,,1.608063174207791e-06,,1.172607998574267e-06,,1.243229291678953e-06,,1.1899035523637077e-06,
3042,bad_takamine_EG440SC_piezo_to_good_takamine_EG523SC_mic,1.9904519407029903e-06,,4.579248773997285e-06,,2.1544549488183557e-06,,3.1700735723675854e-06,,4.40690361266354e-06,,3.446170979193404e-06,
3043,bad_takamine_EG440SC_piezo_to_good_takamine_EG523SC_piezo,1.4424025863002003e-06,,1.649455038721558e-06,,1.4833350742332098e-06,,1.5336735338477388e-06,,1.4052460237105837e-06,,1.4668607934567228e-06,
3044,bad_takamine_EG440SC_mic_to_good_takamine_EG523SC_mic,3.6778955756548383e-06,,3.2549585778709156e-06,,2.6293263093726585e-06,,4.408437764483097e-06,,3.8953762151269675e-06,,2.797354418344837e-06,
3045,bad_takamine_EG440SC_mic_to_good_takamine_EG523SC_piezo,1.3737451174435557e-06,,1.5693829361625758e-06,,1.5701229029509451e-06,,1.4174500339980785e-06,,1.3606346229136783e-06,,1.1723513655866473e-06,
3046,bad_takamine_EG440SC_piezo_to_good_takamine_EG523SC_mic,1.7394035614638028e-06,,2.4861343803067174e-06,,1.4428246761446687e-06,,3.82760096251744e-06,,4.1325098200566854e-06,,2.9772711650364637e-06,
3047,bad_takamine_EG440SC_piezo_to_good_takamine_EG523SC_piezo,2.607331210985542e-06,,1.999139815231271e-06,,2.152452429985537e-06,,1.3014714948693039e-06,,1.4120100850632844e-06,,1.5126062470742677e-06,
3048,bad_takamine_EG440SC_mic_to_good_takamine_EG523SC_mic,1.913156546068631e-06,,2.000590197606706e-06,,2.131106588093093e-06,,3.853134510871584e-06,,4.1299192962860834e-06,,2.2326484255670935e-06,
3049,bad_takamine_EG440SC_mic_to_good_takamine_EG523SC_piezo,1.4805664023525804e-06,,1.4115702600853137e-06,,1.7135102386254702e-06,,1.7453996681513785e-06,,1.7098580395880072e-06,,1.5909784574020643e-06,
3050,bad_takamine_EG440SC_piezo_to_good_takamine_EG523SC_mic,4.4976097711518865e-06,,4.099944616731225e-06,,4.323771450114081e-06,,4.105914622632545e-06,,4.1435944397297674e-06,,3.14876140786745e-06,
3051,bad_takamine_EG440SC_piezo_to_good_takamine_EG523SC_piezo,2.3516082409569413e-06,,2.0954284789563295e-06,,1.928415938968394e-06,,1.9488448513765625e-06,,1.8239138128574605e-06,,2.2911446170926382e-06,
3052,bad_takamine_EG440SC_mic_to_good_takamine_EG523SC_mic,2.137570025938217e-06,,2.4933928828078635e-06,,1.9494705772253375e-06,,3.257579237216817e-06,,3.5000955210679434e-06,,2.1313008348283238e-06,
3053,bad_takamine_EG440SC_mic_to_good_takamine_EG523SC_piezo,1.4896454708643286e-06,,1.481222195733268e-06,,1.816865752658388e-06,,1.5727203567700016e-06,,1.56273374243951e-06,,1.4901612138411863e-06,
3054,bad_takamine_EG440SC_piezo_to_good_takamine_EG523SC_mic,4.827754715843967e-06,,4.254672278471374e-06,,6.305389285050574e-06,,3.6082585440901736e-06,,4.420827494308334e-06,,2.5628271557782075e-06,
3055,bad_takamine_EG440SC_piezo_to_good_takamine_EG523SC_piezo,1.6071224730025425e-06,,1.6065954561455262e-06,,2.272080385647347e-06,,1.6826021525697444e-06,,1.621620732402286e-06,,1.9675888390548376e-06,
3056,bad_takamine_EG440SC_mic_to_good_takamine_EG523SC_mic,2.7730087340884735e-06,,2.546815254749303e-06,,2.023228400907878e-06,,3.865200543257049e-06,,3.5383335593802644e-06,,2.133247132876817e-06,
3057,bad_takamine_EG440SC_mic_to_good_takamine_EG523SC_piezo,1.5391162743178885e-06,,1.5688636167295843e-06,,1.8098704037268334e-06,,1.5426394976688391e-06,,1.5399757432744654e-06,,1.4317792868987778e-06,
3058,bad_takamine_EG440SC_piezo_to_good_takamine_EG523SC_mic,1.8524397518041616e-06,,3.6418763029013134e-06,,1.6070419443212685e-06,,2.2278893161565606e-06,,2.509274993866971e-06,,1.836529200760721e-06,
3059,bad_takamine_EG440SC_piezo_to_good_takamine_EG523SC_piezo,1.6194860728632051e-06,,1.5393038957862205e-06,,1.9391249885964838e-06,,1.8477213420806424e-06,,1.6003048181377543e-06,,1.7743892130491438e-06,
3060,bad_takamine_EG440SC_mic_to_good_takamine_EG523SC_mic,1.7497916880413414e-06,,1.7805476773945899e-06,,2.2778059373068447e-06,,1.8540194100744655e-06,,1.8247087704951828e-06,,2.2435448121402624e-06,
3061,bad_takamine_EG440SC_mic_to_good_takamine_EG523SC_piezo,1.235094657356934e-06,,1.1847875920828927e-06,,1.7441356493064582e-06,,1.2517486036031339e-06,,1.159237750220441e-06,,1.217591523857811e-06,
3062,bad_takamine_EG440SC_piezo_to_good_takamine_EG523SC_mic,6.567937610900556e-06,,7.331186944948565e-06,,8.559205149846816e-06,,4.605981471212099e-06,,5.049311487158049e-06,,4.840581057715757e-06,
3063,bad_takamine_EG440SC_piezo_to_good_takamine_EG523SC_piezo,1.4612517149439014e-06,,1.3545056287228897e-06,,2.077258542049332e-06,,1.3720768211735065e-06,,1.49706016420404e-06,,1.604356350391687e-06,
3064,bad_takamine_EG440SC_mic_to_good_takamine_EG523SC_mic,1.970881101560627e-06,,1.9317262393556366e-06,,2.2047175539497567e-06,,2.0119909341605364e-06,,1.827707208260591e-06,,2.2197589432745024e-06,
3065,bad_takamine_EG440SC_mic_to_good_takamine_EG523SC_piezo,1.2538233202679922e-06,,1.148056964869539e-06,,1.6266961812894575e-06,,1.1505241398842798e-06,,1.0177486663703183e-06,,1.1969659265581574e-06,
3066,bad_takamine_EG440SC_piezo_to_good_takamine_EG523SC_mic,6.811198998906363e-06,,6.9203738106307316e-06,,9.214298806814602e-06,,3.8040054856694883e-06,,4.5400627965564414e-06,,4.173940626445238e-06,
3067,bad_takamine_EG440SC_piezo_to_good_takamine_EG523SC_piezo,1.5628816428389878e-06,,1.4033295356391372e-06,,2.1498355737017087e-06,,1.6205520973148334e-06,,1.5299322075299584e-06,,1.9237454721671637e-06,
3068,bad_takamine_EG440SC_mic_to_good_takamine_EG523SC_mic,2.403534104850844e-06,,2.6715072004104476e-06,,2.0527605231374164e-06,,2.1606511583767945e-06,,2.3176884753600797e-06,,2.007510935677385e-06,
3069,bad_takamine_EG440SC_mic_to_good_takamine_EG523SC_piezo,1.2966102379531174e-06,,1.248811508207621e-06,,1.549856359716352e-06,,1.1388689832688134e-06,,1.1349789062664008e-06,,1.1708304322083904e-06,
3070,bad_takamine_EG440SC_piezo_to_good_takamine_EG523SC_mic,5.656728608270472e-06,,4.309389167363394e-06,,7.962246349148906e-06,,3.811172590689396e-06,,4.69564486926339e-06,,3.4183264497527455e-06,
3071,bad_takamine_EG440SC_piezo_to_good_takamine_EG523SC_piezo,1.719422149763562e-06,,1.5615097234728549e-06,,2.031747076931677e-06,,1.6528551741973632e-06,,1.5835083082834865e-06,,2.0878852627503345e-06,
3072,bad_takamine_EG440SC_mic_to_good_takamine_EG523SC_mic,3.919693059931899e-06,,2.8064545422332206e-06,,2.0448160931997775e-06,,3.544620897598168e-06,,4.545087711547094e-06,,2.131389886304191e-06,
3073,bad_takamine_EG440SC_mic_to_good_takamine_EG523SC_piezo,1.4799526298696894e-06,,1.6318858453533008e-06,,1.6255857465072799e-06,,1.4821590685548984e-06,,1.6720908045689649e-06,,1.2134286103821573e-06,
3074,bad_takamine_EG440SC_piezo_to_good_takamine_EG523SC_mic,3.578790826172754e-06,,4.0276747596631235e-06,,3.442633742235224e-06,,3.683999782431957e-06,,3.3358410206109094e-06,,4.123853664804348e-06,
3075,bad_takamine_EG440SC_piezo_to_good_takamine_EG523SC_piezo,1.6589721795851364e-06,,1.5333486186870985e-06,,1.9819272174526565e-06,,1.9769386926171815e-06,,1.9910140129374233e-06,,2.3346927940783003e-06,
3076,bad_takamine_EG440SC_mic_to_good_takamine_EG523SC_mic,3.709071597840673e-06,,3.3302505551922354e-06,,2.045150506800201e-06,,2.979999929821443e-06,,3.913940838659584e-06,,2.543903385391897e-06,
3077,bad_takamine_EG440SC_mic_to_good_takamine_EG523SC_piezo,1.4455619746650213e-06,,1.7538018034598414e-06,,1.5742304786120208e-06,,1.8531868761572783e-06,,1.7228029389046506e-06,,1.2383982483125313e-06,
3078,bad_takamine_EG440SC_piezo_to_good_takamine_EG523SC_mic,1.971696417053015e-06,,2.2140512872372714e-06,,2.918586486327293e-06,,4.007619374264397e-06,,3.268587978323285e-06,,4.410333271199299e-06,
3079,bad_takamine_EG440SC_piezo_to_good_takamine_EG523SC_piezo,1.695023531621235e-06,,1.5317048184648879e-06,,1.524962764536598e-06,,1.850695988229157e-06,,1.8144160770907633e-06,,2.3220449056368715e-06,
3080,bad_takamine_EG440SC_mic_to_good_takamine_EG523SC_mic,2.9198997118291496e-06,,4.1796053402313265e-06,,2.1053245252738618e-06,,3.524542106767868e-06,,4.27306060522185e-06,,2.1600271887552624e-06,
3081,bad_takamine_EG440SC_mic_to_good_takamine_EG523SC_piezo,1.309222973396049e-06,,1.533613590358408e-06,,1.7484977075910222e-06,,1.7948836590732788e-06,,1.7499021353734894e-06,,1.3280984110285074e-06,
3082,bad_takamine_EG440SC_piezo_to_good_takamine_EG523SC_mic,2.8774289181008624e-06,,2.211618568530365e-06,,2.7266146424408568e-06,,3.605477176117084e-06,,3.282796754596125e-06,,3.7428684976455566e-06,
3083,bad_takamine_EG440SC_piezo_to_good_takamine_EG523SC_piezo,1.5145066965227726e-06,,1.3322388196609917e-06,,1.8046746376080655e-06,,1.523567448907423e-06,,1.4162435671670705e-06,,2.125228182253955e-06,
3084,bad_takamine_EG440SC_mic_to_good_takamine_EG523SC_mic,2.891560479624083e-06,,2.450564342251666e-06,,1.8645098663119335e-06,,3.0672055566919123e-06,,2.980966402034505e-06,,1.984928864445646e-06,
3085,bad_takamine_EG440SC_mic_to_good_takamine_EG523SC_piezo,1.1903683470081204e-06,,1.2619291345281284e-06,,1.5666350925043264e-06,,1.1675288874570743e-06,,1.2547778286627979e-06,,1.1710018843547719e-06,
3086,bad_takamine_EG440SC_piezo_to_good_takamine_EG523SC_mic,2.7176624227170757e-06,,6.813887278792431e-06,,3.056502868090073e-06,,3.48506530543581e-06,,4.218272661090099e-06,,2.897898417083331e-06,
3087,bad_takamine_EG440SC_piezo_to_good_takamine_EG523SC_piezo,1.8921061177015471e-06,,1.7529776513892918e-06,,2.1861367081541476e-06,,1.6489384277784548e-06,,1.8944641810131225e-06,,2.4484428207710143e-06,
3088,bad_takamine_EG440SC_mic_to_good_takamine_EG523SC_mic,3.2670473725488758e-06,,3.062171530806947e-06,,1.942042008055165e-06,,3.749867620037994e-06,,4.849565972332324e-06,,2.172162753634941e-06,
3089,bad_takamine_EG440SC_mic_to_good_takamine_EG523SC_piezo,1.6230779216658215e-06,,1.656726952282291e-06,,1.4275615182271927e-06,,1.4837351666765605e-06,,1.6895008081530017e-06,,1.143539371625559e-06,
3090,bad_takamine_EG440SC_piezo_to_good_takamine_EG523SC_mic,2.1534033379364273e-06,,2.397625493124158e-06,,2.470996061354159e-06,,2.609868286511375e-06,,3.5526441905561564e-06,,3.1746831481658234e-06,
3091,bad_takamine_EG440SC_piezo_to_good_takamine_EG523SC_piezo,1.8586577586092773e-06,,1.962146490854796e-06,,1.9694772945589354e-06,,1.3794772227661096e-06,,1.6708654204778874e-06,,1.9804282583050567e-06,
3092,bad_takamine_EG440SC_mic_to_good_takamine_EG523SC_mic,5.304826073491473e-06,,3.168652370616717e-06,,2.2624446657410813e-06,,3.2934426929009148e-06,,4.7708383806450105e-06,,2.162324672580944e-06,
3093,bad_takamine_EG440SC_mic_to_good_takamine_EG523SC_piezo,1.1822195538141621e-06,,1.2373665738639154e-06,,1.473257175083645e-06,,1.5042466036929791e-06,,1.4663189268676079e-06,,1.1134636445606859e-06,
3094,bad_takamine_EG440SC_piezo_to_good_takamine_EG523SC_mic,1.5109617658957597e-06,,2.2506487356883417e-06,,2.02878683230836e-06,,3.6444790360772792e-06,,4.675314791426565e-06,,4.957663543723601e-06,
3095,bad_takamine_EG440SC_piezo_to_good_takamine_EG523SC_piezo,2.2150961329455756e-06,,1.8344383918394577e-06,,2.092478023138628e-06,,1.8852963176728542e-06,,2.5974611579980358e-06,,1.8473347163725173e-06,
3096,bad_takamine_EG440SC_mic_to_good_takamine_EG523SC_mic,1.9707915316850478e-06,,1.9004666102204247e-06,,2.3459797005777084e-06,,3.0346716115723977e-06,,4.221028096051315e-06,,3.3656590366520424e-06,
3097,bad_takamine_EG440SC_mic_to_good_takamine_EG523SC_piezo,1.7412109145953102e-06,,1.4484798153354898e-06,,1.8270413056448575e-06,,1.7305545479891235e-06,,1.662383358258846e-06,,1.6139925481656932e-06,
3098,bad_takamine_EG440SC_piezo_to_good_takamine_EG523SC_mic,4.59270410752714e-06,,4.337972100520127e-06,,4.2121810726648235e-06,,4.515298402156149e-06,,4.3673557593602965e-06,,2.893270851492604e-06,
3099,bad_takamine_EG440SC_piezo_to_good_takamine_EG523SC_piezo,3.146488481071278e-06,,2.1890135134574257e-06,,2.0724533716024683e-06,,2.2072955975343978e-06,,1.8852105652318192e-06,,2.3783832001621607e-06,
3100,bad_takamine_EG440SC_mic_to_good_takamine_EG523SC_mic,2.237914690553119e-06,,2.49304568710676e-06,,1.9954512440063654e-06,,3.2203973086875672e-06,,3.223064776597486e-06,,2.1985752176442196e-06,
3101,bad_takamine_EG440SC_mic_to_good_takamine_EG523SC_piezo,1.421082218376164e-06,,1.460462984461506e-06,,1.7242878899160921e-06,,1.5689670620497565e-06,,1.5777433976431681e-06,,1.5007658606922135e-06,
3102,bad_takamine_EG440SC_piezo_to_good_takamine_EG523SC_mic,5.847351178357432e-06,,4.492289177007084e-06,,6.498014251363788e-06,,2.749307550783068e-06,,4.146769884285836e-06,,2.8106614589392856e-06,
3103,bad_takamine_EG440SC_piezo_to_good_takamine_EG523SC_piezo,1.7509346155012668e-06,,1.6911586124630827e-06,,2.375397546085606e-06,,1.7485525825087841e-06,,1.6570031286642141e-06,,2.041273860810323e-06,
3104,bad_takamine_EG440SC_mic_to_good_takamine_EG523SC_mic,3.127262180637735e-06,,2.7602881688118844e-06,,2.0574191850457385e-06,,4.182989661366575e-06,,3.959308782631939e-06,,2.1607425316994965e-06,
3105,bad_takamine_EG440SC_mic_to_good_takamine_EG523SC_piezo,1.5281969738580515e-06,,1.5609594334225024e-06,,1.8029950520453901e-06,,1.5436160106358945e-06,,1.5585323366443578e-06,,1.3846835945596167e-06,
3106,bad_takamine_EG440SC_piezo_to_good_takamine_EG523SC_mic,6.387317366006599e-06,,4.4863204342948386e-06,,3.4211821112341203e-06,,3.1228600919907333e-06,,4.035253386679347e-06,,2.3488414643700047e-06,
3107,bad_takamine_EG440SC_piezo_to_good_takamine_EG523SC_piezo,1.6525111981041345e-06,,1.5597747812166625e-06,,1.864290613014626e-06,,1.9801379848622355e-06,,1.6340506854546573e-06,,1.5655146539500362e-06,
3108,bad_takamine_EG440SC_mic_to_good_takamine_EG523SC_mic,1.7640329153248389e-06,,1.8027805524263493e-06,,2.2391796404886083e-06,,1.9730843326623147e-06,,1.8754018094812417e-06,,2.185624519358023e-06,
3109,bad_takamine_EG440SC_mic_to_good_takamine_EG523SC_piezo,1.2342839698122882e-06,,1.2362251200030794e-06,,1.6893273830153035e-06,,1.2274182900149298e-06,,1.2255551891852774e-06,,1.2195089328874524e-06,
3110,bad_takamine_EG440SC_piezo_to_good_takamine_EG523SC_mic,7.433877436254419e-06,,5.331752408869319e-06,,8.210126795769594e-06,,4.166151586384426e-06,,5.025969440369249e-06,,5.204494086396036e-06,
3111,bad_takamine_EG440SC_piezo_to_good_takamine_EG523SC_piezo,1.5522953684124314e-06,,1.361400765254001e-06,,2.089845425035285e-06,,1.4114478878131922e-06,,1.5648038669977066e-06,,1.5800525417342402e-06,
3112,bad_takamine_EG440SC_mic_to_good_takamine_EG523SC_mic,1.965341623728864e-06,,2.0444599864757958e-06,,2.1872590063750327e-06,,2.0629195743346456e-06,,1.960964751890978e-06,,2.2204164837383935e-06,
3113,bad_takamine_EG440SC_mic_to_good_takamine_EG523SC_piezo,1.3194789617331289e-06,,1.2413419695290754e-06,,1.67654015423842e-06,,1.262534401029672e-06,,1.179252214831239e-06,,1.2040863921069134e-06,
3114,bad_takamine_EG440SC_piezo_to_good_takamine_EG523SC_mic,6.113303300910613e-06,,6.214182928829177e-06,,8.638714509742489e-06,,3.8029158608615977e-06,,4.6612585567032844e-06,,3.934681801810858e-06,
3115,bad_takamine_EG440SC_piezo_to_good_takamine_EG523SC_piezo,1.7154814744924112e-06,,1.5646919889651608e-06,,2.1274302179705917e-06,,1.6585070980863779e-06,,1.5631273690913972e-06,,1.9446087253123703e-06,
3116,bad_takamine_EG440SC_mic_to_good_takamine_EG523SC_mic,2.3849431391007975e-06,,2.565779589255944e-06,,1.9918267586696117e-06,,2.2266470471139828e-06,,2.3425747926760994e-06,,2.007174799103038e-06,
3117,bad_takamine_EG440SC_mic_to_good_takamine_EG523SC_piezo,1.4110075835184833e-06,,1.2111729548523416e-06,,1.5300551593244285e-06,,1.0776707728769374e-06,,1.1055232267485578e-06,,1.1618489420784485e-06,
3118,bad_takamine_EG440SC_piezo_to_good_takamine_EG523SC_mic,6.097109430069277e-06,,6.311582792106532e-06,,7.712809051880625e-06,,3.255313812773004e-06,,4.107170363900493e-06,,5.104313137960702e-06,
3119,bad_takamine_EG440SC_piezo_to_good_takamine_EG523SC_piezo,1.5530214308126318e-06,,1.5569678179183477e-06,,2.292329129715394e-06,,1.4374847033109868e-06,,1.6043209644923494e-06,,1.7349156035136048e-06,
3120,bad_takamine_EG440SC_mic_to_good_takamine_EG523SC_mic,4.409539315210865e-06,,2.308901822387664e-06,,2.8990008593993717e-06,,3.1545501286696733e-06,,3.97821236144313e-06,,2.472352807511504e-06,
3121,bad_takamine_EG440SC_mic_to_good_takamine_EG523SC_piezo,1.8852043985291671e-06,,1.7880472139892762e-06,,1.506861983602438e-06,,1.5156012733215104e-06,,1.7636691616802272e-06,,1.1783909664745566e-06,
3122,bad_takamine_EG440SC_piezo_to_good_takamine_EG523SC_mic,2.0382309851188437e-06,,2.5946822874895344e-06,,3.5534954427506924e-06,,3.3593443340615487e-06,,3.6407818285548312e-06,,4.397960290251107e-06,
3123,bad_takamine_EG440SC_piezo_to_good_takamine_EG523SC_piezo,1.4082693733401107e-06,,1.8313264319329894e-06,,2.213990537023992e-06,,2.832114919066022e-06,,2.5971371569254273e-06,,2.3008476910264206e-06,
3124,bad_takamine_EG440SC_mic_to_good_takamine_EG523SC_mic,3.6620098562372446e-06,,2.8572078041593755e-06,,2.3398384154185047e-06,,3.3313960370736846e-06,,3.637798515282367e-06,,2.315020083211356e-06,
3125,bad_takamine_EG440SC_mic_to_good_takamine_EG523SC_piezo,1.5215350959747375e-06,,1.6835040235531379e-06,,1.5352583641616345e-06,,2.064240017337675e-06,,1.959527227826463e-06,,1.2103788647598731e-06,
3126,bad_takamine_EG440SC_piezo_to_good_takamine_EG523SC_mic,4.129608380994313e-06,,4.2529004684106365e-06,,3.756817052187771e-06,,2.7092740658705083e-06,,3.7557948508003833e-06,,4.336865728237643e-06,
3127,bad_takamine_EG440SC_piezo_to_good_takamine_EG523SC_piezo,1.4990280399243814e-06,,1.612330546956139e-06,,1.7447554993091605e-06,,3.6395363242954583e-06,,1.9675735302354878e-06,,2.3436936969018484e-06,
3128,bad_takamine_EG440SC_mic_to_good_takamine_EG523SC_mic,2.699812781564599e-06,,3.624457182041735e-06,,2.2453964975473726e-06,,3.841629789649298e-06,,3.169691758617283e-06,,2.389461241840591e-06,
3129,bad_takamine_EG440SC_mic_to_good_takamine_EG523SC_piezo,1.7877272098597524e-06,,1.7219652927576702e-06,,1.4886304253301097e-06,,1.7295939302890243e-06,,2.1826244567480612e-06,,1.2344791254653192e-06,
3130,bad_takamine_EG440SC_piezo_to_good_takamine_EG523SC_mic,2.045986458444269e-06,,2.0700134728955894e-06,,2.1757765793139797e-06,,3.3091454160263476e-06,,3.015806271049413e-06,,3.7371379809166945e-06,
3131,bad_takamine_EG440SC_piezo_to_good_takamine_EG523SC_piezo,1.2970250071542087e-06,,2.0100760134181697e-06,,1.7175949234719915e-06,,1.8512415981288003e-06,,1.570455072603434e-06,,1.933562381950474e-06,
3132,bad_takamine_EG440SC_mic_to_good_takamine_EG523SC_mic,2.786882325691039e-06,,3.0931697604871654e-06,,2.4514604286573875e-06,,3.2749855349155696e-06,,3.262016600242989e-06,,2.2365970957597607e-06,
3133,bad_takamine_EG440SC_mic_to_good_takamine_EG523SC_piezo,1.3301450390382645e-06,,1.4517083655747152e-06,,1.5625302484374922e-06,,1.4582445139601395e-06,,1.4762063624706049e-06,,1.1712251603742135e-06,
3134,bad_takamine_EG440SC_piezo_to_good_takamine_EG523SC_mic,2.7078330248361787e-06,,7.327150367041806e-06,,3.420902802395467e-06,,4.410002590753297e-06,,4.127705580123388e-06,,3.775600975813123e-06,
3135,bad_takamine_EG440SC_piezo_to_good_takamine_EG523SC_piezo,1.814612290657947e-06,,1.849969769895312e-06,,2.139297554875439e-06,,1.5802082007318284e-06,,1.6048403098732188e-06,,2.1433972609181557e-06,
3136,bad_takamine_EG440SC_mic_to_good_takamine_EG523SC_mic,2.247676702804803e-06,,2.69210855884687e-06,,2.300909641375204e-06,,2.2062348769405056e-06,,2.38931735824891e-06,,2.1800746620743753e-06,
3137,bad_takamine_EG440SC_mic_to_good_takamine_EG523SC_piezo,1.3817973971192165e-06,,1.3186533720764964e-06,,1.5155087830435937e-06,,1.198376705114611e-06,,1.2402987571307781e-06,,1.1558551738714327e-06,
3138,bad_takamine_EG440SC_piezo_to_good_takamine_EG523SC_mic,1.7454773952337899e-06,,2.4148758626952568e-06,,2.4395276184693186e-06,,3.381690549446638e-06,,4.606239164048376e-06,,4.571342540522425e-06,
3139,bad_takamine_EG440SC_piezo_to_good_takamine_EG523SC_piezo,2.220832385711305e-06,,1.7857423961966524e-06,,2.112434191222108e-06,,1.2997939377004634e-06,,1.693598145278483e-06,,1.8927459060596809e-06,
3140,bad_takamine_EG440SC_mic_to_good_takamine_EG523SC_mic,3.1845890412707654e-06,,3.050074397634797e-06,,2.0971930610929544e-06,,4.819752457059283e-06,,3.1543949048655457e-06,,2.058857871600534e-06,
3141,bad_takamine_EG440SC_mic_to_good_takamine_EG523SC_piezo,1.3701106393056507e-06,,1.3261074464494651e-06,,1.5087305394993617e-06,,1.5332435321470766e-06,,1.4594288599664948e-06,,1.1540690122707892e-06,
3142,bad_takamine_EG440SC_piezo_to_good_takamine_EG523SC_mic,1.6605829668324511e-06,,1.7281402117579156e-06,,1.5858408101752172e-06,,3.8124129337418805e-06,,3.8043377733957874e-06,,4.860516379160062e-06,
3143,bad_takamine_EG440SC_piezo_to_good_takamine_EG523SC_piezo,3.1430439240849124e-06,,1.978432515336642e-06,,1.859452174232703e-06,,1.6527848338419933e-06,,1.8551084171715148e-06,,1.6249458591957327e-06,
3144,bad_takamine_EG440SC_mic_to_good_takamine_EG523SC_mic,1.6777914380486732e-06,,1.6887575458816415e-06,,2.3030769281108328e-06,,4.058358213913282e-06,,4.409221759990552e-06,,2.5580190485229103e-06,
3145,bad_takamine_EG440SC_mic_to_good_takamine_EG523SC_piezo,1.3802032847966599e-06,,1.3846089142389444e-06,,1.3763149690080422e-06,,1.5025684752069898e-06,,1.4788879700466975e-06,,1.6688503243349238e-06,
3146,bad_takamine_EG440SC_piezo_to_good_takamine_EG523SC_mic,3.814917261062236e-06,,5.7236907847387215e-06,,3.6637935928942504e-06,,3.6821995816131813e-06,,5.080577035035566e-06,,3.420572535355358e-06,
3147,bad_takamine_EG440SC_piezo_to_good_takamine_EG523SC_piezo,1.7092498780520012e-06,,1.8349214267699485e-06,,1.971924367287231e-06,,2.365384847887233e-06,,1.9529022381820573e-06,,2.5852666480755983e-06,
3148,bad_takamine_EG440SC_mic_to_good_takamine_EG523SC_mic,1.8275585299360727e-06,,2.042642785876978e-06,,2.286587518433678e-06,,3.368608390677044e-06,,3.3187543872716025e-06,,3.261822663136106e-06,
3149,bad_takamine_EG440SC_mic_to_good_takamine_EG523SC_piezo,1.3871107319428553e-06,,1.4064914325538063e-06,,1.2860032079884478e-06,,1.4463805289180091e-06,,1.443101874798127e-06,,1.5416313934280208e-06,
3150,bad_takamine_EG440SC_piezo_to_good_takamine_EG523SC_mic,6.541897677741004e-06,,3.5192302446185587e-06,,7.919924675741138e-06,,2.624482528235346e-06,,3.608234566454114e-06,,3.6244359982558153e-06,
3151,bad_takamine_EG440SC_piezo_to_good_takamine_EG523SC_piezo,1.5409127524553245e-06,,1.5058233356659474e-06,,1.560922190376974e-06,,2.2408687423041927e-06,,2.0497057179857307e-06,,1.6291679975334047e-06,
3152,bad_takamine_EG440SC_mic_to_good_takamine_EG523SC_mic,2.4112878008342503e-06,,2.815033165566455e-06,,2.4402896828276137e-06,,3.5378093583694335e-06,,3.937341577882777e-06,,3.233956355759033e-06,
3153,bad_takamine_EG440SC_mic_to_good_takamine_EG523SC_piezo,1.5308509405669475e-06,,1.4452859458047219e-06,,1.2802537581367209e-06,,1.4763816092592703e-06,,1.429837656892949e-06,,1.5286999893258537e-06,
3154,bad_takamine_EG440SC_piezo_to_good_takamine_EG523SC_mic,4.8796849009380355e-06,,4.905577817482547e-06,,8.48611126274235e-06,,2.5485385266511727e-06,,3.3594533622798476e-06,,3.7149624335612173e-06,
3155,bad_takamine_EG440SC_piezo_to_good_takamine_EG523SC_piezo,1.3737125076004202e-06,,1.3090709954335773e-06,,1.579672548128678e-06,,1.8076119002753027e-06,,1.9772442282236495e-06,,1.763801265114398e-06,
3156,bad_takamine_EG440SC_mic_to_good_takamine_EG523SC_mic,1.6748288373537321e-06,,1.8604174769796803e-06,,2.0604421502223114e-06,,1.782820543381232e-06,,1.9365147290068677e-06,,2.1171696958210037e-06,
3157,bad_takamine_EG440SC_mic_to_good_takamine_EG523SC_piezo,1.5964685105608986e-06,,1.4717607804256451e-06,,1.7820768295300478e-06,,1.3196409701484593e-06,,1.3832687766825465e-06,,1.242617943681291e-06,
3158,bad_takamine_EG440SC_piezo_to_good_takamine_EG523SC_mic,4.500084254429369e-06,,5.450144611364388e-06,,4.3216383981571585e-06,,4.120228345352482e-06,,3.38354803045613e-06,,3.2724853810598994e-06,
3159,bad_takamine_EG440SC_piezo_to_good_takamine_EG523SC_piezo,1.644491387685803e-06,,1.5723509982357073e-06,,2.1927499593918987e-06,,1.3044730515103957e-06,,1.5084403062661061e-06,,2.3364094107808033e-06,
3160,bad_takamine_EG440SC_mic_to_good_takamine_EG523SC_mic,1.988643691636262e-06,,2.3113736210003434e-06,,2.007936653790009e-06,,2.2924565248108192e-06,,2.653806075292448e-06,,2.1267272170988105e-06,
3161,bad_takamine_EG440SC_mic_to_good_takamine_EG523SC_piezo,1.439311237727342e-06,,1.2328391460431519e-06,,1.6895665682414837e-06,,1.4343704749093333e-06,,1.1940856724097298e-06,,1.2089174246425171e-06,
3162,bad_takamine_EG440SC_piezo_to_good_takamine_EG523SC_mic,4.428814063442203e-06,,4.429213996859534e-06,,5.571372807617521e-06,,3.98453560377275e-06,,4.230842458995465e-06,,3.6854967038280583e-06,
3163,bad_takamine_EG440SC_piezo_to_good_takamine_EG523SC_piezo,1.4807451558116537e-06,,1.568047349714117e-06,,2.392701297957736e-06,,1.723732316599089e-06,,1.5430090011547045e-06,,2.267478742064376e-06,
3164,bad_takamine_EG440SC_mic_to_good_takamine_EG523SC_mic,2.735578672655446e-06,,2.0997138413300325e-06,,2.1522281839931925e-06,,3.4265166425644616e-06,,2.4759803046426937e-06,,2.4054236870809263e-06,
3165,bad_takamine_EG440SC_mic_to_good_takamine_EG523SC_piezo,1.2218832383798836e-06,,1.2177251995372796e-06,,1.5606692139994088e-06,,1.1874007105786462e-06,,1.2115333320107003e-06,,1.1611465244512788e-06,
3166,bad_takamine_EG440SC_piezo_to_good_takamine_EG523SC_mic,1.667328171720853e-06,,2.654898712149589e-06,,4.3585106340533945e-06,,3.477720823874199e-06,,3.0886792690248903e-06,,5.061116511026656e-06,
3167,bad_takamine_EG440SC_piezo_to_good_takamine_EG523SC_piezo,2.2127670078233568e-06,,1.4446760747598749e-06,,2.1758932014370783e-06,,1.520213930734055e-06,,1.7114487829390268e-06,,2.250697894326528e-06,
3168,bad_takamine_EG440SC_mic_to_AJ_JJasmine_JF37CD_mic,7.988373107670665e-06,,3.6242301784600553e-06,,7.252955078440476e-06,,2.252925023463808e-06,,2.000407099531355e-06,,1.9914417120708427e-06,
3169,bad_takamine_EG440SC_mic_to_AJ_JJasmine_JF37CD_piezo,6.944093882785825e-06,,9.122611916390678e-06,,6.005373048005429e-06,,2.5437075650061703e-06,,2.0741995292667055e-06,,2.6702094441119013e-06,
3170,bad_takamine_EG440SC_piezo_to_AJ_JJasmine_JF37CD_mic,3.5659793877012866e-06,,4.914103823809769e-06,,8.668113109447046e-06,,1.9858601814094356e-06,,1.803067735059141e-06,,2.1636705180301816e-06,
3171,bad_takamine_EG440SC_piezo_to_AJ_JJasmine_JF37CD_piezo,7.74645273677365e-06,,5.4031380143192645e-06,,6.200745950493971e-06,,3.67223815078969e-06,,3.856181280906763e-06,,3.2356547595696226e-06,
3172,bad_takamine_EG440SC_mic_to_AJ_JJasmine_JF37CD_mic,7.021417633377577e-06,,3.795871217492923e-06,,8.450966067949028e-06,,2.4468784293666215e-06,,2.0690949842368667e-06,,2.0134442417222798e-06,
3173,bad_takamine_EG440SC_mic_to_AJ_JJasmine_JF37CD_piezo,6.707588790393214e-06,,8.821026698726316e-06,,7.616671307047922e-06,,4.037984884464852e-06,,3.991150392284962e-06,,3.0316613845094245e-06,
3174,bad_takamine_EG440SC_piezo_to_AJ_JJasmine_JF37CD_mic,3.5860388590878277e-06,,4.1338034069611156e-06,,5.681937712330912e-06,,2.4097949701396016e-06,,2.1055886619363916e-06,,2.164402686165249e-06,
3175,bad_takamine_EG440SC_piezo_to_AJ_JJasmine_JF37CD_piezo,8.657765359540203e-06,,5.126680800283461e-06,,6.093168213181313e-06,,3.0003204589261143e-06,,3.1583786959023785e-06,,3.3265427004789964e-06,
3176,bad_takamine_EG440SC_mic_to_AJ_JJasmine_JF37CD_mic,5.365672782419913e-06,,3.4564057929924366e-06,,6.362469728140677e-06,,1.845163105558994e-06,,1.6554840014448955e-06,,1.9779102063224757e-06,
3177,bad_takamine_EG440SC_mic_to_AJ_JJasmine_JF37CD_piezo,8.186256310347544e-06,,8.961273569199332e-06,,7.1070466871021e-06,,2.780158530217344e-06,,2.2675430335060137e-06,,3.280418828574097e-06,
3178,bad_takamine_EG440SC_piezo_to_AJ_JJasmine_JF37CD_mic,2.568422037184564e-06,,3.7498840080421783e-06,,3.660630453506519e-06,,2.337151260998201e-06,,1.816180984029953e-06,,2.339438098204222e-06,
3179,bad_takamine_EG440SC_piezo_to_AJ_JJasmine_JF37CD_piezo,5.919715533147904e-06,,5.626049781987341e-06,,4.474670043627391e-06,,2.926905932964565e-06,,3.191843315759831e-06,,2.751494158022276e-06,
3180,bad_takamine_EG440SC_mic_to_AJ_JJasmine_JF37CD_mic,6.382985064998209e-06,,4.034773371103203e-06,,6.1269539512116705e-06,,2.558157859280412e-06,,1.9311060814374234e-06,,2.1107349266720315e-06,
3181,bad_takamine_EG440SC_mic_to_AJ_JJasmine_JF37CD_piezo,3.885992270430658e-06,,5.044057254074075e-06,,4.096818594017223e-06,,3.6277426593236846e-06,,1.949139416744357e-06,,2.6344567257708016e-06,
3182,bad_takamine_EG440SC_piezo_to_AJ_JJasmine_JF37CD_mic,4.299366129616092e-06,,5.085842466868959e-06,,6.490841529179315e-06,,2.2563490272798537e-06,,1.7678794151371918e-06,,2.0265354157321433e-06,
3183,bad_takamine_EG440SC_piezo_to_AJ_JJasmine_JF37CD_piezo,5.179490800076269e-06,,3.9768993981769635e-06,,4.6359160222228915e-06,,2.9396268478944777e-06,,2.7956288152542467e-06,,3.12179243686216e-06,
3184,bad_takamine_EG440SC_mic_to_AJ_JJasmine_JF37CD_mic,4.277480598392705e-06,,4.108731688387673e-06,,6.533241065291119e-06,,2.2295193082317916e-06,,1.7678651358487474e-06,,2.146418701737135e-06,
3185,bad_takamine_EG440SC_mic_to_AJ_JJasmine_JF37CD_piezo,5.100363229511317e-06,,4.767041221712032e-06,,4.321742034346938e-06,,2.7101212738050016e-06,,1.7956385176160175e-06,,2.4215570467235047e-06,
3186,bad_takamine_EG440SC_piezo_to_AJ_JJasmine_JF37CD_mic,4.602682392777874e-06,,3.5119023083062716e-06,,8.184919007984265e-06,,2.9227600454226495e-06,,2.2882427853922894e-06,,2.1973083612189367e-06,
3187,bad_takamine_EG440SC_piezo_to_AJ_JJasmine_JF37CD_piezo,6.5247378121206005e-06,,4.435495688955445e-06,,7.802541088896615e-06,,5.494240309783922e-06,,2.2180287550421035e-06,,5.7310976420425894e-06,
3188,bad_takamine_EG440SC_mic_to_AJ_JJasmine_JF37CD_mic,4.940075440209503e-06,,3.885852260365717e-06,,4.316662434881767e-06,,2.0677829546513172e-06,,2.0320642960597087e-06,,1.9478806706435417e-06,
3189,bad_takamine_EG440SC_mic_to_AJ_JJasmine_JF37CD_piezo,2.742702945595419e-06,,2.7886924178904917e-06,,3.1404607443730216e-06,,2.1896063154943656e-06,,1.9958529015694547e-06,,2.487222416459851e-06,
3190,bad_takamine_EG440SC_piezo_to_AJ_JJasmine_JF37CD_mic,3.3132248975279703e-06,,5.13445513291494e-06,,2.374700308562725e-06,,2.69053923351429e-06,,2.6297555935448416e-06,,2.3088706613912096e-06,
3191,bad_takamine_EG440SC_piezo_to_AJ_JJasmine_JF37CD_piezo,4.899999907605608e-06,,3.6455574299184873e-06,,3.3000601558248063e-06,,3.062092425659486e-06,,2.962556713244959e-06,,3.240211012364148e-06,
3192,bad_takamine_EG440SC_mic_to_AJ_JJasmine_JF37CD_mic,2.960287776893257e-06,,2.5962637204852352e-06,,6.870581512718105e-06,,1.7731576771645706e-06,,1.6462566365595517e-06,,1.689821352088667e-06,
3193,bad_takamine_EG440SC_mic_to_AJ_JJasmine_JF37CD_piezo,8.037464888182962e-06,,5.94437555951414e-06,,8.823504286200622e-06,,2.7208729347867817e-06,,2.4148349024799495e-06,,1.8665732553425193e-06,
3194,bad_takamine_EG440SC_piezo_to_AJ_JJasmine_JF37CD_mic,3.840828324268097e-06,,4.892416012330226e-06,,3.431830549602031e-06,,2.0743536554839134e-06,,2.3056076128120125e-06,,3.458585325123889e-06,
3195,bad_takamine_EG440SC_piezo_to_AJ_JJasmine_JF37CD_piezo,5.697900610136363e-06,,6.031481559822693e-06,,1.0523781754978296e-05,,3.3789405509995627e-06,,4.817670379951453e-06,,4.509992292855121e-06,
3196,bad_takamine_EG440SC_mic_to_AJ_JJasmine_JF37CD_mic,3.099428736859163e-06,,3.0452579778224836e-06,,6.4246820124931875e-06,,1.5569971805247587e-06,,1.6283156394741123e-06,,1.9857587100274706e-06,
3197,bad_takamine_EG440SC_mic_to_AJ_JJasmine_JF37CD_piezo,6.8973998914725046e-06,,9.34925496801825e-06,,7.52045449179233e-06,,3.7651070235816985e-06,,5.189846507180227e-06,,2.8398521574645803e-06,
3198,bad_takamine_EG440SC_piezo_to_AJ_JJasmine_JF37CD_mic,2.8805929964283543e-06,,3.955852304105345e-06,,6.621237742931385e-06,,2.121927583833827e-06,,2.0748682734012855e-06,,2.2267040666405415e-06,
3199,bad_takamine_EG440SC_piezo_to_AJ_JJasmine_JF37CD_piezo,7.168699293602191e-06,,7.1635669881862155e-06,,8.334477781536973e-06,,3.855862278132718e-06,,4.390120717676985e-06,,4.574938819061463e-06,
3200,bad_takamine_EG440SC_mic_to_AJ_JJasmine_JF37CD_mic,3.729293513658356e-06,,3.494728179531843e-06,,6.2542382295721494e-06,,1.6850495971267712e-06,,1.7640243349418167e-06,,2.0873252335726695e-06,
3201,bad_takamine_EG440SC_mic_to_AJ_JJasmine_JF37CD_piezo,6.149391443365306e-06,,8.463804412393e-06,,6.883574422157995e-06,,3.948229452457176e-06,,4.691164403852714e-06,,4.348133307147538e-06,
3202,bad_takamine_EG440SC_piezo_to_AJ_JJasmine_JF37CD_mic,3.4190379920222058e-06,,4.260219277596055e-06,,3.591502837252368e-06,,2.2021709898347065e-06,,2.1346810414217354e-06,,1.6147762503265452e-06,
3203,bad_takamine_EG440SC_piezo_to_AJ_JJasmine_JF37CD_piezo,7.5068777787294924e-06,,6.766680884762892e-06,,8.563005123042148e-06,,3.874214562848094e-06,,4.276459063132942e-06,,4.567695107284424e-06,
3204,bad_takamine_EG440SC_mic_to_AJ_JJasmine_JF37CD_mic,3.012015921100001e-06,,2.6721098949304656e-06,,4.8105972466424445e-06,,1.515597169486007e-06,,1.4398468153814584e-06,,1.5696311361213852e-06,
3205,bad_takamine_EG440SC_mic_to_AJ_JJasmine_JF37CD_piezo,4.9545835512891424e-06,,6.4908524972971e-06,,8.687484654676121e-06,,1.777434761979443e-06,,1.712533520444533e-06,,1.7775492892367018e-06,
3206,bad_takamine_EG440SC_piezo_to_AJ_JJasmine_JF37CD_mic,2.3880371630842633e-06,,2.8048182834168475e-06,,3.7049336065074105e-06,,2.2570637282120463e-06,,2.7596727183427713e-06,,2.0942960602419174e-06,
3207,bad_takamine_EG440SC_piezo_to_AJ_JJasmine_JF37CD_piezo,5.985072088837778e-06,,4.933079037877762e-06,,8.326638505695097e-06,,2.866433298126063e-06,,2.815298607079826e-06,,3.2553859184726687e-06,
3208,bad_takamine_EG440SC_mic_to_AJ_JJasmine_JF37CD_mic,3.009541388649986e-06,,2.6950419110847106e-06,,4.045355931112978e-06,,1.6012908311659491e-06,,1.518759553151225e-06,,1.5441132887244102e-06,
3209,bad_takamine_EG440SC_mic_to_AJ_JJasmine_JF37CD_piezo,5.7638982718021e-06,,6.872065880005074e-06,,9.173558823489782e-06,,1.8528776388005125e-06,,1.8339776562217845e-06,,1.8176835240996597e-06,
3210,bad_takamine_EG440SC_piezo_to_AJ_JJasmine_JF37CD_mic,2.7837390187485006e-06,,2.872866970861003e-06,,2.7566412083811182e-06,,2.2920053441920373e-06,,2.209621278806899e-06,,2.2644900885964985e-06,
3211,bad_takamine_EG440SC_piezo_to_AJ_JJasmine_JF37CD_piezo,6.403192071081017e-06,,5.239561459526631e-06,,8.900053277684537e-06,,2.841074624066988e-06,,2.8275779145115477e-06,,3.215982531922248e-06,
3212,bad_takamine_EG440SC_mic_to_AJ_JJasmine_JF37CD_mic,2.92190329707709e-06,,2.80031454972383e-06,,4.681321278772147e-06,,1.5843088336624528e-06,,1.5617605267425853e-06,,1.6045088090272852e-06,
3213,bad_takamine_EG440SC_mic_to_AJ_JJasmine_JF37CD_piezo,5.125718830513047e-06,,6.93647559293781e-06,,6.863737032772399e-06,,1.833565051311133e-06,,1.7784213091516758e-06,,1.8642833440865098e-06,
3214,bad_takamine_EG440SC_piezo_to_AJ_JJasmine_JF37CD_mic,2.7823688303405945e-06,,3.237417507203267e-06,,2.569072507165365e-06,,2.261415490511058e-06,,2.100074700164956e-06,,2.238724119642769e-06,
3215,bad_takamine_EG440SC_piezo_to_AJ_JJasmine_JF37CD_piezo,6.980494138419891e-06,,5.057989473354519e-06,,9.536046440366242e-06,,2.9016424902887676e-06,,2.7812853811664176e-06,,3.2083386069740717e-06,
3216,bad_takamine_EG440SC_mic_to_AJ_JJasmine_JF37CD_mic,6.568951397086463e-06,,5.8763718532798136e-06,,6.053496403952696e-06,,2.3169554263404004e-06,,2.0305245167922573e-06,,2.009279869173692e-06,
3217,bad_takamine_EG440SC_mic_to_AJ_JJasmine_JF37CD_piezo,2.7321909305647954e-06,,4.019269751843632e-06,,4.270478352673086e-06,,3.4399214105162016e-06,,4.407562651439928e-06,,2.6493867637815496e-06,
3218,bad_takamine_EG440SC_piezo_to_AJ_JJasmine_JF37CD_mic,6.7132890876510326e-06,,5.505675618615063e-06,,7.513013145533599e-06,,2.267914283031626e-06,,2.1547635512786147e-06,,3.208893564124755e-06,
3219,bad_takamine_EG440SC_piezo_to_AJ_JJasmine_JF37CD_piezo,6.651198061237074e-06,,8.43605358007143e-06,,7.881227334593736e-06,,3.118231958644572e-06,,4.4993273142275554e-06,,2.7845754499160375e-06,
3220,bad_takamine_EG440SC_mic_to_AJ_JJasmine_JF37CD_mic,5.684628962296261e-06,,5.696720337378004e-06,,6.836018946341499e-06,,3.2335147705814916e-06,,2.638688835355538e-06,,2.2339163366563043e-06,
3221,bad_takamine_EG440SC_mic_to_AJ_JJasmine_JF37CD_piezo,3.239087105347167e-06,,4.647388007105166e-06,,3.7373860096336454e-06,,2.8585164247631827e-06,,3.442261897741158e-06,,2.703807560276922e-06,
3222,bad_takamine_EG440SC_piezo_to_AJ_JJasmine_JF37CD_mic,3.7638622540607375e-06,,4.4205345346531916e-06,,8.45817092925255e-06,,2.1854133932424137e-06,,2.1034071572316106e-06,,2.504805170998987e-06,
3223,bad_takamine_EG440SC_piezo_to_AJ_JJasmine_JF37CD_piezo,5.099482396059087e-06,,5.382098266056805e-06,,4.944716273734409e-06,,3.3984191190045307e-06,,3.1739508512872824e-06,,3.5961268996879767e-06,
3224,bad_takamine_EG440SC_mic_to_AJ_JJasmine_JF37CD_mic,4.5037510313230566e-06,,8.157465247650001e-06,,5.3396703977826855e-06,,2.5782041374267384e-06,,2.0654733044520734e-06,,1.98732858390014e-06,
3225,bad_takamine_EG440SC_mic_to_AJ_JJasmine_JF37CD_piezo,3.511323375190977e-06,,5.3425173982920924e-06,,6.80166631365855e-06,,3.7933709120870923e-06,,4.856766706089874e-06,,2.3819753666293536e-06,
3226,bad_takamine_EG440SC_piezo_to_AJ_JJasmine_JF37CD_mic,4.64351913197015e-06,,3.5885160451055374e-06,,4.694985330104513e-06,,2.0273778607704506e-06,,1.767980330286899e-06,,2.2296694894341457e-06,
3227,bad_takamine_EG440SC_piezo_to_AJ_JJasmine_JF37CD_piezo,7.924214624262707e-06,,6.067068230159376e-06,,5.82963147662757e-06,,3.1485183478113353e-06,,3.2077357088640593e-06,,3.3624782649309607e-06,
3228,bad_takamine_EG440SC_mic_to_AJ_JJasmine_JF37CD_mic,6.989205705459131e-06,,4.103009917271134e-06,,4.34383341630712e-06,,1.9967107148871e-06,,1.9096182200959675e-06,,1.9146002504504815e-06,
3229,bad_takamine_EG440SC_mic_to_AJ_JJasmine_JF37CD_piezo,3.717934395491932e-06,,5.045435958065676e-06,,4.342456728724576e-06,,2.194881224345008e-06,,1.8166482244499682e-06,,2.0770358450345866e-06,
3230,bad_takamine_EG440SC_piezo_to_AJ_JJasmine_JF37CD_mic,4.234238256419654e-06,,3.728914968107209e-06,,8.158583991897684e-06,,4.329805312356915e-06,,2.118398543383846e-06,,2.8657469341140773e-06,
3231,bad_takamine_EG440SC_piezo_to_AJ_JJasmine_JF37CD_piezo,8.234872134550853e-06,,6.901314771559917e-06,,1.0212610687483573e-05,,3.854134501742734e-06,,3.0559488119960345e-06,,3.6291487768941483e-06,
3232,bad_takamine_EG440SC_mic_to_AJ_JJasmine_JF37CD_mic,5.7103895122276745e-06,,6.726276201594918e-06,,4.127998483584085e-06,,2.3697712632440897e-06,,1.9547907320772157e-06,,2.002290076455226e-06,
3233,bad_takamine_EG440SC_mic_to_AJ_JJasmine_JF37CD_piezo,3.9864122101679545e-06,,4.511593346527703e-06,,4.877085023086157e-06,,2.5599215417338223e-06,,1.9264111623122434e-06,,2.0829642466523224e-06,
3234,bad_takamine_EG440SC_piezo_to_AJ_JJasmine_JF37CD_mic,3.390603159219697e-06,,3.2885973819004937e-06,,5.399063764978435e-06,,2.5432741541176134e-06,,2.157864019906774e-06,,2.250874332425784e-06,
3235,bad_takamine_EG440SC_piezo_to_AJ_JJasmine_JF37CD_piezo,7.0511955986278884e-06,,4.816493639262249e-06,,6.153946595977693e-06,,3.0721025300925035e-06,,2.8308315991201207e-06,,3.5545498916808928e-06,
3236,bad_takamine_EG440SC_mic_to_AJ_JJasmine_JF37CD_mic,6.942468484890094e-06,,4.548250808723767e-06,,4.295017444160437e-06,,3.50254176538815e-06,,2.453618849394336e-06,,1.873514117698641e-06,
3237,bad_takamine_EG440SC_mic_to_AJ_JJasmine_JF37CD_piezo,7.761079365338351e-06,,4.99746749093902e-06,,3.5623895852038747e-06,,4.223419330025974e-06,,4.0541484244772685e-06,,2.825822107490047e-06,
3238,bad_takamine_EG440SC_piezo_to_AJ_JJasmine_JF37CD_mic,3.1355124075717795e-06,,3.7024355535297315e-06,,4.1103962656430005e-06,,3.712963927342835e-06,,3.4274805836998497e-06,,2.402710911799363e-06,
3239,bad_takamine_EG440SC_piezo_to_AJ_JJasmine_JF37CD_piezo,6.600960434726462e-06,,4.577412535928544e-06,,9.16644194604701e-06,,2.5670878911142836e-06,,3.310104421024343e-06,,3.231395323443001e-06,
3240,bad_takamine_EG440SC_mic_to_AJ_JJasmine_JF37CD_mic,2.832857046148291e-06,,2.45810756427204e-06,,6.6813056323552295e-06,,1.6822322352616702e-06,,1.569494902320309e-06,,1.968135555577203e-06,
3241,bad_takamine_EG440SC_mic_to_AJ_JJasmine_JF37CD_piezo,7.182867157405113e-06,,6.092537281778775e-06,,7.356057628369974e-06,,2.269275786357018e-06,,2.1755628623639672e-06,,1.8593945491327967e-06,
3242,bad_takamine_EG440SC_piezo_to_AJ_JJasmine_JF37CD_mic,3.6654999241864638e-06,,4.616074836515082e-06,,3.417309469855483e-06,,2.1364199545815798e-06,,2.3762553999648193e-06,,3.711440445941382e-06,
3243,bad_takamine_EG440SC_piezo_to_AJ_JJasmine_JF37CD_piezo,6.634355240706547e-06,,8.687859907363147e-06,,5.614179474760745e-06,,4.053353150776422e-06,,3.379044601707147e-06,,2.7437116142425615e-06,
3244,bad_takamine_EG440SC_mic_to_AJ_JJasmine_JF37CD_mic,3.0171775808126083e-06,,3.072284447700678e-06,,7.0763041364574e-06,,1.540971176385541e-06,,1.6101568788148484e-06,,2.0196335043183163e-06,
3245,bad_takamine_EG440SC_mic_to_AJ_JJasmine_JF37CD_piezo,7.040674791131295e-06,,8.661337662525797e-06,,7.661999242367117e-06,,4.3856432147994715e-06,,4.906076306673116e-06,,2.5297108573121914e-06,
3246,bad_takamine_EG440SC_piezo_to_AJ_JJasmine_JF37CD_mic,4.950757590173792e-06,,3.8052821275205143e-06,,3.0315094618296654e-06,,2.5077381878270466e-06,,2.149529959152076e-06,,1.637401126462116e-06,
3247,bad_takamine_EG440SC_piezo_to_AJ_JJasmine_JF37CD_piezo,7.5239808195570795e-06,,6.975621379166245e-06,,9.645815547856095e-06,,3.949963999337093e-06,,4.485916399787152e-06,,4.982857222827468e-06,
3248,bad_takamine_EG440SC_mic_to_AJ_JJasmine_JF37CD_mic,4.029598625231621e-06,,3.5466650060801206e-06,,7.881647496211392e-06,,1.7628212797601184e-06,,1.7609889905342426e-06,,2.0836539660839144e-06,
3249,bad_takamine_EG440SC_mic_to_AJ_JJasmine_JF37CD_piezo,6.1278115362022456e-06,,9.435390693696586e-06,,7.828876103005191e-06,,4.168360500814579e-06,,4.535953844083878e-06,,2.9968180930262637e-06,
3250,bad_takamine_EG440SC_piezo_to_AJ_JJasmine_JF37CD_mic,3.2717857560645013e-06,,4.360855074279098e-06,,4.168581972152356e-06,,2.2363866959698286e-06,,2.184562009335831e-06,,2.048071093485305e-06,
3251,bad_takamine_EG440SC_piezo_to_AJ_JJasmine_JF37CD_piezo,8.541879769893468e-06,,7.465956172221319e-06,,8.907644550383677e-06,,3.90988128696067e-06,,4.457531393279876e-06,,4.657115719764507e-06,
3252,bad_takamine_EG440SC_mic_to_AJ_JJasmine_JF37CD_mic,3.09525880679018e-06,,2.7079094782668753e-06,,5.134388953668365e-06,,1.522074088366419e-06,,1.420244056779648e-06,,1.5894240634841553e-06,
3253,bad_takamine_EG440SC_mic_to_AJ_JJasmine_JF37CD_piezo,4.4639774417159594e-06,,5.933951160744632e-06,,8.774467353848222e-06,,1.74845147225196e-06,,1.6735425303599099e-06,,1.7633431899711485e-06,
3254,bad_takamine_EG440SC_piezo_to_AJ_JJasmine_JF37CD_mic,2.6222616738812066e-06,,2.9518193116981467e-06,,2.9803263645753742e-06,,2.444801445722673e-06,,2.6975323655345527e-06,,2.1147087875850406e-06,
3255,bad_takamine_EG440SC_piezo_to_AJ_JJasmine_JF37CD_piezo,6.0407387278235625e-06,,4.924115117322056e-06,,8.367597231751668e-06,,2.855564221322543e-06,,2.785317770390503e-06,,3.2404057417404757e-06,
3256,bad_takamine_EG440SC_mic_to_AJ_JJasmine_JF37CD_mic,2.9447347480033803e-06,,2.6367972198014906e-06,,4.774620301768634e-06,,1.551863629367728e-06,,1.4514976821446589e-06,,1.6026229906051818e-06,
3257,bad_takamine_EG440SC_mic_to_AJ_JJasmine_JF37CD_piezo,5.631654810418135e-06,,6.772675329289394e-06,,7.90143261139801e-06,,1.7315381418068716e-06,,1.701959763433648e-06,,1.7923994994242724e-06,
3258,bad_takamine_EG440SC_piezo_to_AJ_JJasmine_JF37CD_mic,2.9254244222102415e-06,,2.9177722870678954e-06,,2.970814995082878e-06,,2.4484164824164963e-06,,2.2627792983586518e-06,,2.2490395048984463e-06,
3259,bad_takamine_EG440SC_piezo_to_AJ_JJasmine_JF37CD_piezo,7.238522563087054e-06,,5.289983748958936e-06,,9.94915398630416e-06,,2.8635446383760277e-06,,2.7826620194795e-06,,3.189265214881658e-06,
3260,bad_takamine_EG440SC_mic_to_AJ_JJasmine_JF37CD_mic,2.885245295471551e-06,,2.7685420046450246e-06,,5.5845072012739786e-06,,1.5623789086922258e-06,,1.5100673277741037e-06,,1.6707627400822606e-06,
3261,bad_takamine_EG440SC_mic_to_AJ_JJasmine_JF37CD_piezo,5.639781846983977e-06,,7.553501810456062e-06,,6.9684011363653515e-06,,1.7311008456881654e-06,,1.6662203561620484e-06,,1.8347243804222507e-06,
3262,bad_takamine_EG440SC_piezo_to_AJ_JJasmine_JF37CD_mic,2.292739169891134e-06,,4.518554694667196e-06,,3.5595480001874798e-06,,2.139041481211664e-06,,2.068000482478247e-06,,2.363007219975368e-06,
3263,bad_takamine_EG440SC_piezo_to_AJ_JJasmine_JF37CD_piezo,6.8574734964276385e-06,,5.667879319668524e-06,,1.0694012804802824e-05,,2.878784950418422e-06,,2.7726343122986374e-06,,3.153285152089609e-06,
3264,bad_takamine_EG440SC_mic_to_AJ_JJasmine_JF37CD_mic,6.002917603661267e-06,,2.8691696644315663e-06,,7.498334792771569e-06,,1.7460054401612244e-06,,1.6028271310769144e-06,,2.4578292337553853e-06,
3265,bad_takamine_EG440SC_mic_to_AJ_JJasmine_JF37CD_piezo,5.479508570036275e-06,,9.893656492385786e-06,,6.177384357697657e-06,,3.8071699883391407e-06,,4.850052586918611e-06,,3.8057632892848675e-06,
3266,bad_takamine_EG440SC_piezo_to_AJ_JJasmine_JF37CD_mic,4.102619408624403e-06,,5.1263069274090845e-06,,5.079536383183219e-06,,2.013546567443758e-06,,2.1510400977993284e-06,,3.269227477093023e-06,
3267,bad_takamine_EG440SC_piezo_to_AJ_JJasmine_JF37CD_piezo,6.0149127511261384e-06,,6.641228398194136e-06,,8.341959171818896e-06,,4.389901229742061e-06,,3.921763313526883e-06,,4.686577533066701e-06,
3268,bad_takamine_EG440SC_mic_to_AJ_JJasmine_JF37CD_mic,3.3459549437723725e-06,,3.361760713226603e-06,,3.4640072476322363e-06,,2.5731183589885695e-06,,1.9439274313267385e-06,,2.810851881123927e-06,
3269,bad_takamine_EG440SC_mic_to_AJ_JJasmine_JF37CD_piezo,7.504590039073275e-06,,4.984605204354965e-06,,7.121369099553123e-06,,3.360084876028923e-06,,2.5018032709208787e-06,,4.976783176519825e-06,
3270,bad_takamine_EG440SC_piezo_to_AJ_JJasmine_JF37CD_mic,6.788994971043225e-06,,5.81482810800091e-06,,8.599072610767635e-06,,2.59120523703594e-06,,2.4609765093308054e-06,,2.517580174975625e-06,
3271,bad_takamine_EG440SC_piezo_to_AJ_JJasmine_JF37CD_piezo,6.133627923808093e-06,,6.8321951481785005e-06,,7.129549253882105e-06,,4.6053292420481e-06,,4.87310191324034e-06,,4.301696649190276e-06,
3272,bad_takamine_EG440SC_mic_to_AJ_JJasmine_JF37CD_mic,3.5491003461868608e-06,,3.7333989379997187e-06,,4.467804467596078e-06,,2.585949852175845e-06,,1.7409257273615268e-06,,3.1429630508407753e-06,
3273,bad_takamine_EG440SC_mic_to_AJ_JJasmine_JF37CD_piezo,5.147941052410202e-06,,7.704134693027512e-06,,5.524032628827075e-06,,2.567555572650416e-06,,2.4160642064707924e-06,,4.152085072648473e-06,
3274,bad_takamine_EG440SC_piezo_to_AJ_JJasmine_JF37CD_mic,3.2956979474294587e-06,,3.7397498791790434e-06,,3.838261182086838e-06,,2.05774372478528e-06,,1.977085404534895e-06,,2.1187487572916765e-06,
3275,bad_takamine_EG440SC_piezo_to_AJ_JJasmine_JF37CD_piezo,5.802119763649729e-06,,6.321384956888267e-06,,6.0608918047036576e-06,,3.252515730704699e-06,,3.2348965655543135e-06,,3.203671755800618e-06,
3276,bad_takamine_EG440SC_mic_to_AJ_JJasmine_JF37CD_mic,5.7180113357890886e-06,,4.0560198401917934e-06,,6.882451358433213e-06,,2.182539067155532e-06,,1.632593046424465e-06,,1.8780530846485464e-06,
3277,bad_takamine_EG440SC_mic_to_AJ_JJasmine_JF37CD_piezo,5.509542827878735e-06,,7.328275399291953e-06,,5.079575688298641e-06,,1.7884066529866558e-06,,1.6463672375855347e-06,,1.902655554357382e-06,
3278,bad_takamine_EG440SC_piezo_to_AJ_JJasmine_JF37CD_mic,4.66701178677642e-06,,6.2774933260182436e-06,,8.292452810375292e-06,,2.633853141481921e-06,,2.262134199626772e-06,,2.678537395638068e-06,
3279,bad_takamine_EG440SC_piezo_to_AJ_JJasmine_JF37CD_piezo,7.814422729609391e-06,,5.022811565752515e-06,,9.002403368322111e-06,,3.462131993657404e-06,,3.4190122101720547e-06,,3.7053101746095056e-06,
3280,bad_takamine_EG440SC_mic_to_AJ_JJasmine_JF37CD_mic,4.334643311832042e-06,,3.8077436893250827e-06,,7.655528711307698e-06,,2.0717669741167525e-06,,1.6393913581252405e-06,,1.7668932959089806e-06,
3281,bad_takamine_EG440SC_mic_to_AJ_JJasmine_JF37CD_piezo,4.777136759010074e-06,,5.841371576837772e-06,,4.525563490192557e-06,,2.8472451511264968e-06,,1.8021835693744026e-06,,1.84509927248031e-06,
3282,bad_takamine_EG440SC_piezo_to_AJ_JJasmine_JF37CD_mic,3.4405133767704516e-06,,3.424165676579059e-06,,5.638075811447893e-06,,2.184736954399925e-06,,2.3641063734815307e-06,,2.5864682339919887e-06,
3283,bad_takamine_EG440SC_piezo_to_AJ_JJasmine_JF37CD_piezo,6.535763033893595e-06,,4.891709397330196e-06,,6.378602356502317e-06,,3.3317855516909877e-06,,2.927785154958738e-06,,3.2540246179135284e-06,
3284,bad_takamine_EG440SC_mic_to_AJ_JJasmine_JF37CD_mic,6.981101925157966e-06,,7.362578586269712e-06,,5.357989441458572e-06,,4.138570460834619e-06,,2.4898724443450436e-06,,1.817782948583012e-06,
3285,bad_takamine_EG440SC_mic_to_AJ_JJasmine_JF37CD_piezo,2.3186110903030353e-06,,2.9096423984935232e-06,,3.080251502902403e-06,,2.535142015869621e-06,,2.7988018145413813e-06,,2.254460659465673e-06,
3286,bad_takamine_EG440SC_piezo_to_AJ_JJasmine_JF37CD_mic,3.569002915053072e-06,,3.3463498723756592e-06,,3.396630826925839e-06,,2.551771829640348e-06,,2.317135579527283e-06,,1.9401488457915602e-06,
3287,bad_takamine_EG440SC_piezo_to_AJ_JJasmine_JF37CD_piezo,5.3769449577813935e-06,,6.802316756177641e-06,,4.972871669846969e-06,,3.7309523606319987e-06,,3.5236063446763255e-06,,2.579255945621675e-06,
3288,bad_takamine_EG440SC_mic_to_AJ_JJasmine_JF37CD_mic,3.2536117325725484e-06,,3.0958916185488458e-06,,3.125538938259006e-06,,1.8284325230521866e-06,,1.9389224273018774e-06,,1.721608721412891e-06,
3289,bad_takamine_EG440SC_mic_to_AJ_JJasmine_JF37CD_piezo,4.969489791491475e-06,,5.32910027297388e-06,,9.473475557268302e-06,,2.970909044844887e-06,,4.603901913651216e-06,,2.3814890438777965e-06,
3290,bad_takamine_EG440SC_piezo_to_AJ_JJasmine_JF37CD_mic,3.4360574524170814e-06,,3.3253472455258054e-06,,3.944240954423417e-06,,1.9092346200640243e-06,,2.106009468935373e-06,,3.0172620749589274e-06,
3291,bad_takamine_EG440SC_piezo_to_AJ_JJasmine_JF37CD_piezo,4.969454931700417e-06,,5.496023157639547e-06,,7.2606675317358724e-06,,3.0222362954860475e-06,,3.7280196338310097e-06,,3.5020647351646695e-06,
3292,bad_takamine_EG440SC_mic_to_AJ_JJasmine_JF37CD_mic,3.3778007811540302e-06,,3.192402229731091e-06,,3.6322998988485756e-06,,1.8269099189802037e-06,,2.071688222244254e-06,,1.9545030036418977e-06,
3293,bad_takamine_EG440SC_mic_to_AJ_JJasmine_JF37CD_piezo,5.445389787507122e-06,,8.6292397826359e-06,,7.69078560327141e-06,,3.272761837151162e-06,,4.965391488428587e-06,,3.0886435306195683e-06,
3294,bad_takamine_EG440SC_piezo_to_AJ_JJasmine_JF37CD_mic,5.9489984787803536e-06,,5.935082236992652e-06,,3.0170348956046038e-06,,2.741858322933233e-06,,2.189275519137091e-06,,1.7817490572845597e-06,
3295,bad_takamine_EG440SC_piezo_to_AJ_JJasmine_JF37CD_piezo,7.684983640148604e-06,,7.197961253385847e-06,,8.674651129649339e-06,,3.2925528981532033e-06,,3.6931866140050708e-06,,4.2584521990262876e-06,
3296,bad_takamine_EG440SC_mic_to_AJ_JJasmine_JF37CD_mic,3.0557129188080507e-06,,3.091920007761612e-06,,2.9514113098953596e-06,,2.068006583115304e-06,,2.2459964505615505e-06,,1.9496702204221436e-06,
3297,bad_takamine_EG440SC_mic_to_AJ_JJasmine_JF37CD_piezo,5.486290944071378e-06,,6.520393717987214e-06,,6.707143859834866e-06,,4.633291223211241e-06,,4.629500401252704e-06,,4.357730163872481e-06,
3298,bad_takamine_EG440SC_piezo_to_AJ_JJasmine_JF37CD_mic,3.337419887819072e-06,,4.262676884520381e-06,,3.5812741809043346e-06,,3.0770763603344124e-06,,2.501891403444629e-06,,1.9739592328891495e-06,
3299,bad_takamine_EG440SC_piezo_to_AJ_JJasmine_JF37CD_piezo,6.975039636244807e-06,,6.433996395250333e-06,,9.742459017251254e-06,,3.1922519332825977e-06,,3.7537621398788877e-06,,3.871555028676659e-06,
3300,bad_takamine_EG440SC_mic_to_AJ_JJasmine_JF37CD_mic,2.967144986135236e-06,,2.9730779696439077e-06,,3.4202998571938214e-06,,1.4600167425869133e-06,,1.467614242726232e-06,,1.4407546921245208e-06,
3301,bad_takamine_EG440SC_mic_to_AJ_JJasmine_JF37CD_piezo,3.301137693860824e-06,,4.962769349388321e-06,,7.675055854905259e-06,,2.0901342682336247e-06,,1.867242962657268e-06,,1.8675049655450418e-06,
3302,bad_takamine_EG440SC_piezo_to_AJ_JJasmine_JF37CD_mic,6.0840801966910125e-06,,5.483781967838032e-06,,6.118187294996917e-06,,2.241723641772988e-06,,2.210905544817384e-06,,2.552208972089081e-06,
3303,bad_takamine_EG440SC_piezo_to_AJ_JJasmine_JF37CD_piezo,7.146941057417353e-06,,5.2979140057242085e-06,,9.923895934512367e-06,,2.9753805023906166e-06,,2.925864578212501e-06,,3.3506106521771902e-06,
3304,bad_takamine_EG440SC_mic_to_AJ_JJasmine_JF37CD_mic,4.594717845253081e-06,,5.860018550895728e-06,,3.662014322729921e-06,,2.051460768903004e-06,,1.9645578901673713e-06,,1.5150095709872992e-06,
3305,bad_takamine_EG440SC_mic_to_AJ_JJasmine_JF37CD_piezo,2.8785600599460718e-06,,2.873139306561959e-06,,8.39509841876261e-06,,2.4610870924690947e-06,,2.6477206220915796e-06,,1.9001765176345705e-06,
3306,bad_takamine_EG440SC_piezo_to_AJ_JJasmine_JF37CD_mic,3.6022381806611694e-06,,4.086781232325898e-06,,2.8634266362356967e-06,,2.4919776983828363e-06,,2.3840385699859104e-06,,2.9892161413749803e-06,
3307,bad_takamine_EG440SC_piezo_to_AJ_JJasmine_JF37CD_piezo,7.57962884820807e-06,,5.620955261917156e-06,,9.883333132477802e-06,,2.8801136664929295e-06,,2.9147002800363436e-06,,3.2525106370812903e-06,
3308,bad_takamine_EG440SC_mic_to_AJ_JJasmine_JF37CD_mic,4.227889932159684e-06,,5.007491387676718e-06,,3.87627781713608e-06,,2.120983052731209e-06,,2.122292355918564e-06,,1.605067143976593e-06,
3309,bad_takamine_EG440SC_mic_to_AJ_JJasmine_JF37CD_piezo,5.3944119955154365e-06,,2.845104834188493e-06,,5.342355024847773e-06,,2.6374101562961294e-06,,2.5341682280674676e-06,,2.031659015723552e-06,
3310,bad_takamine_EG440SC_piezo_to_AJ_JJasmine_JF37CD_mic,5.1502862849151965e-06,,6.692082096114685e-06,,4.705851529833705e-06,,3.827905431454463e-06,,2.2778685993744618e-06,,2.3492768466490015e-06,
3311,bad_takamine_EG440SC_piezo_to_AJ_JJasmine_JF37CD_piezo,6.375047203774612e-06,,5.1450375769451226e-06,,8.365409264563537e-06,,2.8398668443011064e-06,,2.8082325790058053e-06,,3.193668508102151e-06,
3312,bad_takamine_EG440SC_mic_to_Classical_Unknown_mic,2.7189778582753455e-06,,2.760784489423005e-06,,2.681288840932554e-06,,3.408401161357385e-06,,3.8044852182110837e-06,,2.122624991218162e-06,
3313,bad_takamine_EG440SC_mic_to_Classical_Unknown_piezo,3.080667778503162e-06,,2.55265729807929e-06,,2.459620064217919e-06,,2.40535339337012e-06,,4.08883405300369e-06,,2.6658044694090936e-06,
3314,bad_takamine_EG440SC_piezo_to_Classical_Unknown_mic,2.9598647536374797e-06,,3.2728734715565486e-06,,6.5801061755566395e-06,,3.347818741477548e-06,,2.8774640257176654e-06,,3.6400261625116275e-06,
3315,bad_takamine_EG440SC_piezo_to_Classical_Unknown_piezo,1.797279346301766e-06,,2.362804214097563e-06,,3.3807749857661986e-06,,2.51864470232644e-06,,4.716481799581554e-06,,4.747252310110802e-06,
3316,bad_takamine_EG440SC_mic_to_Classical_Unknown_mic,2.6192072422774364e-06,,3.492389913424583e-06,,2.56668542742729e-06,,3.093779831431293e-06,,3.378207508495642e-06,,2.0691780461088804e-06,
3317,bad_takamine_EG440SC_mic_to_Classical_Unknown_piezo,2.7804832519938337e-06,,2.6074005363680105e-06,,2.569442101689909e-06,,4.344080141354988e-06,,3.5412911825408003e-06,,2.7337466597733565e-06,
3318,bad_takamine_EG440SC_piezo_to_Classical_Unknown_mic,3.967898268839378e-06,,5.240675115912732e-06,,7.442807105098894e-06,,2.8008160208413447e-06,,2.8591776333976377e-06,,4.084320830452985e-06,
3319,bad_takamine_EG440SC_piezo_to_Classical_Unknown_piezo,2.340326646401355e-06,,3.0749234764636527e-06,,3.662887777175978e-06,,2.02566513358046e-06,,5.03969283425922e-06,,3.4623564685322773e-06,
3320,bad_takamine_EG440SC_mic_to_Classical_Unknown_mic,2.815305881813698e-06,,2.7260402818832247e-06,,2.5882868997466116e-06,,3.418211033066799e-06,,2.6744179245178696e-06,,2.049834273331375e-06,
3321,bad_takamine_EG440SC_mic_to_Classical_Unknown_piezo,2.575979909292971e-06,,2.8511367646907563e-06,,2.4111255582667267e-06,,3.735183201956161e-06,,2.817489246389947e-06,,2.9541703970105783e-06,
3322,bad_takamine_EG440SC_piezo_to_Classical_Unknown_mic,4.706207916242485e-06,,6.539366450569654e-06,,5.480701465812614e-06,,4.1347845626051715e-06,,3.1506846005308163e-06,,3.99066458314833e-06,
3323,bad_takamine_EG440SC_piezo_to_Classical_Unknown_piezo,2.5766003374166626e-06,,3.2212454683444353e-06,,3.904425422147491e-06,,3.251606561080358e-06,,4.819078273004402e-06,,3.886648662136461e-06,
3324,bad_takamine_EG440SC_mic_to_Classical_Unknown_mic,2.67424904984885e-06,,2.313112975564465e-06,,2.600281712369506e-06,,2.5261612401420335e-06,,2.6755189212048494e-06,,2.18583185014066e-06,
3325,bad_takamine_EG440SC_mic_to_Classical_Unknown_piezo,2.8148152511987403e-06,,2.957861027314608e-06,,2.3712522968797126e-06,,5.275470233623798e-06,,3.0480601758023415e-06,,3.419143779910664e-06,
3326,bad_takamine_EG440SC_piezo_to_Classical_Unknown_mic,2.651164892899173e-06,,3.45209089867997e-06,,7.352834984299329e-06,,3.306205311864119e-06,,4.164186529497346e-06,,4.975156756498227e-06,
3327,bad_takamine_EG440SC_piezo_to_Classical_Unknown_piezo,4.332360639837081e-06,,4.953294879456334e-06,,4.323330598635306e-06,,3.649786531017509e-06,,2.5183096770631255e-06,,2.3927756877501055e-06,
3328,bad_takamine_EG440SC_mic_to_Classical_Unknown_mic,4.078840894593133e-06,,3.8109056198900643e-06,,2.7827555555204713e-06,,4.664450480780732e-06,,3.34091129770879e-06,,2.17637516470077e-06,
3329,bad_takamine_EG440SC_mic_to_Classical_Unknown_piezo,2.352627688793479e-06,,2.844427089679656e-06,,2.54184514016102e-06,,3.8005954345378213e-06,,2.8745941267643312e-06,,3.148421055111274e-06,
3330,bad_takamine_EG440SC_piezo_to_Classical_Unknown_mic,5.256661872068722e-06,,6.084386423397922e-06,,5.275179060957072e-06,,3.816230483351111e-06,,3.207736323123993e-06,,4.7500004759685275e-06,
3331,bad_takamine_EG440SC_piezo_to_Classical_Unknown_piezo,5.354056898636671e-06,,4.1872890313692575e-06,,4.258985685608444e-06,,4.187444476537272e-06,,2.1985097702918192e-06,,3.4457432924199215e-06,
3332,bad_takamine_EG440SC_mic_to_Classical_Unknown_mic,2.410418530159401e-06,,2.592643524479712e-06,,2.7135697105729384e-06,,2.66429226379815e-06,,2.761462600975324e-06,,2.0951581739431755e-06,
3333,bad_takamine_EG440SC_mic_to_Classical_Unknown_piezo,2.6545989075675433e-06,,3.57971556572475e-06,,2.7881156494477306e-06,,3.125198715486133e-06,,2.5683366490205646e-06,,3.1523718106951033e-06,
3334,bad_takamine_EG440SC_piezo_to_Classical_Unknown_mic,5.2049866794064706e-06,,4.530256949776758e-06,,3.857707803440242e-06,,2.801378782293853e-06,,3.931494550949845e-06,,4.660990485510943e-06,
3335,bad_takamine_EG440SC_piezo_to_Classical_Unknown_piezo,2.7056382106824243e-06,,2.302299634584679e-06,,3.4851662847995942e-06,,3.4956430984533938e-06,,2.6463943592643113e-06,,3.2565318700569264e-06,
3336,bad_takamine_EG440SC_mic_to_Classical_Unknown_mic,2.9968077204226676e-06,,2.399921627167636e-06,,3.353918121274772e-06,,2.59666055655467e-06,,2.485115699285583e-06,,2.199175526725942e-06,
3337,bad_takamine_EG440SC_mic_to_Classical_Unknown_piezo,2.8290728260985917e-06,,2.1393714757597998e-06,,2.887002721140786e-06,,3.2957432805416428e-06,,3.6054369085479192e-06,,3.4771347749523584e-06,
3338,bad_takamine_EG440SC_piezo_to_Classical_Unknown_mic,2.138877542662594e-06,,2.905447325584594e-06,,5.882936999203305e-06,,4.360635094276132e-06,,3.601488620231795e-06,,3.2317341125234244e-06,
3339,bad_takamine_EG440SC_piezo_to_Classical_Unknown_piezo,3.1779718640160897e-06,,2.8666357962399547e-06,,5.038369222017423e-06,,2.238382451617587e-06,,2.6083057686657906e-06,,2.162429106602625e-06,
3340,bad_takamine_EG440SC_mic_to_Classical_Unknown_mic,2.8305393601208e-06,,2.5336088637080774e-06,,3.2784364594449727e-06,,2.628289036363818e-06,,2.5500475393262046e-06,,2.1871682025439265e-06,
3341,bad_takamine_EG440SC_mic_to_Classical_Unknown_piezo,2.217289985370715e-06,,2.6654681679362196e-06,,2.201417314952756e-06,,3.87834779141276e-06,,2.0886653477619906e-06,,4.92004874454239e-06,
3342,bad_takamine_EG440SC_piezo_to_Classical_Unknown_mic,2.400419234853308e-06,,2.639865006367282e-06,,4.207001608812675e-06,,3.2276752119694885e-06,,4.533424683235533e-06,,2.9431361421984834e-06,
3343,bad_takamine_EG440SC_piezo_to_Classical_Unknown_piezo,2.8055912527648546e-06,,2.4086308361943498e-06,,5.024480902467402e-06,,2.3393063397354855e-06,,3.008499936769993e-06,,2.8909569345014564e-06,
3344,bad_takamine_EG440SC_mic_to_Classical_Unknown_mic,2.656438968743647e-06,,2.4990782202503576e-06,,3.222207629986185e-06,,2.748174682886461e-06,,2.7029601500682546e-06,,2.2725619928921076e-06,
3345,bad_takamine_EG440SC_mic_to_Classical_Unknown_piezo,2.463396855486762e-06,,2.4719694019549357e-06,,2.5319817038119356e-06,,4.1385604626102275e-06,,2.7322531444881387e-06,,5.009037193533725e-06,
3346,bad_takamine_EG440SC_piezo_to_Classical_Unknown_mic,2.2252936168416037e-06,,2.7512591058387054e-06,,3.872339910833768e-06,,3.8003291007751126e-06,,4.658236942831389e-06,,3.7458295875069107e-06,
3347,bad_takamine_EG440SC_piezo_to_Classical_Unknown_piezo,2.3982535560881753e-06,,2.447871691969296e-06,,5.000982828464007e-06,,2.768288907516404e-06,,2.3550318266245487e-06,,2.2211600935809396e-06,
3348,bad_takamine_EG440SC_mic_to_Classical_Unknown_mic,2.440423541320906e-06,,2.2363626836883334e-06,,4.0411890622923245e-06,,3.0000727539306656e-06,,2.813114909223613e-06,,2.433799022123165e-06,
3349,bad_takamine_EG440SC_mic_to_Classical_Unknown_piezo,2.441384746499481e-06,,2.4064454512372266e-06,,2.6316106091533665e-06,,3.7727439660476824e-06,,3.882908688993066e-06,,4.200130415920225e-06,
3350,bad_takamine_EG440SC_piezo_to_Classical_Unknown_mic,3.973405855447414e-06,,6.665440270382317e-06,,4.642821032492304e-06,,3.231811114641001e-06,,2.7810668113292984e-06,,3.7789915217259074e-06,
3351,bad_takamine_EG440SC_piezo_to_Classical_Unknown_piezo,5.640546152651483e-06,,6.213650939470246e-06,,8.310897512614398e-06,,2.892418794992075e-06,,3.5618783142187823e-06,,2.5515653326459934e-06,
3352,bad_takamine_EG440SC_mic_to_Classical_Unknown_mic,2.656027925918419e-06,,2.482357403706342e-06,,4.638871934118714e-06,,3.1231502781044585e-06,,2.6967192815161094e-06,,2.532657522227332e-06,
3353,bad_takamine_EG440SC_mic_to_Classical_Unknown_piezo,2.1369203609318802e-06,,2.2292460396677915e-06,,2.2830175554249245e-06,,5.174347724261551e-06,,4.1414762428715114e-06,,4.957473351817489e-06,
3354,bad_takamine_EG440SC_piezo_to_Classical_Unknown_mic,2.4883192110323205e-06,,2.5205293103106397e-06,,3.001868641441725e-06,,4.162287308020821e-06,,4.11882339319156e-06,,4.178317381952138e-06,
3355,bad_takamine_EG440SC_piezo_to_Classical_Unknown_piezo,5.880406350353412e-06,,6.300452262006388e-06,,8.460040025178474e-06,,2.517727125984833e-06,,2.612847047475855e-06,,3.052704970537226e-06,
3356,bad_takamine_EG440SC_mic_to_Classical_Unknown_mic,2.3297443714869754e-06,,2.166787455999779e-06,,3.885832392284523e-06,,2.850407817346391e-06,,2.7677647352256573e-06,,2.2731143269886018e-06,
3357,bad_takamine_EG440SC_mic_to_Classical_Unknown_piezo,2.715074200236535e-06,,2.3792494189119605e-06,,2.5880228433586155e-06,,5.079220085938446e-06,,4.083814243021557e-06,,3.7541365876026004e-06,
3358,bad_takamine_EG440SC_piezo_to_Classical_Unknown_mic,2.2535521915391257e-06,,3.996220804335595e-06,,4.230742877525115e-06,,4.343685837975824e-06,,3.795128442733526e-06,,3.1992612727788618e-06,
3359,bad_takamine_EG440SC_piezo_to_Classical_Unknown_piezo,5.9400652825268004e-06,,7.284616738545162e-06,,8.11336748469601e-06,,2.679273575307159e-06,,2.4867951949390993e-06,,2.783221211555439e-06,
3360,bad_takamine_EG440SC_mic_to_Classical_Unknown_mic,6.387231631385222e-06,,4.918113571904357e-06,,4.0046537000823106e-06,,3.7345895712095494e-06,,3.3050774450807842e-06,,2.1400006373642952e-06,
3361,bad_takamine_EG440SC_mic_to_Classical_Unknown_piezo,2.53156903654672e-06,,2.3878163427568155e-06,,2.4865367382311306e-06,,2.814873629755577e-06,,3.7542605081498216e-06,,2.946562248977932e-06,
3362,bad_takamine_EG440SC_piezo_to_Classical_Unknown_mic,2.5834215560742598e-06,,4.6062224469206125e-06,,5.731300145343973e-06,,4.2907372837320974e-06,,4.646735857656556e-06,,3.931046717287167e-06,
3363,bad_takamine_EG440SC_piezo_to_Classical_Unknown_piezo,4.6401376193998995e-06,,2.822511141089501e-06,,8.286446338864214e-06,,4.036566616202059e-06,,2.659379428163072e-06,,3.027656379993095e-06,
3364,bad_takamine_EG440SC_mic_to_Classical_Unknown_mic,2.6181267810988877e-06,,3.3927637300369635e-06,,3.4373638097627458e-06,,3.133865342480031e-06,,2.627975214697869e-06,,2.2291233263352346e-06,
3365,bad_takamine_EG440SC_mic_to_Classical_Unknown_piezo,2.495796711122503e-06,,3.2912052086120514e-06,,2.6641509362427564e-06,,3.6788763758884423e-06,,3.283899512567264e-06,,3.3515556823415116e-06,
3366,bad_takamine_EG440SC_piezo_to_Classical_Unknown_mic,4.7110892473357115e-06,,7.3805522377002205e-06,,4.438466606971894e-06,,3.289089971029763e-06,,4.024115246804383e-06,,3.2504150130637756e-06,
3367,bad_takamine_EG440SC_piezo_to_Classical_Unknown_piezo,1.9454344969533142e-06,,2.022181873033038e-06,,5.003309765860785e-06,,2.4675132155200315e-06,,3.1179472829717023e-06,,2.8621097321336506e-06,
3368,bad_takamine_EG440SC_mic_to_Classical_Unknown_mic,2.967020609015623e-06,,3.0977310894470547e-06,,3.3927892973320958e-06,,3.3004975836599287e-06,,2.9301758436134234e-06,,2.044210782237156e-06,
3369,bad_takamine_EG440SC_mic_to_Classical_Unknown_piezo,2.2890409786855777e-06,,2.1371567565152077e-06,,1.9950790778042146e-06,,2.651107064027688e-06,,3.032014000458453e-06,,2.1422450631465317e-06,
3370,bad_takamine_EG440SC_piezo_to_Classical_Unknown_mic,6.251851257462065e-06,,6.944935108992852e-06,,6.147382401172233e-06,,3.7779866252052058e-06,,4.838598448220838e-06,,4.45386294093787e-06,
3371,bad_takamine_EG440SC_piezo_to_Classical_Unknown_piezo,2.6198032560294986e-06,,1.5582941411293892e-06,,6.435103706352564e-06,,3.129169672577789e-06,,3.248043693241899e-06,,3.7795545846437774e-06,
3372,bad_takamine_EG440SC_mic_to_Classical_Unknown_mic,3.2364022407354975e-06,,4.593345146980823e-06,,2.9892440442420373e-06,,3.6637118567808682e-06,,3.867632850108267e-06,,2.256163049043365e-06,
3373,bad_takamine_EG440SC_mic_to_Classical_Unknown_piezo,2.844273367438251e-06,,3.2877593655658718e-06,,2.659821295019285e-06,,3.719431084604766e-06,,3.575812592389544e-06,,2.9020316043717443e-06,
3374,bad_takamine_EG440SC_piezo_to_Classical_Unknown_mic,4.406806779540563e-06,,5.514913997163076e-06,,7.7556096944026e-06,,4.165655212810538e-06,,3.4226170695554813e-06,,2.86832215347129e-06,
3375,bad_takamine_EG440SC_piezo_to_Classical_Unknown_piezo,3.087171998437792e-06,,2.824697802212341e-06,,4.764709949211357e-06,,2.551409273824063e-06,,2.8622794596318356e-06,,2.283542526726295e-06,
3376,bad_takamine_EG440SC_mic_to_Classical_Unknown_mic,3.6788848075280802e-06,,2.51003385390265e-06,,3.0503830305714606e-06,,3.2382095006552028e-06,,2.8870468183936855e-06,,2.2120217929989576e-06,
3377,bad_takamine_EG440SC_mic_to_Classical_Unknown_piezo,3.082482643321731e-06,,3.3032257287600737e-06,,2.555031566539325e-06,,3.9450152201105785e-06,,3.710567268752877e-06,,3.0304620498328497e-06,
3378,bad_takamine_EG440SC_piezo_to_Classical_Unknown_mic,4.771464167571175e-06,,4.95369789313923e-06,,7.051701553790118e-06,,3.2604882048373204e-06,,3.2196488482423173e-06,,3.992545048270049e-06,
3379,bad_takamine_EG440SC_piezo_to_Classical_Unknown_piezo,3.5592798168943368e-06,,2.6550856569098547e-06,,3.885742400511429e-06,,2.3730011730293293e-06,,2.835918663004927e-06,,2.5389147339714383e-06,
3380,bad_takamine_EG440SC_mic_to_Classical_Unknown_mic,6.003748370740678e-06,,3.0479171071633973e-06,,3.6470600995252045e-06,,4.688978417148199e-06,,4.14581560840308e-06,,2.209569948690005e-06,
3381,bad_takamine_EG440SC_mic_to_Classical_Unknown_piezo,2.6169787849681576e-06,,4.319060465510466e-06,,2.0134069358762652e-06,,3.630166665741013e-06,,2.6867349762997496e-06,,2.5481401318550495e-06,
3382,bad_takamine_EG440SC_piezo_to_Classical_Unknown_mic,6.129394201345124e-06,,4.593958939867763e-06,,6.136292477889613e-06,,4.149292739376913e-06,,3.807689739099096e-06,,4.187425477948103e-06,
3383,bad_takamine_EG440SC_piezo_to_Classical_Unknown_piezo,2.1923670501276335e-06,,2.5763669098974345e-06,,2.1940371890657706e-06,,3.3818775003681212e-06,,2.5770458677161385e-06,,3.475229376336501e-06,
3384,bad_takamine_EG440SC_mic_to_Classical_Unknown_mic,2.9410271798800002e-06,,2.391152769010581e-06,,3.440567250813037e-06,,2.5823609554503335e-06,,2.494202180712581e-06,,2.4336177353540144e-06,
3385,bad_takamine_EG440SC_mic_to_Classical_Unknown_piezo,1.978262437223122e-06,,2.35188496608036e-06,,2.0703202267533822e-06,,3.3477748501132707e-06,,3.128089020976085e-06,,3.61034710880771e-06,
3386,bad_takamine_EG440SC_piezo_to_Classical_Unknown_mic,1.989163929345659e-06,,2.6963834647827934e-06,,5.56560752278499e-06,,4.382662540568261e-06,,3.8264942370268135e-06,,3.0358515991451403e-06,
3387,bad_takamine_EG440SC_piezo_to_Classical_Unknown_piezo,3.241621048182571e-06,,2.9766862883865867e-06,,5.332308754594768e-06,,2.4453504465919714e-06,,2.5273628434177907e-06,,1.9310452830268084e-06,
3388,bad_takamine_EG440SC_mic_to_Classical_Unknown_mic,2.8637944834088416e-06,,2.5684867593242395e-06,,5.368858847383873e-06,,2.599774571328336e-06,,2.5459194248379775e-06,,2.2168319549700054e-06,
3389,bad_takamine_EG440SC_mic_to_Classical_Unknown_piezo,2.0689648428579226e-06,,2.5020883101764237e-06,,2.182805517413393e-06,,3.825501712409551e-06,,2.7288395598819507e-06,,4.626613228454122e-06,
3390,bad_takamine_EG440SC_piezo_to_Classical_Unknown_mic,2.266787740672438e-06,,2.695483759904911e-06,,4.559921155572014e-06,,2.769388733325527e-06,,4.6940814940185946e-06,,2.868836822443136e-06,
3391,bad_takamine_EG440SC_piezo_to_Classical_Unknown_piezo,2.89601792799313e-06,,2.3359613320065595e-06,,4.466537306854561e-06,,2.236034367879408e-06,,2.9562120896798366e-06,,2.6258545433777205e-06,
3392,bad_takamine_EG440SC_mic_to_Classical_Unknown_mic,3.36372583900397e-06,,2.98086285406821e-06,,3.5040410989616704e-06,,2.767673991207279e-06,,2.6815282962991723e-06,,2.24670206985302e-06,
3393,bad_takamine_EG440SC_mic_to_Classical_Unknown_piezo,2.121468370350105e-06,,2.5322324837784574e-06,,2.544013890432084e-06,,4.607556460055877e-06,,2.719416703740228e-06,,4.894812739210428e-06,
3394,bad_takamine_EG440SC_piezo_to_Classical_Unknown_mic,3.477028248463433e-06,,3.0606805148954595e-06,,3.99892735676198e-06,,3.160394204215712e-06,,3.5758487448833617e-06,,2.4404295482691007e-06,
3395,bad_takamine_EG440SC_piezo_to_Classical_Unknown_piezo,2.5767903624025368e-06,,2.6428926703415995e-06,,4.89902751115899e-06,,2.5278381747905993e-06,,2.3852786488719818e-06,,2.2180676128816095e-06,
3396,bad_takamine_EG440SC_mic_to_Classical_Unknown_mic,2.4223465366912995e-06,,2.1426813369509155e-06,,3.7672680066232215e-06,,3.0281546339378956e-06,,2.7429576831313834e-06,,2.3380744820612266e-06,
3397,bad_takamine_EG440SC_mic_to_Classical_Unknown_piezo,2.338877620777124e-06,,2.4688879254875783e-06,,3.119825560256136e-06,,3.4222970083053935e-06,,3.805735269014472e-06,,4.203386099079313e-06,
3398,bad_takamine_EG440SC_piezo_to_Classical_Unknown_mic,3.0930056825415555e-06,,5.878652020179033e-06,,3.887192630367294e-06,,3.603377566576619e-06,,2.665634742604785e-06,,3.8097398785479996e-06,
3399,bad_takamine_EG440SC_piezo_to_Classical_Unknown_piezo,5.874921522079323e-06,,6.4985906765969376e-06,,6.6807504050054795e-06,,2.737043739036496e-06,,3.3468199143071904e-06,,2.5757727175396133e-06,
3400,bad_takamine_EG440SC_mic_to_Classical_Unknown_mic,2.5812107399053233e-06,,2.2612553379239862e-06,,4.228918148162226e-06,,3.009826375817588e-06,,2.7391148357995113e-06,,2.2994659980740267e-06,
3401,bad_takamine_EG440SC_mic_to_Classical_Unknown_piezo,2.101235096873252e-06,,2.29137669710157e-06,,2.4005545374962614e-06,,5.108560484310434e-06,,4.111186071833518e-06,,4.861349926651783e-06,
3402,bad_takamine_EG440SC_piezo_to_Classical_Unknown_mic,2.673828654898823e-06,,2.6174448533156346e-06,,3.0735594045974977e-06,,4.315853215843301e-06,,4.275597498076647e-06,,4.1858823863818495e-06,
3403,bad_takamine_EG440SC_piezo_to_Classical_Unknown_piezo,6.09945029637201e-06,,6.685121747990164e-06,,7.203791328464107e-06,,2.358580490844047e-06,,2.267497887086208e-06,,3.3015305051490508e-06,
3404,bad_takamine_EG440SC_mic_to_Classical_Unknown_mic,2.318278593103829e-06,,2.0828124973714884e-06,,3.750177734070665e-06,,2.8039801350965544e-06,,2.65077412556281e-06,,2.242865424636084e-06,
3405,bad_takamine_EG440SC_mic_to_Classical_Unknown_piezo,2.7220437165035223e-06,,2.51285770581471e-06,,2.5822942671975805e-06,,4.956369745934245e-06,,4.3168545191683605e-06,,4.0957667936001685e-06,
3406,bad_takamine_EG440SC_piezo_to_Classical_Unknown_mic,2.5168590299527968e-06,,2.8507186420050773e-06,,7.56016184387864e-06,,4.011604514739957e-06,,3.7548276321468877e-06,,3.8607845934222754e-06,
3407,bad_takamine_EG440SC_piezo_to_Classical_Unknown_piezo,6.784902120248511e-06,,7.302139106555488e-06,,5.377442219734562e-06,,2.7552106266697923e-06,,2.8172494614610693e-06,,4.09218104457568e-06,
3408,bad_takamine_EG440SC_mic_to_Classical_Unknown_mic,3.16956272505341e-06,,2.931457291209451e-06,,3.0941533270398107e-06,,2.4788742829058405e-06,,2.7236335767887146e-06,,2.2255776168275457e-06,
3409,bad_takamine_EG440SC_mic_to_Classical_Unknown_piezo,2.542526061369846e-06,,3.223402715909373e-06,,2.460118687390511e-06,,3.885373515321076e-06,,3.266068136088865e-06,,2.931462841565578e-06,
3410,bad_takamine_EG440SC_piezo_to_Classical_Unknown_mic,2.2745922819397645e-06,,3.198741500904013e-06,,7.993136437599979e-06,,2.6515968721047795e-06,,3.829622254208628e-06,,3.627709144123288e-06,
3411,bad_takamine_EG440SC_piezo_to_Classical_Unknown_piezo,2.79610054384387e-06,,3.1922452746642172e-06,,8.64683674545687e-06,,1.9828035155112814e-06,,2.553438574345543e-06,,2.3736943566679288e-06,
3412,bad_takamine_EG440SC_mic_to_Classical_Unknown_mic,4.129634870447303e-06,,5.111901525036107e-06,,3.981974667811505e-06,,3.932726471284484e-06,,2.9089176059490615e-06,,2.2637019073054632e-06,
3413,bad_takamine_EG440SC_mic_to_Classical_Unknown_piezo,3.0228705970770066e-06,,2.872737348214983e-06,,2.4045520803037825e-06,,2.60668197877042e-06,,2.7715129880598553e-06,,2.9712774279799182e-06,
3414,bad_takamine_EG440SC_piezo_to_Classical_Unknown_mic,5.183205881063139e-06,,6.733087052018213e-06,,3.907077744238805e-06,,3.779593881748102e-06,,4.459596661950918e-06,,3.131199074625211e-06,
3415,bad_takamine_EG440SC_piezo_to_Classical_Unknown_piezo,2.216206192429057e-06,,2.939370735629629e-06,,6.937168690150113e-06,,2.02605659942551e-06,,2.2468321528624913e-06,,2.6512881013121162e-06,
3416,bad_takamine_EG440SC_mic_to_Classical_Unknown_mic,4.0148996044390436e-06,,3.868303099571492e-06,,2.9804769129081813e-06,,3.5469567683072468e-06,,2.840589692708967e-06,,2.166906696126743e-06,
3417,bad_takamine_EG440SC_mic_to_Classical_Unknown_piezo,3.2779116145026602e-06,,3.7032724089401477e-06,,2.5530770649119817e-06,,2.7912722584131723e-06,,3.1164661757723093e-06,,3.0279253751544184e-06,
3418,bad_takamine_EG440SC_piezo_to_Classical_Unknown_mic,5.7254456866603666e-06,,7.06880312690435e-06,,5.871651369343098e-06,,3.3572215052816658e-06,,3.7692222196527283e-06,,4.84908543223322e-06,
3419,bad_takamine_EG440SC_piezo_to_Classical_Unknown_piezo,1.6447398579486813e-06,,1.8702460640044576e-06,,5.275456315769111e-06,,2.9334958838337243e-06,,2.8215240865727484e-06,,3.722175304364858e-06,
3420,bad_takamine_EG440SC_mic_to_Classical_Unknown_mic,4.097273505830488e-06,,2.6842320511450264e-06,,4.372496394078207e-06,,2.9884621468597177e-06,,2.519960841031487e-06,,2.2666571960488454e-06,
3421,bad_takamine_EG440SC_mic_to_Classical_Unknown_piezo,2.077542505837722e-06,,3.2699732080538444e-06,,2.3671165843156504e-06,,5.068389065275759e-06,,4.311488432635807e-06,,3.3184424720694476e-06,
3422,bad_takamine_EG440SC_piezo_to_Classical_Unknown_mic,6.089563382831083e-06,,5.7923360032228805e-06,,6.9196695712869416e-06,,2.7367014368140615e-06,,4.157778821061765e-06,,4.866098440092702e-06,
3423,bad_takamine_EG440SC_piezo_to_Classical_Unknown_piezo,3.5398039947144078e-06,,4.257052343989749e-06,,4.49273587939244e-06,,2.881817134404809e-06,,2.0569797673198912e-06,,2.8462497784666003e-06,
3424,bad_takamine_EG440SC_mic_to_Classical_Unknown_mic,3.4270903013163376e-06,,3.25652103656337e-06,,4.26508377519226e-06,,2.7351743530169615e-06,,2.926600196660108e-06,,2.2505479151381034e-06,
3425,bad_takamine_EG440SC_mic_to_Classical_Unknown_piezo,3.483419166055293e-06,,3.500760323756157e-06,,2.4695789081690256e-06,,3.280625021103112e-06,,3.440891174804827e-06,,3.6323757860030398e-06,
3426,bad_takamine_EG440SC_piezo_to_Classical_Unknown_mic,5.1754849842815084e-06,,3.6138397558008916e-06,,5.883117647626068e-06,,3.85616327184833e-06,,3.030398002563963e-06,,3.7541389798137245e-06,
3427,bad_takamine_EG440SC_piezo_to_Classical_Unknown_piezo,3.224333930667719e-06,,2.7392656583128617e-06,,3.7508710252463627e-06,,2.877057979173289e-06,,3.000149123536097e-06,,2.2667196802649516e-06,
3428,bad_takamine_EG440SC_mic_to_Classical_Unknown_mic,6.292304689311807e-06,,2.736733684974554e-06,,3.871670163342669e-06,,3.869438329976024e-06,,3.1009831182221767e-06,,2.1868998284444555e-06,
3429,bad_takamine_EG440SC_mic_to_Classical_Unknown_piezo,3.465811718025382e-06,,4.016442414021936e-06,,2.475146866506662e-06,,3.6444973714628585e-06,,2.706904314071701e-06,,3.4299125412198915e-06,
3430,bad_takamine_EG440SC_piezo_to_Classical_Unknown_mic,4.2596300790133655e-06,,3.5766816336006266e-06,,5.5890220488539055e-06,,3.1424893141517624e-06,,3.0030105483944103e-06,,5.004980455260626e-06,
3431,bad_takamine_EG440SC_piezo_to_Classical_Unknown_piezo,2.8656045794270083e-06,,2.3972055319154588e-06,,2.678348848339147e-06,,2.321381421072938e-06,,2.4947920354098003e-06,,2.7324745207404106e-06,
3432,bad_takamine_EG440SC_mic_to_Classical_Unknown_mic,3.3303607244371776e-06,,3.2216190314183664e-06,,3.7103312716608224e-06,,2.5136719718122697e-06,,2.4254368796551602e-06,,2.2656895561123365e-06,
3433,bad_takamine_EG440SC_mic_to_Classical_Unknown_piezo,2.6439023325740992e-06,,2.898542860516657e-06,,2.1087504809941244e-06,,3.0332666936706638e-06,,3.0010511524540094e-06,,3.252731936686586e-06,
3434,bad_takamine_EG440SC_piezo_to_Classical_Unknown_mic,2.8648412796793784e-06,,4.348331859011056e-06,,6.815399532299125e-06,,3.986731479473263e-06,,4.51951750089716e-06,,3.496381385691685e-06,
3435,bad_takamine_EG440SC_piezo_to_Classical_Unknown_piezo,3.2811842014621753e-06,,4.677014228337526e-06,,6.302934612512058e-06,,2.444454710189931e-06,,2.8131258670682223e-06,,2.4190632990549845e-06,
3436,bad_takamine_EG440SC_mic_to_Classical_Unknown_mic,3.8119405445868032e-06,,3.1592384466157448e-06,,3.979573670404969e-06,,3.6090576094503803e-06,,3.362384257377468e-06,,2.7477386683821673e-06,
3437,bad_takamine_EG440SC_mic_to_Classical_Unknown_piezo,2.2740583930920226e-06,,1.9552622823302792e-06,,2.326878307157572e-06,,3.6386147918841425e-06,,3.792625234511095e-06,,4.7125859616933445e-06,
3438,bad_takamine_EG440SC_piezo_to_Classical_Unknown_mic,2.569491396658081e-06,,2.9220595591071864e-06,,4.199009056447974e-06,,2.26787999948141e-06,,4.092570804367105e-06,,4.135355436237275e-06,
3439,bad_takamine_EG440SC_piezo_to_Classical_Unknown_piezo,3.2606430700571514e-06,,3.3538876807892585e-06,,6.243616108583972e-06,,2.3325921334412026e-06,,3.061922444890242e-06,,3.121745007443297e-06,
3440,bad_takamine_EG440SC_mic_to_Classical_Unknown_mic,4.20351062778576e-06,,5.406089281825749e-06,,5.318690551732891e-06,,3.6705825606291844e-06,,4.750338067046427e-06,,2.8698282239891045e-06,
3441,bad_takamine_EG440SC_mic_to_Classical_Unknown_piezo,2.1990649291128214e-06,,2.1665854175584756e-06,,2.5739036568825844e-06,,4.137810216082441e-06,,3.1582507887702842e-06,,3.9735083831411375e-06,
3442,bad_takamine_EG440SC_piezo_to_Classical_Unknown_mic,3.4256545610122404e-06,,3.863553541104792e-06,,7.563919291936531e-06,,2.948476510666639e-06,,3.5632245734650246e-06,,2.7945697782179633e-06,
3443,bad_takamine_EG440SC_piezo_to_Classical_Unknown_piezo,3.1955635314955557e-06,,3.1772894623433814e-06,,4.893750062955786e-06,,2.9465160704061507e-06,,2.7985549505182046e-06,,2.4324053341862493e-06,
3444,bad_takamine_EG440SC_mic_to_Classical_Unknown_mic,2.2586308370663017e-06,,2.1621887799687413e-06,,3.9406808127556666e-06,,2.9113454495582184e-06,,2.759568653077448e-06,,2.6671116210726385e-06,
3445,bad_takamine_EG440SC_mic_to_Classical_Unknown_piezo,2.5551566237141568e-06,,2.5831425482173356e-06,,3.031265854977087e-06,,3.84704249401937e-06,,3.869509855824247e-06,,4.225008606625104e-06,
3446,bad_takamine_EG440SC_piezo_to_Classical_Unknown_mic,4.267075948952008e-06,,5.72030773836013e-06,,7.023203428412313e-06,,3.4709301215036754e-06,,3.2384331564916096e-06,,4.006474010472113e-06,
3447,bad_takamine_EG440SC_piezo_to_Classical_Unknown_piezo,6.166003049785057e-06,,6.986821325809541e-06,,4.111666347303774e-06,,2.5873409480986854e-06,,2.7525108039404677e-06,,3.5768691435371785e-06,
3448,bad_takamine_EG440SC_mic_to_Classical_Unknown_mic,3.0240455621199573e-06,,2.5750794174093383e-06,,5.050735962133862e-06,,3.785552817524392e-06,,3.576964118439055e-06,,2.6550128626133745e-06,
3449,bad_takamine_EG440SC_mic_to_Classical_Unknown_piezo,2.221570445479981e-06,,2.3409248035552964e-06,,2.5696013539959368e-06,,5.013469906152636e-06,,3.727520764252886e-06,,4.399572957862409e-06,
3450,bad_takamine_EG440SC_piezo_to_Classical_Unknown_mic,3.671235075406976e-06,,3.681342879067359e-06,,8.465741802213307e-06,,3.7623371264441165e-06,,3.885367364515321e-06,,3.7775050042461903e-06,
3451,bad_takamine_EG440SC_piezo_to_Classical_Unknown_piezo,6.230346059896956e-06,,6.782188580729493e-06,,5.16960887973785e-06,,2.4670313743280037e-06,,2.6766439426530525e-06,,2.1474847182511317e-06,
3452,bad_takamine_EG440SC_mic_to_Classical_Unknown_mic,5.247145031418199e-06,,2.2249275226929345e-06,,7.712045384232188e-06,,3.5445545874345203e-06,,2.8205944967765544e-06,,2.5592036163296855e-06,
3453,bad_takamine_EG440SC_mic_to_Classical_Unknown_piezo,2.4817483275092053e-06,,2.5611408369961157e-06,,2.800658232407133e-06,,5.2378264432269425e-06,,3.84293473067177e-06,,3.784728321332521e-06,
3454,bad_takamine_EG440SC_piezo_to_Classical_Unknown_mic,5.858440574702222e-06,,4.973610724726331e-06,,8.673009628454153e-06,,3.830572759638582e-06,,3.932108308259553e-06,,3.7747973756110967e-06,
3455,bad_takamine_EG440SC_piezo_to_Classical_Unknown_piezo,7.304359027615095e-06,,8.014510117283448e-06,,4.72585948240612e-06,,2.9097429744705544e-06,,2.277141526276946e-06,,2.0299741967692385e-06,
3456,bad_takamine_EG440SC_mic_to_Vi_Yamaha_F335_mic,5.187819087456518e-06,,4.993148204057532e-06,,6.3481846382542615e-06,,3.215414223376376e-06,,3.0520984709637144e-06,,2.80458101312923e-06,
3457,bad_takamine_EG440SC_mic_to_Vi_Yamaha_F335_piezo,4.753652762431592e-06,,6.82474497268876e-06,,5.335052704991695e-06,,3.301266147638841e-06,,2.99432503649054e-06,,4.21540484254628e-06,
3458,bad_takamine_EG440SC_piezo_to_Vi_Yamaha_F335_mic,1.957117898668433e-06,,3.3536930030414516e-06,,2.6278981068970193e-06,,3.436892286844371e-06,,3.6881433204858885e-06,,4.746425388863912e-06,
3459,bad_takamine_EG440SC_piezo_to_Vi_Yamaha_F335_piezo,6.365959044293927e-06,,5.48702045595075e-06,,2.6605281697148795e-06,,3.453425530625206e-06,,3.330999738752445e-06,,4.2950174645498635e-06,
3460,bad_takamine_EG440SC_mic_to_Vi_Yamaha_F335_mic,7.67111941464377e-06,,5.526307746045889e-06,,6.23811705133098e-06,,2.7419722259903375e-06,,2.784612802328253e-06,,2.7638281391130397e-06,
3461,bad_takamine_EG440SC_mic_to_Vi_Yamaha_F335_piezo,3.7592295614528674e-06,,5.708789194348947e-06,,5.000814988068875e-06,,3.0258612104901583e-06,,3.5225309163142556e-06,,4.350732492380525e-06,
3462,bad_takamine_EG440SC_piezo_to_Vi_Yamaha_F335_mic,2.3441673365990107e-06,,3.265083318601905e-06,,3.1723387394870098e-06,,2.9561210678793945e-06,,3.8430794970255975e-06,,4.045726364692161e-06,
3463,bad_takamine_EG440SC_piezo_to_Vi_Yamaha_F335_piezo,4.797961806508534e-06,,2.8340044622719994e-06,,2.8731193407476484e-06,,2.71503802744272e-06,,3.288009620090948e-06,,3.943788939987965e-06,
3464,bad_takamine_EG440SC_mic_to_Vi_Yamaha_F335_mic,3.969853337907411e-06,,3.9441100045780495e-06,,6.282220610053635e-06,,3.540892601415272e-06,,3.3005895210189814e-06,,2.572645812726741e-06,
3465,bad_takamine_EG440SC_mic_to_Vi_Yamaha_F335_piezo,4.904082426992373e-06,,4.564258650849751e-06,,5.171174893054657e-06,,2.8381111769670023e-06,,3.1150460890249557e-06,,3.597212902321376e-06,
3466,bad_takamine_EG440SC_piezo_to_Vi_Yamaha_F335_mic,4.0136365528964264e-06,,7.223687634874418e-06,,2.7363421772546147e-06,,3.4263032888140793e-06,,3.988108503115764e-06,,4.5835120521015215e-06,
3467,bad_takamine_EG440SC_piezo_to_Vi_Yamaha_F335_piezo,2.703724308347025e-06,,2.743120992140173e-06,,2.8233017777036977e-06,,3.176925582703222e-06,,3.519270842996829e-06,,3.434114921957594e-06,
3468,bad_takamine_EG440SC_mic_to_Vi_Yamaha_F335_mic,4.908859464294281e-06,,4.810349846136681e-06,,4.9984730407588756e-06,,3.751003628758967e-06,,3.912294790536291e-06,,2.9256822888714422e-06,
3469,bad_takamine_EG440SC_mic_to_Vi_Yamaha_F335_piezo,4.529463546158444e-06,,7.040078693154623e-06,,7.912912307476576e-06,,2.6569968348479603e-06,,3.5133461886060615e-06,,3.067283603700317e-06,
3470,bad_takamine_EG440SC_piezo_to_Vi_Yamaha_F335_mic,2.6299697085177028e-06,,1.8004705147407885e-06,,3.469792747280613e-06,,4.250250749780699e-06,,3.6473499361431804e-06,,3.938419101295075e-06,
3471,bad_takamine_EG440SC_piezo_to_Vi_Yamaha_F335_piezo,2.713586001815357e-06,,2.64554674359655e-06,,3.452214104531342e-06,,3.393663687569876e-06,,3.6769485133707836e-06,,3.7907636125250684e-06,
3472,bad_takamine_EG440SC_mic_to_Vi_Yamaha_F335_mic,4.8608453643031225e-06,,4.555632352427525e-06,,5.143676319902528e-06,,4.0785073795319864e-06,,4.322081696410488e-06,,3.6118481599909114e-06,
3473,bad_takamine_EG440SC_mic_to_Vi_Yamaha_F335_piezo,7.375153511861654e-06,,6.389756952754251e-06,,6.596077347856718e-06,,2.452412679034309e-06,,3.7523202561885727e-06,,2.9349285492497555e-06,
3474,bad_takamine_EG440SC_piezo_to_Vi_Yamaha_F335_mic,3.076596609766959e-06,,3.1017253225090063e-06,,8.798913939211833e-06,,3.2765963980512366e-06,,2.6261305549195362e-06,,3.0019015696537833e-06,
3475,bad_takamine_EG440SC_piezo_to_Vi_Yamaha_F335_piezo,3.1944324954370822e-06,,2.7762956641259703e-06,,3.3845949487910496e-06,,3.105412287311713e-06,,3.3806919320479785e-06,,3.7316904595272158e-06,
3476,bad_takamine_EG440SC_mic_to_Vi_Yamaha_F335_mic,4.445862864724865e-06,,6.056761158863825e-06,,6.141305615237036e-06,,4.738586069428912e-06,,4.467961784235846e-06,,3.2275863301016376e-06,
3477,bad_takamine_EG440SC_mic_to_Vi_Yamaha_F335_piezo,4.660058901832924e-06,,6.7151254127502515e-06,,6.996963353011673e-06,,3.2551283576107305e-06,,3.4154195415193074e-06,,3.6751425076380486e-06,
3478,bad_takamine_EG440SC_piezo_to_Vi_Yamaha_F335_mic,7.01127503910762e-06,,4.066234873451258e-06,,8.460425964579353e-06,,3.1363484121940775e-06,,3.4694410861965383e-06,,3.3487191419834714e-06,
3479,bad_takamine_EG440SC_piezo_to_Vi_Yamaha_F335_piezo,5.67804643115278e-06,,3.46287697980846e-06,,4.759053263879108e-06,,3.2609611936269568e-06,,2.916421423551006e-06,,3.873652822291678e-06,
3480,bad_takamine_EG440SC_mic_to_Vi_Yamaha_F335_mic,3.5651535159575494e-06,,4.098412379040817e-06,,5.891352514151751e-06,,3.204115900351283e-06,,2.9173537391442648e-06,,2.447087310999033e-06,
3481,bad_takamine_EG440SC_mic_to_Vi_Yamaha_F335_piezo,5.34138490787402e-06,,4.7838582758852574e-06,,6.675210370851074e-06,,3.3633420816277e-06,,3.2955310911676044e-06,,3.3125564234794095e-06,
3482,bad_takamine_EG440SC_piezo_to_Vi_Yamaha_F335_mic,1.906560379694026e-06,,2.2918864125769093e-06,,2.7855347307214902e-06,,3.062916225219054e-06,,3.580573879608911e-06,,2.7322220826551102e-06,
3483,bad_takamine_EG440SC_piezo_to_Vi_Yamaha_F335_piezo,5.527748209554849e-06,,5.4716991384294894e-06,,4.199239794408606e-06,,3.941465196192288e-06,,3.5446965952749157e-06,,3.5660327474338635e-06,
3484,bad_takamine_EG440SC_mic_to_Vi_Yamaha_F335_mic,6.7299534169479564e-06,,7.29475235755755e-06,,7.343723305632987e-06,,2.6156991161704094e-06,,2.4295539167449372e-06,,2.566682389383924e-06,
3485,bad_takamine_EG440SC_mic_to_Vi_Yamaha_F335_piezo,4.747446987880101e-06,,3.6962235060747416e-06,,5.077005382077681e-06,,3.2800366114927354e-06,,3.3311954272501576e-06,,3.1377305162449986e-06,
3486,bad_takamine_EG440SC_piezo_to_Vi_Yamaha_F335_mic,6.243209327435732e-06,,2.9491578420203972e-06,,2.3505686342606324e-06,,2.882518879892418e-06,,3.468484695641312e-06,,4.572661548285707e-06,
3487,bad_takamine_EG440SC_piezo_to_Vi_Yamaha_F335_piezo,6.375897319070322e-06,,4.5392994763082515e-06,,4.339306215314969e-06,,2.9076131174239823e-06,,4.391039978555239e-06,,4.01420897883139e-06,
3488,bad_takamine_EG440SC_mic_to_Vi_Yamaha_F335_mic,6.054681257345842e-06,,6.255808619504348e-06,,7.215531039678955e-06,,2.794383445102261e-06,,2.5659193061154483e-06,,2.6029670426539425e-06,
3489,bad_takamine_EG440SC_mic_to_Vi_Yamaha_F335_piezo,5.4807994359485345e-06,,4.783799351196445e-06,,7.023443423802681e-06,,3.049903215166094e-06,,3.5201069067977143e-06,,2.778349163418706e-06,
3490,bad_takamine_EG440SC_piezo_to_Vi_Yamaha_F335_mic,2.1460174690933524e-06,,2.257493213086814e-06,,2.407076165346569e-06,,3.3409058121726177e-06,,3.889921773257486e-06,,3.2839831945749876e-06,
3491,bad_takamine_EG440SC_piezo_to_Vi_Yamaha_F335_piezo,4.706602201113997e-06,,3.7508013106402934e-06,,3.4046090102334963e-06,,2.732549689530812e-06,,4.036360416356522e-06,,4.569431112774547e-06,
3492,bad_takamine_EG440SC_mic_to_Vi_Yamaha_F335_mic,6.283378756724714e-06,,4.265765368992291e-06,,6.944889896471779e-06,,2.783902952106362e-06,,4.8237009362216856e-06,,2.5580511075616586e-06,
3493,bad_takamine_EG440SC_mic_to_Vi_Yamaha_F335_piezo,3.4217985564212056e-06,,2.6744346084000697e-06,,6.361482225649561e-06,,2.789991304254247e-06,,2.392277024977478e-06,,3.5724197771064373e-06,
3494,bad_takamine_EG440SC_piezo_to_Vi_Yamaha_F335_mic,2.377816166200492e-06,,4.053057499977049e-06,,2.4113283714102187e-06,,4.343836070197306e-06,,3.2949641967510873e-06,,4.361919538501205e-06,
3495,bad_takamine_EG440SC_piezo_to_Vi_Yamaha_F335_piezo,2.3307703566834995e-06,,2.3045421901175606e-06,,2.8330092573235334e-06,,2.639193795636066e-06,,2.595259002904969e-06,,4.148841350142561e-06,
3496,bad_takamine_EG440SC_mic_to_Vi_Yamaha_F335_mic,5.948680639347306e-06,,5.120588212287182e-06,,6.685681169006003e-06,,2.6874007107887072e-06,,3.32208492417595e-06,,2.5827921783215746e-06,
3497,bad_takamine_EG440SC_mic_to_Vi_Yamaha_F335_piezo,4.219680822110298e-06,,2.7803046299600755e-06,,6.533660052913922e-06,,2.620283990249032e-06,,2.7124683256193446e-06,,2.655017530127942e-06,
3498,bad_takamine_EG440SC_piezo_to_Vi_Yamaha_F335_mic,1.8558858605229146e-06,,2.305208458073272e-06,,3.710748782080027e-06,,4.097512931761177e-06,,4.5538083226934945e-06,,4.368227892479127e-06,
3499,bad_takamine_EG440SC_piezo_to_Vi_Yamaha_F335_piezo,2.3274031530325433e-06,,2.339684846413395e-06,,2.8591903921491155e-06,,2.7031271783481425e-06,,2.7497856917236124e-06,,4.372695657868084e-06,
3500,bad_takamine_EG440SC_mic_to_Vi_Yamaha_F335_mic,6.794134207336388e-06,,4.836386328488677e-06,,6.883357382677134e-06,,2.5963961338578344e-06,,2.9539557186683692e-06,,2.5221461488024473e-06,
3501,bad_takamine_EG440SC_mic_to_Vi_Yamaha_F335_piezo,3.196005728487342e-06,,3.1563468547835306e-06,,5.8170179995765916e-06,,2.448663070964516e-06,,3.094987075992769e-06,,3.211553961715586e-06,
3502,bad_takamine_EG440SC_piezo_to_Vi_Yamaha_F335_mic,2.0998219280272344e-06,,3.0451414281225574e-06,,3.6397786391920075e-06,,2.7647622556149452e-06,,4.566383903179373e-06,,4.962690735194124e-06,
3503,bad_takamine_EG440SC_piezo_to_Vi_Yamaha_F335_piezo,3.267440840266462e-06,,3.1385943274485173e-06,,2.849232881391727e-06,,2.9426467143951716e-06,,3.2466080275203687e-06,,3.3288940294387722e-06,
3504,bad_takamine_EG440SC_mic_to_Vi_Yamaha_F335_mic,2.682035135395436e-06,,3.971613030744065e-06,,8.789120692070397e-06,,3.8122063107713844e-06,,3.49278916873123e-06,,2.3245059125528374e-06,
3505,bad_takamine_EG440SC_mic_to_Vi_Yamaha_F335_piezo,3.89740072154785e-06,,5.905066359644237e-06,,6.175811327730986e-06,,2.826437844253061e-06,,3.408470773558566e-06,,3.250490059764069e-06,
3506,bad_takamine_EG440SC_piezo_to_Vi_Yamaha_F335_mic,3.3870934274600068e-06,,1.8483805068141735e-06,,3.3260719691093093e-06,,2.8757298423088116e-06,,3.662593669897924e-06,,3.320502844035218e-06,
3507,bad_takamine_EG440SC_piezo_to_Vi_Yamaha_F335_piezo,3.5338174275808733e-06,,5.270192493489599e-06,,4.0498277277942146e-06,,2.1379812429489145e-06,,3.047482866627184e-06,,2.993904118721877e-06,
3508,bad_takamine_EG440SC_mic_to_Vi_Yamaha_F335_mic,5.260896696988107e-06,,8.035268136343651e-06,,8.994446972191095e-06,,2.4601661169567505e-06,,2.6410548967011174e-06,,2.400935102950551e-06,
3509,bad_takamine_EG440SC_mic_to_Vi_Yamaha_F335_piezo,3.401653614122756e-06,,6.770237551947672e-06,,5.463636354597628e-06,,2.7140627045518583e-06,,3.4140558028659324e-06,,3.1676487462942368e-06,
3510,bad_takamine_EG440SC_piezo_to_Vi_Yamaha_F335_mic,4.34801765454388e-06,,2.7458610760004943e-06,,6.121424630041784e-06,,3.2152747536985537e-06,,3.708641072145121e-06,,3.0299512531416628e-06,
3511,bad_takamine_EG440SC_piezo_to_Vi_Yamaha_F335_piezo,4.508596975598255e-06,,2.8948355244898704e-06,,4.74116842863629e-06,,2.6189455536385794e-06,,3.4990837576994145e-06,,4.332794740498405e-06,
3512,bad_takamine_EG440SC_mic_to_Vi_Yamaha_F335_mic,8.33349896435108e-06,,5.2515707589238155e-06,,7.152588103943265e-06,,2.609428382000745e-06,,2.226442851434257e-06,,2.2882449122955453e-06,
3513,bad_takamine_EG440SC_mic_to_Vi_Yamaha_F335_piezo,5.4103100019376425e-06,,6.797222158996532e-06,,4.029990484027135e-06,,2.5330874430675287e-06,,3.111745376236138e-06,,3.909599235239773e-06,
3514,bad_takamine_EG440SC_piezo_to_Vi_Yamaha_F335_mic,3.9580934458444394e-06,,4.246548848539101e-06,,4.925875087777459e-06,,4.306297298861705e-06,,5.0744061627432165e-06,,2.813775596122841e-06,
3515,bad_takamine_EG440SC_piezo_to_Vi_Yamaha_F335_piezo,2.5518192373348318e-06,,3.259851116574897e-06,,2.9661922407303972e-06,,3.6014174008792816e-06,,4.108385191374676e-06,,3.704933543572512e-06,
3516,bad_takamine_EG440SC_mic_to_Vi_Yamaha_F335_mic,7.636302382366224e-06,,4.287019523961013e-06,,7.198385063146591e-06,,2.9714658790232407e-06,,3.5047022261300186e-06,,2.6288634697645437e-06,
3517,bad_takamine_EG440SC_mic_to_Vi_Yamaha_F335_piezo,3.850633723902047e-06,,5.607397508895643e-06,,5.216295248587713e-06,,3.2944689472764378e-06,,3.5065490203900898e-06,,3.7440575146337802e-06,
3518,bad_takamine_EG440SC_piezo_to_Vi_Yamaha_F335_mic,3.3062887696588453e-06,,2.0329551239522406e-06,,3.7317342748941905e-06,,3.419957466325791e-06,,3.892011687129103e-06,,3.153179597261975e-06,
3519,bad_takamine_EG440SC_piezo_to_Vi_Yamaha_F335_piezo,5.67540124873263e-06,,2.9266729725568073e-06,,3.201559725191897e-06,,2.9969367790880717e-06,,4.357565985349124e-06,,4.5711205703268734e-06,
3520,bad_takamine_EG440SC_mic_to_Vi_Yamaha_F335_mic,7.56378542945455e-06,,4.170842778710743e-06,,5.969282106360572e-06,,2.966418886421512e-06,,4.815291143343827e-06,,2.6287199452143194e-06,
3521,bad_takamine_EG440SC_mic_to_Vi_Yamaha_F335_piezo,5.22096901157857e-06,,4.247584195770126e-06,,7.580324305139936e-06,,3.098057687229549e-06,,2.4350813881596086e-06,,3.4224449597714884e-06,
3522,bad_takamine_EG440SC_piezo_to_Vi_Yamaha_F335_mic,2.3520852113796716e-06,,2.7511810671327344e-06,,3.178010611555559e-06,,3.980892803389587e-06,,3.989216084616799e-06,,3.752505272800489e-06,
3523,bad_takamine_EG440SC_piezo_to_Vi_Yamaha_F335_piezo,2.9288868174288138e-06,,3.6394852970067364e-06,,4.216630439962943e-06,,3.637935663373814e-06,,3.809901317095943e-06,,4.137649400284777e-06,
3524,bad_takamine_EG440SC_mic_to_Vi_Yamaha_F335_mic,5.112818168951718e-06,,6.335388814416082e-06,,5.806632967664645e-06,,3.0241222715033345e-06,,4.1017544126530815e-06,,2.6533191533918683e-06,
3525,bad_takamine_EG440SC_mic_to_Vi_Yamaha_F335_piezo,4.112266027741086e-06,,5.9366806924780486e-06,,5.115267139478927e-06,,3.621358860812521e-06,,3.1503319342134825e-06,,3.7513464228438223e-06,
3526,bad_takamine_EG440SC_piezo_to_Vi_Yamaha_F335_mic,4.084123043684532e-06,,4.052751168772809e-06,,2.943204997278071e-06,,3.975539489032548e-06,,3.999777684468255e-06,,4.004441917134281e-06,
3527,bad_takamine_EG440SC_piezo_to_Vi_Yamaha_F335_piezo,3.0474657840663773e-06,,3.7130772478404822e-06,,4.080441861032137e-06,,3.014685774781446e-06,,2.760563951913623e-06,,3.977764647431774e-06,
3528,bad_takamine_EG440SC_mic_to_Vi_Yamaha_F335_mic,2.833545344586318e-06,,4.342894161230857e-06,,4.612228141701843e-06,,3.855342834158604e-06,,3.0767946839632118e-06,,3.3091739625773963e-06,
3529,bad_takamine_EG440SC_mic_to_Vi_Yamaha_F335_piezo,3.367703630617047e-06,,7.1513623149971815e-06,,5.55177608941659e-06,,3.2781849493097686e-06,,3.68481331253717e-06,,3.179933746352587e-06,
3530,bad_takamine_EG440SC_piezo_to_Vi_Yamaha_F335_mic,1.8349463267894153e-06,,2.208456448070511e-06,,2.731335883200229e-06,,3.4077262095951386e-06,,3.2106942770925315e-06,,2.8201260079406143e-06,
3531,bad_takamine_EG440SC_piezo_to_Vi_Yamaha_F335_piezo,5.4175752617720176e-06,,6.9410045076525945e-06,,4.238574074100449e-06,,3.958330860377517e-06,,3.2592764369262406e-06,,3.5058905532449256e-06,
3532,bad_takamine_EG440SC_mic_to_Vi_Yamaha_F335_mic,5.45864966284372e-06,,5.848835240792827e-06,,7.123372341945689e-06,,2.7581838512714555e-06,,2.501373534133546e-06,,2.7544115606493057e-06,
3533,bad_takamine_EG440SC_mic_to_Vi_Yamaha_F335_piezo,5.3519294299047086e-06,,3.741894611262844e-06,,4.260970414256924e-06,,3.190192856538936e-06,,4.102071435108851e-06,,2.748009125985439e-06,
3534,bad_takamine_EG440SC_piezo_to_Vi_Yamaha_F335_mic,2.6328565535286143e-06,,2.0689805351981094e-06,,2.3863591825117884e-06,,3.66620327132868e-06,,3.295749239001027e-06,,2.5527037143947803e-06,
3535,bad_takamine_EG440SC_piezo_to_Vi_Yamaha_F335_piezo,3.657485434801446e-06,,4.698019230829447e-06,,3.850129040058575e-06,,2.7137448504499136e-06,,3.947101058378535e-06,,4.197539051899467e-06,
3536,bad_takamine_EG440SC_mic_to_Vi_Yamaha_F335_mic,5.931885778495173e-06,,5.662353280056846e-06,,7.10202629760128e-06,,2.726234418707823e-06,,2.637635273688198e-06,,2.546524678311663e-06,
3537,bad_takamine_EG440SC_mic_to_Vi_Yamaha_F335_piezo,5.28800159729176e-06,,4.7217803628608565e-06,,7.241190152672052e-06,,2.9426919412840073e-06,,3.2128498888257543e-06,,2.8614317103799035e-06,
3538,bad_takamine_EG440SC_piezo_to_Vi_Yamaha_F335_mic,2.085474354675886e-06,,2.1634542253220457e-06,,2.3823317591820724e-06,,2.8830169929930127e-06,,3.6548366494314028e-06,,4.036182655874192e-06,
3539,bad_takamine_EG440SC_piezo_to_Vi_Yamaha_F335_piezo,5.325642378305657e-06,,4.4758989528903276e-06,,3.904279002662924e-06,,2.687907725766953e-06,,3.6182751934465497e-06,,4.6187286777329834e-06,
3540,bad_takamine_EG440SC_mic_to_Vi_Yamaha_F335_mic,5.453009872924419e-06,,3.7808344601225504e-06,,7.141882671723371e-06,,3.0201878700390234e-06,,4.164278361410828e-06,,2.519340493884581e-06,
3541,bad_takamine_EG440SC_mic_to_Vi_Yamaha_F335_piezo,3.2100395487668347e-06,,2.672693911253906e-06,,5.153674907037241e-06,,2.8054242984967227e-06,,2.4748179305942343e-06,,2.8775729767543557e-06,
3542,bad_takamine_EG440SC_piezo_to_Vi_Yamaha_F335_mic,2.566354992526227e-06,,4.347163066314229e-06,,2.1964524999255163e-06,,4.032617417377415e-06,,3.394806638021063e-06,,3.829055655937971e-06,
3543,bad_takamine_EG440SC_piezo_to_Vi_Yamaha_F335_piezo,2.3714675145459904e-06,,2.366636381023606e-06,,2.8700732661042296e-06,,2.720104007828345e-06,,2.670760270638675e-06,,4.2244798469042245e-06,
3544,bad_takamine_EG440SC_mic_to_Vi_Yamaha_F335_mic,5.525056717721072e-06,,4.680526940800824e-06,,6.52028085203096e-06,,2.7906346724892725e-06,,3.624169123378396e-06,,2.5874449057405e-06,
3545,bad_takamine_EG440SC_mic_to_Vi_Yamaha_F335_piezo,3.940153118784089e-06,,2.807395064673265e-06,,7.5041665009337176e-06,,2.609636889717876e-06,,2.8764174390713527e-06,,2.6666486787823203e-06,
3546,bad_takamine_EG440SC_piezo_to_Vi_Yamaha_F335_mic,1.994777563183035e-06,,1.984015821622975e-06,,1.9751131885263886e-06,,4.130935606101921e-06,,4.358938069738823e-06,,4.544300392808703e-06,
3547,bad_takamine_EG440SC_piezo_to_Vi_Yamaha_F335_piezo,2.368273447245443e-06,,2.365794158780584e-06,,2.9835887296506367e-06,,3.0395836227498878e-06,,3.0538596939966193e-06,,4.776380329191413e-06,
3548,bad_takamine_EG440SC_mic_to_Vi_Yamaha_F335_mic,6.417130466569252e-06,,4.8013705147705246e-06,,6.987105963718564e-06,,2.6648965978043018e-06,,3.0914899345143943e-06,,2.53865335213278e-06,
3549,bad_takamine_EG440SC_mic_to_Vi_Yamaha_F335_piezo,3.112515920350924e-06,,3.075255843562366e-06,,7.378024560666774e-06,,2.397401055259252e-06,,3.3101785884117325e-06,,3.0039019633214826e-06,
3550,bad_takamine_EG440SC_piezo_to_Vi_Yamaha_F335_mic,2.7549395328906453e-06,,2.5180778283909533e-06,,6.9379700434885315e-06,,3.2242723932291558e-06,,4.347520043067918e-06,,4.541015387110884e-06,
3551,bad_takamine_EG440SC_piezo_to_Vi_Yamaha_F335_piezo,2.481312376823014e-06,,2.484304028790465e-06,,3.282068865833401e-06,,3.1938693415714945e-06,,3.3762993347594033e-06,,4.286170710678584e-06,
3552,bad_takamine_EG440SC_mic_to_Vi_Yamaha_F335_mic,5.460812187221674e-06,,8.428153878434671e-06,,7.519660554761208e-06,,3.0443018551262256e-06,,2.758264877457481e-06,,2.5327331225495202e-06,
3553,bad_takamine_EG440SC_mic_to_Vi_Yamaha_F335_piezo,4.114678786978396e-06,,4.629581622781456e-06,,4.394920330722915e-06,,3.711735381923148e-06,,3.0992783764127147e-06,,3.378245726769998e-06,
3554,bad_takamine_EG440SC_piezo_to_Vi_Yamaha_F335_mic,1.9340139239551794e-06,,1.8842312473914108e-06,,2.6492184729365144e-06,,2.8902422044874138e-06,,3.445602141445236e-06,,3.0139051589999795e-06,
3555,bad_takamine_EG440SC_piezo_to_Vi_Yamaha_F335_piezo,6.350441473356891e-06,,5.468753801850356e-06,,3.7259352567205817e-06,,3.217555966604372e-06,,3.766799633716897e-06,,3.015362423157231e-06,
3556,bad_takamine_EG440SC_mic_to_Vi_Yamaha_F335_mic,8.436314353173304e-06,,6.793251590885789e-06,,8.53617887693292e-06,,2.2622623008513045e-06,,2.266088606758648e-06,,2.6009757623795475e-06,
3557,bad_takamine_EG440SC_mic_to_Vi_Yamaha_F335_piezo,6.659820490240121e-06,,6.924989394610537e-06,,7.433635881269267e-06,,3.0539867241298997e-06,,3.628890255068762e-06,,3.5188772466750037e-06,
3558,bad_takamine_EG440SC_piezo_to_Vi_Yamaha_F335_mic,5.999616782354688e-06,,2.6003576193912536e-06,,7.348691786711658e-06,,3.852734411089894e-06,,3.2782328570060888e-06,,2.4846423730982975e-06,
3559,bad_takamine_EG440SC_piezo_to_Vi_Yamaha_F335_piezo,3.414000149154487e-06,,6.011587111491867e-06,,4.257574417798281e-06,,3.4397995575355036e-06,,3.267899231018318e-06,,4.254365373076318e-06,
3560,bad_takamine_EG440SC_mic_to_Vi_Yamaha_F335_mic,5.417233550922959e-06,,4.965558280720173e-06,,9.640618334856696e-06,,2.2193388208278937e-06,,2.1168074154239994e-06,,2.4677760592395066e-06,
3561,bad_takamine_EG440SC_mic_to_Vi_Yamaha_F335_piezo,3.857925763265272e-06,,5.456783484507275e-06,,4.541615300450636e-06,,2.8646083085741885e-06,,3.029245676302705e-06,,3.409609637446131e-06,
3562,bad_takamine_EG440SC_piezo_to_Vi_Yamaha_F335_mic,2.609152981187897e-06,,2.4782437240708937e-06,,2.753395157435654e-06,,3.963864387077278e-06,,4.492705827954629e-06,,3.707513544711719e-06,
3563,bad_takamine_EG440SC_piezo_to_Vi_Yamaha_F335_piezo,5.013375521734185e-06,,4.1126880252426805e-06,,3.8000579406570013e-06,,3.6247981647730147e-06,,2.7585708064713335e-06,,4.346241583857778e-06,
3564,bad_takamine_EG440SC_mic_to_Vi_Yamaha_F335_mic,5.021727237550565e-06,,7.806231487289865e-06,,9.238133336438443e-06,,3.7214397882553254e-06,,2.6201953906253093e-06,,2.609955748857574e-06,
3565,bad_takamine_EG440SC_mic_to_Vi_Yamaha_F335_piezo,4.986436284976247e-06,,5.266291853588349e-06,,5.590449385287043e-06,,3.5232948094302207e-06,,3.098818363971719e-06,,3.0523911322313596e-06,
3566,bad_takamine_EG440SC_piezo_to_Vi_Yamaha_F335_mic,2.4323364589334975e-06,,1.9057079585419417e-06,,3.183753441540205e-06,,2.7382618687719234e-06,,3.320358183399358e-06,,3.527015809617772e-06,
3567,bad_takamine_EG440SC_piezo_to_Vi_Yamaha_F335_piezo,2.620775525130737e-06,,3.1496532158494626e-06,,4.155089569364661e-06,,3.3009971688362296e-06,,3.854977857010003e-06,,2.786664376515314e-06,
3568,bad_takamine_EG440SC_mic_to_Vi_Yamaha_F335_mic,7.12764435953617e-06,,8.45390781380534e-06,,8.465391434073256e-06,,2.340693710199622e-06,,2.5525157056749847e-06,,2.444519229540839e-06,
3569,bad_takamine_EG440SC_mic_to_Vi_Yamaha_F335_piezo,5.0741512030806475e-06,,5.049155563826378e-06,,5.9283771043891005e-06,,2.4882214312569806e-06,,2.9288838699826004e-06,,2.8572652154612703e-06,
3570,bad_takamine_EG440SC_piezo_to_Vi_Yamaha_F335_mic,2.0828016456451678e-06,,2.4122730254094083e-06,,3.111844497102758e-06,,3.4948494301175656e-06,,4.191924102807059e-06,,3.9246315212696495e-06,
3571,bad_takamine_EG440SC_piezo_to_Vi_Yamaha_F335_piezo,3.439684528452832e-06,,3.5880424670336448e-06,,3.846864943961084e-06,,3.3113204313361845e-06,,2.866772738458719e-06,,3.7347375771237094e-06,
3572,bad_takamine_EG440SC_mic_to_Vi_Yamaha_F335_mic,7.446620910523946e-06,,4.003411094130319e-06,,8.363245565478609e-06,,2.3708038365766797e-06,,3.1264238688941644e-06,,2.56242188904996e-06,
3573,bad_takamine_EG440SC_mic_to_Vi_Yamaha_F335_piezo,4.185248489932361e-06,,7.560223735485072e-06,,5.164109124682335e-06,,3.0865168380826652e-06,,3.445798792098312e-06,,3.413561600811215e-06,
3574,bad_takamine_EG440SC_piezo_to_Vi_Yamaha_F335_mic,5.0288458933362555e-06,,4.478027938259722e-06,,7.5190702100767665e-06,,4.242542778805443e-06,,3.5308957593832167e-06,,3.6673025957096957e-06,
3575,bad_takamine_EG440SC_piezo_to_Vi_Yamaha_F335_piezo,6.461001161863204e-06,,5.746359337232648e-06,,4.21486087053432e-06,,3.6995647077850544e-06,,2.9350525491821513e-06,,3.0174805508678868e-06,
3576,bad_takamine_EG440SC_mic_to_Vi_Yamaha_F335_mic,3.4260536888320577e-06,,4.1792819255902985e-06,,5.726232821345927e-06,,3.291297291122166e-06,,2.796753716944352e-06,,2.5919881151301632e-06,
3577,bad_takamine_EG440SC_mic_to_Vi_Yamaha_F335_piezo,7.80506124633295e-06,,5.21046305624378e-06,,5.5839646783984225e-06,,3.5808411949331044e-06,,4.289873901277594e-06,,3.211832674245698e-06,
3578,bad_takamine_EG440SC_piezo_to_Vi_Yamaha_F335_mic,2.220573464415839e-06,,3.3752783646886657e-06,,3.1222068293567936e-06,,3.6895234095231857e-06,,3.803526215649104e-06,,3.049773544319039e-06,
3579,bad_takamine_EG440SC_piezo_to_Vi_Yamaha_F335_piezo,7.767025543165719e-06,,3.5223084655809916e-06,,4.737272702679422e-06,,3.5321149072118226e-06,,3.3762308193434207e-06,,3.91888874260606e-06,
3580,bad_takamine_EG440SC_mic_to_Vi_Yamaha_F335_mic,5.638329159074457e-06,,5.923461350211473e-06,,6.53621805503194e-06,,2.9778974975027014e-06,,2.791383184662904e-06,,2.8160280739019244e-06,
3581,bad_takamine_EG440SC_mic_to_Vi_Yamaha_F335_piezo,6.589928975775113e-06,,7.598692343182218e-06,,5.505779858149011e-06,,3.5802951704387536e-06,,3.7047601477350857e-06,,2.887889755361172e-06,
3582,bad_takamine_EG440SC_piezo_to_Vi_Yamaha_F335_mic,2.1789512359418355e-06,,3.1760881396764615e-06,,2.3793016618699577e-06,,3.2814501381520246e-06,,2.9844572336463223e-06,,3.862595339954898e-06,
3583,bad_takamine_EG440SC_piezo_to_Vi_Yamaha_F335_piezo,3.8715015121303165e-06,,4.319786648987421e-06,,3.526644686066759e-06,,2.718168597233961e-06,,4.108780400700528e-06,,4.6054613252531955e-06,
3584,bad_takamine_EG440SC_mic_to_Vi_Yamaha_F335_mic,5.348390370887267e-06,,5.196942567820225e-06,,3.943922614798892e-06,,3.079874414306439e-06,,2.8907626472868147e-06,,3.4439561508903904e-06,
3585,bad_takamine_EG440SC_mic_to_Vi_Yamaha_F335_piezo,4.984499141046613e-06,,5.21391218342202e-06,,5.894485101659503e-06,,4.316673208660348e-06,,3.5044287845951364e-06,,3.837080726120743e-06,
3586,bad_takamine_EG440SC_piezo_to_Vi_Yamaha_F335_mic,2.1496121346201762e-06,,4.047019521652856e-06,,5.431894673296114e-06,,2.5306961199701434e-06,,4.491953933000057e-06,,2.1889259991456243e-06,
3587,bad_takamine_EG440SC_piezo_to_Vi_Yamaha_F335_piezo,6.4097856975564466e-06,,3.869748136519077e-06,,3.78874577556581e-06,,2.80463464931846e-06,,3.991718226833035e-06,,3.806616770115176e-06,
3588,bad_takamine_EG440SC_mic_to_Vi_Yamaha_F335_mic,4.9582060758914144e-06,,4.6523239917642836e-06,,6.540119517464531e-06,,2.883370465692463e-06,,4.615672949388956e-06,,2.5838335925901554e-06,
3589,bad_takamine_EG440SC_mic_to_Vi_Yamaha_F335_piezo,3.6041747854779778e-06,,2.6963403111687808e-06,,7.265096924771365e-06,,2.6224839752874583e-06,,2.5790249184922805e-06,,3.090361847205144e-06,
3590,bad_takamine_EG440SC_piezo_to_Vi_Yamaha_F335_mic,3.7267474322020575e-06,,4.651731822714294e-06,,3.1072500768050866e-06,,4.096836015589352e-06,,3.940773656800643e-06,,3.578716038822302e-06,
3591,bad_takamine_EG440SC_piezo_to_Vi_Yamaha_F335_piezo,2.25729072568642e-06,,2.2507072221568566e-06,,2.921952449518068e-06,,2.816668480526926e-06,,2.8094580461007834e-06,,4.577950136269363e-06,
3592,bad_takamine_EG440SC_mic_to_Vi_Yamaha_F335_mic,4.957771815283997e-06,,4.157356533002544e-06,,6.172135383705337e-06,,2.774354349112138e-06,,3.395605461409445e-06,,2.6101822110522843e-06,
3593,bad_takamine_EG440SC_mic_to_Vi_Yamaha_F335_piezo,3.355438396805825e-06,,2.6458266861756104e-06,,7.204475479429483e-06,,2.4172958751889448e-06,,3.0751881081208753e-06,,2.7308731104758212e-06,
3594,bad_takamine_EG440SC_piezo_to_Vi_Yamaha_F335_mic,3.4297552460242677e-06,,3.3893586765816018e-06,,2.8747796673618512e-06,,3.724747660856342e-06,,4.714400419422593e-06,,3.2495474204101605e-06,
3595,bad_takamine_EG440SC_piezo_to_Vi_Yamaha_F335_piezo,2.2613410378415602e-06,,2.2891649960306746e-06,,2.9637533384336e-06,,2.844457280905599e-06,,2.8974845522558904e-06,,4.7834882616558065e-06,
3596,bad_takamine_EG440SC_mic_to_Vi_Yamaha_F335_mic,4.359522716761085e-06,,4.834020708293017e-06,,5.688124199173629e-06,,3.3357578657939742e-06,,3.6538355131793444e-06,,2.843998247390671e-06,
3597,bad_takamine_EG440SC_mic_to_Vi_Yamaha_F335_piezo,3.7959652911168378e-06,,3.2475247738444196e-06,,7.5296559801446225e-06,,2.353784319572377e-06,,3.629291171333442e-06,,2.927573853228644e-06,
3598,bad_takamine_EG440SC_piezo_to_Vi_Yamaha_F335_mic,2.8316042434191614e-06,,3.3251152552321583e-06,,3.4146726154836316e-06,,3.035739219288886e-06,,3.6834285103424733e-06,,4.742937639000768e-06,
3599,bad_takamine_EG440SC_piezo_to_Vi_Yamaha_F335_piezo,2.4764641994320234e-06,,2.4898399870243058e-06,,3.357810604016713e-06,,3.2614344393974367e-06,,3.5459060544291034e-06,,4.845456557011945e-06,
3600,Vi_Yamaha_F335_mic_to_Bird_Aspen_DH37_mic,4.666967292608401e-06,,5.107350466629799e-06,,9.521198877861178e-06,,4.318344426305423e-06,,3.55598080912257e-06,,3.5932151565245994e-06,
3601,Vi_Yamaha_F335_mic_to_Bird_Aspen_DH37_piezo,2.566249722096627e-06,,2.7511080345895272e-06,,3.1543614613223923e-06,,3.710967589321318e-06,,3.540084303333832e-06,,3.8278809357189965e-06,
3602,Vi_Yamaha_F335_piezo_to_Bird_Aspen_DH37_mic,5.755342306161166e-06,,3.3301535039205803e-06,,5.39365506476169e-06,,2.410990718152299e-06,,2.3668617264903724e-06,,2.7907342448786416e-06,
3603,Vi_Yamaha_F335_piezo_to_Bird_Aspen_DH37_piezo,5.465835766614252e-06,,7.408618844805499e-06,,7.42070158284534e-06,,2.2347249018982827e-06,,3.6610812883386064e-06,,3.1115117073559465e-06,
3604,Vi_Yamaha_F335_mic_to_Bird_Aspen_DH37_mic,8.430808013599925e-06,,4.815364844821628e-06,,6.905661448139066e-06,,3.91257946891224e-06,,3.74093587586479e-06,,3.774686099322312e-06,
3605,Vi_Yamaha_F335_mic_to_Bird_Aspen_DH37_piezo,2.6357418694377557e-06,,2.3902269334958486e-06,,2.911975284079143e-06,,3.85537864297577e-06,,3.936039689959563e-06,,4.199382831626798e-06,
3606,Vi_Yamaha_F335_piezo_to_Bird_Aspen_DH37_mic,3.2993939341240835e-06,,3.1066577572180985e-06,,5.542919837395011e-06,,3.6030570461304262e-06,,2.716298291209606e-06,,2.5126331293805178e-06,
3607,Vi_Yamaha_F335_piezo_to_Bird_Aspen_DH37_piezo,4.716567739350614e-06,,5.793377923552018e-06,,5.23165621221632e-06,,4.351267914092051e-06,,3.895767753228208e-06,,4.602747252050195e-06,
3608,Vi_Yamaha_F335_mic_to_Bird_Aspen_DH37_mic,4.667485594444937e-06,,8.122513391535907e-06,,6.685177120169747e-06,,3.934789320393266e-06,,4.782927373116526e-06,,4.569853345917799e-06,
3609,Vi_Yamaha_F335_mic_to_Bird_Aspen_DH37_piezo,2.7334500718573e-06,,3.1024003790168093e-06,,3.2080406165626603e-06,,4.1643279661938275e-06,,4.5042368898856825e-06,,4.68575388773789e-06,
3610,Vi_Yamaha_F335_piezo_to_Bird_Aspen_DH37_mic,4.553652901495483e-06,,2.6409741433558124e-06,,6.058806183701968e-06,,2.398998233366964e-06,,2.453861645334455e-06,,2.3473185039966845e-06,
3611,Vi_Yamaha_F335_piezo_to_Bird_Aspen_DH37_piezo,7.036009020727523e-06,,5.640789877018984e-06,,1.1036036208516477e-05,,4.814288598530004e-06,,4.271193213884884e-06,,4.661484079954647e-06,
3612,Vi_Yamaha_F335_mic_to_Bird_Aspen_DH37_mic,5.423356470386853e-06,,8.070089375691575e-06,,7.4026079067928615e-06,,3.556129045115526e-06,,3.679824274083224e-06,,3.158848885811364e-06,
3613,Vi_Yamaha_F335_mic_to_Bird_Aspen_DH37_piezo,2.6553642240796345e-06,,3.401683787166251e-06,,2.9970779452890614e-06,,4.043623450162932e-06,,4.619367544827256e-06,,3.964560591057548e-06,
3614,Vi_Yamaha_F335_piezo_to_Bird_Aspen_DH37_mic,4.029166287805945e-06,,6.040438277562587e-06,,3.104561552855022e-06,,3.1168534928826422e-06,,2.0917780349049715e-06,,3.673364823300298e-06,
3615,Vi_Yamaha_F335_piezo_to_Bird_Aspen_DH37_piezo,2.22797591925279e-06,,2.504864619669689e-06,,4.276526385806893e-06,,2.408223601714323e-06,,4.846135174883379e-06,,3.656955942425449e-06,
3616,Vi_Yamaha_F335_mic_to_Bird_Aspen_DH37_mic,7.17517226947951e-06,,8.187556467479209e-06,,5.483350704305192e-06,,4.200992575905714e-06,,3.4523318558259753e-06,,3.0818829768336534e-06,
3617,Vi_Yamaha_F335_mic_to_Bird_Aspen_DH37_piezo,2.9383006452916157e-06,,2.7906845685564767e-06,,2.928621207041548e-06,,3.82876266172125e-06,,4.319507856961958e-06,,3.624987505258345e-06,
3618,Vi_Yamaha_F335_piezo_to_Bird_Aspen_DH37_mic,2.8027017685760492e-06,,3.778151575303936e-06,,3.683815107597024e-06,,3.1408696265145628e-06,,2.62140774166048e-06,,2.5764816759485417e-06,
3619,Vi_Yamaha_F335_piezo_to_Bird_Aspen_DH37_piezo,2.429472341892017e-06,,2.9137208635218076e-06,,8.659682200621627e-06,,2.923818903559985e-06,,4.934095273073903e-06,,5.4470395686768124e-06,
3620,Vi_Yamaha_F335_mic_to_Bird_Aspen_DH37_mic,7.95054115170879e-06,,7.47837732874879e-06,,9.44650310321022e-06,,3.1155668372294648e-06,,2.9358726084718082e-06,,3.85280314411962e-06,
3621,Vi_Yamaha_F335_mic_to_Bird_Aspen_DH37_piezo,2.7594948381677724e-06,,3.444131067798901e-06,,3.238109365949794e-06,,3.024144166760962e-06,,4.534994681836602e-06,,5.092452642354981e-06,
3622,Vi_Yamaha_F335_piezo_to_Bird_Aspen_DH37_mic,2.2806264884215105e-06,,3.7419201196652135e-06,,2.6514439282459706e-06,,2.5266203654791807e-06,,2.3344850133305144e-06,,4.250193608975901e-06,
3623,Vi_Yamaha_F335_piezo_to_Bird_Aspen_DH37_piezo,2.4407505606934445e-06,,2.2747167928385613e-06,,4.735815636490976e-06,,4.334588270188011e-06,,3.999039890194165e-06,,5.038635778203342e-06,
3624,Vi_Yamaha_F335_mic_to_Bird_Aspen_DH37_mic,5.675423709305514e-06,,7.064585840124155e-06,,4.906845277588652e-06,,3.820452846941923e-06,,3.2625997967883874e-06,,3.5662676170223407e-06,
3625,Vi_Yamaha_F335_mic_to_Bird_Aspen_DH37_piezo,2.1969003084518217e-06,,2.2252653470100148e-06,,3.7216691338097144e-06,,3.607850151460221e-06,,3.69022478310264e-06,,3.220501694418648e-06,
3626,Vi_Yamaha_F335_piezo_to_Bird_Aspen_DH37_mic,5.028731859548346e-06,,3.499498481355865e-06,,5.783128622435422e-06,,2.605687877170213e-06,,2.5917627567133452e-06,,4.097134140466431e-06,
3627,Vi_Yamaha_F335_piezo_to_Bird_Aspen_DH37_piezo,3.4320934470594513e-06,,5.355428019257843e-06,,7.185231580317598e-06,,3.4165621613402446e-06,,3.068567339194858e-06,,4.84180562464238e-06,
3628,Vi_Yamaha_F335_mic_to_Bird_Aspen_DH37_mic,5.327714084126898e-06,,6.6551075968565985e-06,,4.032151224134677e-06,,3.1739663376560564e-06,,3.105105662647566e-06,,3.918008323415486e-06,
3629,Vi_Yamaha_F335_mic_to_Bird_Aspen_DH37_piezo,2.296454000680128e-06,,2.2804724423802596e-06,,2.6944410355614137e-06,,3.897954024657179e-06,,3.823850918355041e-06,,4.668408399383781e-06,
3630,Vi_Yamaha_F335_piezo_to_Bird_Aspen_DH37_mic,3.6339199433554363e-06,,2.7267476557436537e-06,,5.894212837508027e-06,,2.8247105890215074e-06,,2.2982032362150157e-06,,2.229606456570679e-06,
3631,Vi_Yamaha_F335_piezo_to_Bird_Aspen_DH37_piezo,3.989560451220087e-06,,2.9171046192501575e-06,,9.583390399547682e-06,,2.8874269701671106e-06,,4.645422451027543e-06,,3.2786301770035096e-06,
3632,Vi_Yamaha_F335_mic_to_Bird_Aspen_DH37_mic,6.419364336689541e-06,,5.0510879156686445e-06,,3.185542116517696e-06,,3.2485008973794886e-06,,3.569476084899138e-06,,4.055122217860214e-06,
3633,Vi_Yamaha_F335_mic_to_Bird_Aspen_DH37_piezo,2.1816259165617688e-06,,2.2165331961715487e-06,,2.6040258599297058e-06,,3.6222651493752256e-06,,3.7329690249153817e-06,,4.553738433671506e-06,
3634,Vi_Yamaha_F335_piezo_to_Bird_Aspen_DH37_mic,5.563672087006886e-06,,3.819678191150646e-06,,4.4270268162642565e-06,,2.0647655600418863e-06,,2.9615301243209276e-06,,2.446121617795158e-06,
3635,Vi_Yamaha_F335_piezo_to_Bird_Aspen_DH37_piezo,9.26518372426121e-06,,3.891964648591098e-06,,6.8235391962903505e-06,,3.677892354304775e-06,,4.419488169541551e-06,,2.606203328015323e-06,
3636,Vi_Yamaha_F335_mic_to_Bird_Aspen_DH37_mic,5.840625981792424e-06,,5.15238427950241e-06,,4.858370131877522e-06,,3.1218093958820012e-06,,3.1934433366305032e-06,,3.911563667120168e-06,
3637,Vi_Yamaha_F335_mic_to_Bird_Aspen_DH37_piezo,3.2170703757093646e-06,,3.310952485499451e-06,,3.965476114981339e-06,,4.317118502956567e-06,,4.682092513937151e-06,,3.4911575221089073e-06,
3638,Vi_Yamaha_F335_piezo_to_Bird_Aspen_DH37_mic,4.747221912410592e-06,,4.2659669086590705e-06,,4.933038836174668e-06,,4.133870642290921e-06,,2.539213821035131e-06,,3.8280617685065715e-06,
3639,Vi_Yamaha_F335_piezo_to_Bird_Aspen_DH37_piezo,3.952397198066463e-06,,2.0824683118482335e-06,,4.825024846541975e-06,,4.579648557320477e-06,,4.680848658036601e-06,,3.574570801900065e-06,
3640,Vi_Yamaha_F335_mic_to_Bird_Aspen_DH37_mic,7.205661894774098e-06,,5.36008700216257e-06,,3.116513929430586e-06,,2.9890251028788817e-06,,3.344639914783364e-06,,4.250349714340147e-06,
3641,Vi_Yamaha_F335_mic_to_Bird_Aspen_DH37_piezo,3.1024649543440932e-06,,3.0810914340953544e-06,,3.356363437920412e-06,,3.853566764939762e-06,,3.7632238351706805e-06,,4.3974217502900105e-06,
3642,Vi_Yamaha_F335_piezo_to_Bird_Aspen_DH37_mic,3.764865096057522e-06,,5.7551599619754324e-06,,4.326649881284455e-06,,3.635412847463985e-06,,2.1254671143656994e-06,,2.811725338758731e-06,
3643,Vi_Yamaha_F335_piezo_to_Bird_Aspen_DH37_piezo,2.7085540897801216e-06,,3.2017630602963576e-06,,3.3893496724948575e-06,,4.428526423098339e-06,,3.85703881666812e-06,,3.8899424164160485e-06,
3644,Vi_Yamaha_F335_mic_to_Bird_Aspen_DH37_mic,5.257770210300632e-06,,5.154602336360471e-06,,7.610099036981519e-06,,2.794749126955734e-06,,2.9543335474419603e-06,,3.415361591878814e-06,
3645,Vi_Yamaha_F335_mic_to_Bird_Aspen_DH37_piezo,2.7833455370923753e-06,,2.692188340339352e-06,,3.0802741413543305e-06,,3.2783757100860247e-06,,3.8840198124436656e-06,,4.8465837849055815e-06,
3646,Vi_Yamaha_F335_piezo_to_Bird_Aspen_DH37_mic,4.600227658904001e-06,,2.9505692139536644e-06,,5.784132447403003e-06,,2.3773669493917593e-06,,2.0892047751281517e-06,,2.4460926442741737e-06,
3647,Vi_Yamaha_F335_piezo_to_Bird_Aspen_DH37_piezo,4.899004424226263e-06,,2.451042619326369e-06,,5.2311134602034276e-06,,1.8655515255152756e-06,,3.846453084195735e-06,,2.9275531194373134e-06,
3648,Vi_Yamaha_F335_mic_to_Bird_Aspen_DH37_mic,5.52245811253957e-06,,8.142020892377361e-06,,4.407850122013917e-06,,2.993614447948553e-06,,2.6007459695407388e-06,,3.8456232533455365e-06,
3649,Vi_Yamaha_F335_mic_to_Bird_Aspen_DH37_piezo,3.1299085081774816e-06,,2.739395067154025e-06,,3.0556296597435617e-06,,3.409611772878806e-06,,3.995963550355529e-06,,3.5914492494944503e-06,
3650,Vi_Yamaha_F335_piezo_to_Bird_Aspen_DH37_mic,4.823955225346977e-06,,2.8867372760692445e-06,,5.3249916672901225e-06,,2.111597182198414e-06,,3.4023165953643785e-06,,2.6299779328443405e-06,
3651,Vi_Yamaha_F335_piezo_to_Bird_Aspen_DH37_piezo,4.790857093624117e-06,,4.28007756351731e-06,,6.82717465054002e-06,,3.906040668662297e-06,,4.695639324143512e-06,,4.724579838830212e-06,
3652,Vi_Yamaha_F335_mic_to_Bird_Aspen_DH37_mic,4.234432585515108e-06,,6.83689400936701e-06,,4.468162982033929e-06,,3.1359394243717714e-06,,2.690254685574823e-06,,2.786628919094361e-06,
3653,Vi_Yamaha_F335_mic_to_Bird_Aspen_DH37_piezo,3.4011977027824828e-06,,2.8301116545055994e-06,,3.866147623761941e-06,,3.1965607866584977e-06,,3.6017448201599936e-06,,2.7810100132581065e-06,
3654,Vi_Yamaha_F335_piezo_to_Bird_Aspen_DH37_mic,3.92558253393219e-06,,3.8841459707946985e-06,,5.315720759402263e-06,,3.2589981325323734e-06,,2.476575345512006e-06,,3.1143344457144802e-06,
3655,Vi_Yamaha_F335_piezo_to_Bird_Aspen_DH37_piezo,2.9702516365436576e-06,,2.348643402323451e-06,,5.062639974268606e-06,,4.900557436539603e-06,,3.1130615306096874e-06,,5.316526973382852e-06,
3656,Vi_Yamaha_F335_mic_to_Bird_Aspen_DH37_mic,3.806744394310101e-06,,7.631690158194366e-06,,5.6585013511069706e-06,,3.210103945464645e-06,,4.486348385241313e-06,,3.7279831983205956e-06,
3657,Vi_Yamaha_F335_mic_to_Bird_Aspen_DH37_piezo,3.2648353954562e-06,,3.146322165377903e-06,,3.2678817688669658e-06,,2.785658127966108e-06,,3.2905930159761746e-06,,3.719826585794904e-06,
3658,Vi_Yamaha_F335_piezo_to_Bird_Aspen_DH37_mic,4.669784227101923e-06,,3.180213563039838e-06,,4.953658166720083e-06,,2.8511022098639e-06,,2.3607546106388985e-06,,2.2258074989241128e-06,
3659,Vi_Yamaha_F335_piezo_to_Bird_Aspen_DH37_piezo,4.270667741573431e-06,,2.311618704396541e-06,,4.471789655458607e-06,,4.626153658822806e-06,,3.917535272955738e-06,,5.529900095734652e-06,
3660,Vi_Yamaha_F335_mic_to_Bird_Aspen_DH37_mic,5.648110073337163e-06,,6.760350550871907e-06,,4.685115294732529e-06,,2.9331512007417583e-06,,3.0680651613420442e-06,,2.7471658770629137e-06,
3661,Vi_Yamaha_F335_mic_to_Bird_Aspen_DH37_piezo,2.5145706678925707e-06,,2.5847567273958546e-06,,3.697059298902038e-06,,3.912698600819846e-06,,4.645083160229437e-06,,2.8946887638482226e-06,
3662,Vi_Yamaha_F335_piezo_to_Bird_Aspen_DH37_mic,4.6870710968254545e-06,,3.535050522749069e-06,,3.1908373524884746e-06,,2.222230704449917e-06,,2.3836390814954128e-06,,2.9007794287402396e-06,
3663,Vi_Yamaha_F335_piezo_to_Bird_Aspen_DH37_piezo,4.5471437757604045e-06,,3.5919777086055728e-06,,5.912619505877244e-06,,3.058123208236247e-06,,3.9526482586709284e-06,,3.5856496389918564e-06,
3664,Vi_Yamaha_F335_mic_to_Bird_Aspen_DH37_mic,7.774042611354882e-06,,7.677244902869048e-06,,4.858525556340856e-06,,2.728874219138188e-06,,2.9795984165318016e-06,,2.7098352485577007e-06,
3665,Vi_Yamaha_F335_mic_to_Bird_Aspen_DH37_piezo,2.746794555660551e-06,,2.571985966526612e-06,,3.3752712275907572e-06,,3.6535648262031347e-06,,4.006555235605967e-06,,2.8848195322160887e-06,
3666,Vi_Yamaha_F335_piezo_to_Bird_Aspen_DH37_mic,5.281295428082678e-06,,4.513245177638985e-06,,3.377915607923112e-06,,3.7283924393118635e-06,,2.2807043142892908e-06,,2.7387709421367643e-06,
3667,Vi_Yamaha_F335_piezo_to_Bird_Aspen_DH37_piezo,2.5212307373471536e-06,,2.1496231169179543e-06,,3.73798262498305e-06,,4.857957552842177e-06,,3.990795642673647e-06,,5.036771461635426e-06,
3668,Vi_Yamaha_F335_mic_to_Bird_Aspen_DH37_mic,5.54067461607442e-06,,4.460001975518269e-06,,8.973340397725893e-06,,3.264307833454253e-06,,3.7295236250512155e-06,,2.9649603819154217e-06,
3669,Vi_Yamaha_F335_mic_to_Bird_Aspen_DH37_piezo,2.9736480198609328e-06,,3.07107114506729e-06,,3.004404026675422e-06,,4.759324455908223e-06,,4.4299704372176055e-06,,4.815256843064554e-06,
3670,Vi_Yamaha_F335_piezo_to_Bird_Aspen_DH37_mic,3.29577311632138e-06,,4.728555143677731e-06,,3.4939436790070565e-06,,2.3857691414739944e-06,,2.6434668496882995e-06,,3.1304153885212463e-06,
3671,Vi_Yamaha_F335_piezo_to_Bird_Aspen_DH37_piezo,9.710177881282082e-06,,3.614597106309329e-06,,6.646739091275675e-06,,2.0213137789318652e-06,,5.112424871400985e-06,,4.775245777651049e-06,
3672,Vi_Yamaha_F335_mic_to_Bird_Aspen_DH37_mic,5.9895974657397925e-06,,6.238236539933833e-06,,4.119219778314208e-06,,3.994394261319139e-06,,3.2803030060991057e-06,,3.6730531851516476e-06,
3673,Vi_Yamaha_F335_mic_to_Bird_Aspen_DH37_piezo,2.2077465710363743e-06,,2.213180089691209e-06,,2.761495887757948e-06,,3.7770525489626737e-06,,3.7766094933827937e-06,,4.737784666088584e-06,
3674,Vi_Yamaha_F335_piezo_to_Bird_Aspen_DH37_mic,6.215396222251881e-06,,3.0066307593058264e-06,,5.701969579794884e-06,,2.9809815915038975e-06,,3.214325029803395e-06,,2.647310265236549e-06,
3675,Vi_Yamaha_F335_piezo_to_Bird_Aspen_DH37_piezo,4.42595053171301e-06,,4.316458889927818e-06,,7.447832085442104e-06,,4.4683662454363724e-06,,3.1154128933244144e-06,,3.0949946912142277e-06,
3676,Vi_Yamaha_F335_mic_to_Bird_Aspen_DH37_mic,4.86772395326924e-06,,5.997136006487055e-06,,4.017819592690329e-06,,3.385389153069038e-06,,3.201203891901141e-06,,3.7853856044545154e-06,
3677,Vi_Yamaha_F335_mic_to_Bird_Aspen_DH37_piezo,2.1899868451612287e-06,,2.1692171540776413e-06,,2.5974258536145677e-06,,3.7567377483811823e-06,,3.6469351918105386e-06,,4.732396198042701e-06,
3678,Vi_Yamaha_F335_piezo_to_Bird_Aspen_DH37_mic,5.974841987485422e-06,,4.394008528934637e-06,,5.5642048211395585e-06,,2.6976768838320397e-06,,3.2171195279888113e-06,,2.308126977277705e-06,
3679,Vi_Yamaha_F335_piezo_to_Bird_Aspen_DH37_piezo,2.6609266418140454e-06,,9.886493465775886e-06,,6.070030068096082e-06,,2.6141370187311435e-06,,4.662887812423468e-06,,2.3726290376308686e-06,
3680,Vi_Yamaha_F335_mic_to_Bird_Aspen_DH37_mic,3.845157549169381e-06,,5.531765386441907e-06,,2.6445015438687645e-06,,3.02350429303478e-06,,3.206827365640767e-06,,4.176583627768889e-06,
3681,Vi_Yamaha_F335_mic_to_Bird_Aspen_DH37_piezo,2.240247009688223e-06,,2.203065739051629e-06,,2.8756161362957726e-06,,4.017082523033505e-06,,3.819600813016254e-06,,3.574720566172741e-06,
3682,Vi_Yamaha_F335_piezo_to_Bird_Aspen_DH37_mic,3.4241116537672486e-06,,3.786770015618418e-06,,3.9559389555990866e-06,,2.153067071171504e-06,,2.5161424618292187e-06,,2.413935316771282e-06,
3683,Vi_Yamaha_F335_piezo_to_Bird_Aspen_DH37_piezo,5.831385961478901e-06,,3.838171417730843e-06,,3.998105899331178e-06,,4.322148831221364e-06,,4.029636291271161e-06,,3.2158532437443796e-06,
3684,Vi_Yamaha_F335_mic_to_Bird_Aspen_DH37_mic,6.416039832923592e-06,,5.567647722998281e-06,,5.2726629683460204e-06,,3.2798338746542264e-06,,3.29993598641411e-06,,3.899332739244355e-06,
3685,Vi_Yamaha_F335_mic_to_Bird_Aspen_DH37_piezo,3.2720618489664024e-06,,3.492157534643785e-06,,4.092448971846326e-06,,3.988385789539086e-06,,4.980947565681504e-06,,3.3025272592972383e-06,
3686,Vi_Yamaha_F335_piezo_to_Bird_Aspen_DH37_mic,3.5801325244644507e-06,,3.914267746184172e-06,,3.6491134019494034e-06,,4.109290751509396e-06,,2.5303276488342238e-06,,4.014863128607134e-06,
3687,Vi_Yamaha_F335_piezo_to_Bird_Aspen_DH37_piezo,3.5246365360869052e-06,,2.0431737338737684e-06,,2.92095978881609e-06,,3.2225670778356083e-06,,4.647385708608454e-06,,2.9760188489067993e-06,
3688,Vi_Yamaha_F335_mic_to_Bird_Aspen_DH37_mic,5.348871459938812e-06,,5.157190139207499e-06,,4.7275619273260026e-06,,3.2134771717140667e-06,,3.2179532847000845e-06,,3.81432230790496e-06,
3689,Vi_Yamaha_F335_mic_to_Bird_Aspen_DH37_piezo,3.0904072337370804e-06,,3.05221197770832e-06,,3.375591179459773e-06,,3.98822211338199e-06,,3.7875460753673663e-06,,4.695540458344716e-06,
3690,Vi_Yamaha_F335_piezo_to_Bird_Aspen_DH37_mic,3.558594357893607e-06,,3.3595894606354486e-06,,4.6788915907654675e-06,,3.7119002055355575e-06,,2.066620150473236e-06,,2.964435321619483e-06,
3691,Vi_Yamaha_F335_piezo_to_Bird_Aspen_DH37_piezo,2.669951336578731e-06,,3.073529472741423e-06,,3.7296824215297612e-06,,4.521016708149192e-06,,4.203307053590444e-06,,3.6823205854170035e-06,
3692,Vi_Yamaha_F335_mic_to_Bird_Aspen_DH37_mic,6.933488453758874e-06,,5.716681201113714e-06,,3.2154640686150506e-06,,2.6886188607338175e-06,,2.9257679129500547e-06,,4.24181711238018e-06,
3693,Vi_Yamaha_F335_mic_to_Bird_Aspen_DH37_piezo,2.381027638090663e-06,,2.203021541134647e-06,,3.1583576782047386e-06,,2.714451502542609e-06,,2.6235342541148546e-06,,4.14843293393231e-06,
3694,Vi_Yamaha_F335_piezo_to_Bird_Aspen_DH37_mic,4.0188177779836915e-06,,2.9848722824955715e-06,,5.958682172411825e-06,,2.179669279639039e-06,,2.1921983618228686e-06,,2.2556202871638412e-06,
3695,Vi_Yamaha_F335_piezo_to_Bird_Aspen_DH37_piezo,3.42847725127358e-06,,6.210282873468663e-06,,6.319684605103081e-06,,2.6234253946332843e-06,,2.514924177552337e-06,,2.4590586389672765e-06,
3696,Vi_Yamaha_F335_mic_to_Bird_Aspen_DH37_mic,4.708487592924993e-06,,8.826463083203955e-06,,3.833776291011016e-06,,2.8305222164719968e-06,,3.2565283651113933e-06,,4.08936475378326e-06,
3697,Vi_Yamaha_F335_mic_to_Bird_Aspen_DH37_piezo,5.38228102152983e-06,,4.451560766041629e-06,,4.951239352599241e-06,,3.2965464876061244e-06,,3.593463219532659e-06,,2.327018812062624e-06,
3698,Vi_Yamaha_F335_piezo_to_Bird_Aspen_DH37_mic,3.614358369345333e-06,,3.031755258185267e-06,,3.990126106541895e-06,,4.055155526828349e-06,,2.7801995908322883e-06,,3.3753912369760846e-06,
3699,Vi_Yamaha_F335_piezo_to_Bird_Aspen_DH37_piezo,7.876922616901515e-06,,3.799944606872426e-06,,3.905149381774682e-06,,2.9858398192396976e-06,,5.56838906331497e-06,,2.9524812027558866e-06,
3700,Vi_Yamaha_F335_mic_to_Bird_Aspen_DH37_mic,4.50863588963155e-06,,5.681786328724252e-06,,4.335193320091745e-06,,2.8499772319071625e-06,,3.3355744001504646e-06,,3.2589886398065855e-06,
3701,Vi_Yamaha_F335_mic_to_Bird_Aspen_DH37_piezo,2.9520366127482525e-06,,2.5193629464847904e-06,,3.7803960881718524e-06,,4.100052880665252e-06,,3.458501330406648e-06,,3.5306811963791848e-06,
3702,Vi_Yamaha_F335_piezo_to_Bird_Aspen_DH37_mic,3.3109960272108153e-06,,2.816533416801616e-06,,5.463565330234431e-06,,2.046696767015364e-06,,3.3512532937713996e-06,,2.185984040508268e-06,
3703,Vi_Yamaha_F335_piezo_to_Bird_Aspen_DH37_piezo,3.473347355500698e-06,,4.8930806220502045e-06,,4.15634642962418e-06,,4.809176871138672e-06,,5.770924390692146e-06,,5.578025614547342e-06,
3704,Vi_Yamaha_F335_mic_to_Bird_Aspen_DH37_mic,6.0217711652111424e-06,,8.648947819711842e-06,,6.0463583619634435e-06,,2.292375589526162e-06,,2.6694797230718088e-06,,3.0430152131989553e-06,
3705,Vi_Yamaha_F335_mic_to_Bird_Aspen_DH37_piezo,4.934018687851033e-06,,2.5481518576299708e-06,,4.950556473525206e-06,,2.450937387944753e-06,,3.991935558919938e-06,,3.3374092467250122e-06,
3706,Vi_Yamaha_F335_piezo_to_Bird_Aspen_DH37_mic,4.724577177849013e-06,,2.8772899450064665e-06,,5.855969100742112e-06,,2.4816684586581146e-06,,3.269609303312643e-06,,2.1935513479746044e-06,
3707,Vi_Yamaha_F335_piezo_to_Bird_Aspen_DH37_piezo,6.095047192499481e-06,,3.2960838339600693e-06,,6.903455976004642e-06,,5.22938038763139e-06,,5.639974905779289e-06,,3.3264421451155306e-06,
3708,Vi_Yamaha_F335_mic_to_Bird_Aspen_DH37_mic,7.651186064328848e-06,,7.611556258412884e-06,,4.2684598828629434e-06,,2.762449920794265e-06,,2.646881134307079e-06,,2.8776244181665996e-06,
3709,Vi_Yamaha_F335_mic_to_Bird_Aspen_DH37_piezo,2.905538037054076e-06,,2.9816117956686055e-06,,4.734635297085377e-06,,3.0493031858783187e-06,,3.7203800656380187e-06,,2.716111745203702e-06,
3710,Vi_Yamaha_F335_piezo_to_Bird_Aspen_DH37_mic,6.378727885409699e-06,,2.6350622393170515e-06,,4.095334811151679e-06,,2.3702627272834337e-06,,2.2425529885682016e-06,,3.493946870297261e-06,
3711,Vi_Yamaha_F335_piezo_to_Bird_Aspen_DH37_piezo,4.331291381953124e-06,,4.590226187876391e-06,,9.854178151291685e-06,,5.2082942956961085e-06,,2.8248230533835345e-06,,4.12132821178263e-06,
3712,Vi_Yamaha_F335_mic_to_Bird_Aspen_DH37_mic,4.826679385455685e-06,,8.634893019662742e-06,,3.1764807971691327e-06,,2.8631156483348044e-06,,3.025256690946598e-06,,3.0264231808390566e-06,
3713,Vi_Yamaha_F335_mic_to_Bird_Aspen_DH37_piezo,2.522083536626968e-06,,4.441518319196608e-06,,3.7335004263272516e-06,,2.7141969770415416e-06,,2.984960102112203e-06,,3.133077882783815e-06,
3714,Vi_Yamaha_F335_piezo_to_Bird_Aspen_DH37_mic,5.026722444244162e-06,,6.916538199985729e-06,,4.17004700581324e-06,,3.1239887092047313e-06,,2.583477536747235e-06,,2.9360918812836915e-06,
3715,Vi_Yamaha_F335_piezo_to_Bird_Aspen_DH37_piezo,5.539216643727939e-06,,5.107353115728401e-06,,6.451433619842508e-06,,3.3686570550518234e-06,,3.4116135373540487e-06,,5.655835047073836e-06,
3716,Vi_Yamaha_F335_mic_to_Bird_Aspen_DH37_mic,6.879545429018539e-06,,9.008620742304042e-06,,4.7973364225015485e-06,,2.9730441234788695e-06,,2.767175719659557e-06,,2.9958462963308523e-06,
3717,Vi_Yamaha_F335_mic_to_Bird_Aspen_DH37_piezo,2.8906661871991666e-06,,3.7286212024393397e-06,,3.94270866875604e-06,,2.8067208421719224e-06,,2.891350541501939e-06,,3.2330079702871185e-06,
3718,Vi_Yamaha_F335_piezo_to_Bird_Aspen_DH37_mic,6.163303549004767e-06,,3.1995186713098727e-06,,6.7000232872175135e-06,,2.3630691286003678e-06,,2.819902646668887e-06,,3.6482576637508283e-06,
3719,Vi_Yamaha_F335_piezo_to_Bird_Aspen_DH37_piezo,2.785946053304218e-06,,3.497717144574254e-06,,5.672769083853742e-06,,4.2996247699427196e-06,,4.780277768248805e-06,,4.771903521401028e-06,
3720,Vi_Yamaha_F335_mic_to_Bird_Aspen_DH37_mic,7.896387306840928e-06,,8.118092261867264e-06,,3.515734204079196e-06,,3.5972611632255895e-06,,3.304707433857383e-06,,4.225775495527657e-06,
3721,Vi_Yamaha_F335_mic_to_Bird_Aspen_DH37_piezo,2.0762295704343878e-06,,2.2632002260885246e-06,,2.35838486854277e-06,,3.6260539644644885e-06,,3.4279588663514074e-06,,4.292142286973188e-06,
3722,Vi_Yamaha_F335_piezo_to_Bird_Aspen_DH37_mic,5.766734425060859e-06,,2.022687491193487e-06,,4.900002481479866e-06,,2.6519065659583974e-06,,2.659378040936463e-06,,2.6918060665035403e-06,
3723,Vi_Yamaha_F335_piezo_to_Bird_Aspen_DH37_piezo,4.477152830048863e-06,,2.8427496585914774e-06,,3.745322170461136e-06,,2.800687032572494e-06,,4.754338169085309e-06,,1.9652634891875916e-06,
3724,Vi_Yamaha_F335_mic_to_Bird_Aspen_DH37_mic,5.847738038034391e-06,,6.188041458645247e-06,,3.6116309544476422e-06,,2.68813041624333e-06,,3.4166137621430903e-06,,4.09415451124583e-06,
3725,Vi_Yamaha_F335_mic_to_Bird_Aspen_DH37_piezo,2.073155936702203e-06,,2.286892503653348e-06,,2.2876907227109204e-06,,3.570699310919129e-06,,3.3745348891377147e-06,,3.929687384907818e-06,
3726,Vi_Yamaha_F335_piezo_to_Bird_Aspen_DH37_mic,3.760803021667305e-06,,2.130312089887756e-06,,4.731274250178683e-06,,3.4936295684478534e-06,,2.798288794868809e-06,,2.870350108855461e-06,
3727,Vi_Yamaha_F335_piezo_to_Bird_Aspen_DH37_piezo,5.464037632640363e-06,,3.1882381315464313e-06,,4.4617896171658034e-06,,3.5992232428468322e-06,,2.5794035046419466e-06,,2.1939341130386788e-06,
3728,Vi_Yamaha_F335_mic_to_Bird_Aspen_DH37_mic,3.929269712094007e-06,,4.654968852159857e-06,,5.355417145347838e-06,,3.6515755126499724e-06,,2.7304384129660476e-06,,3.145377197127223e-06,
3729,Vi_Yamaha_F335_mic_to_Bird_Aspen_DH37_piezo,2.1857225671533345e-06,,2.3897615475949347e-06,,2.5714654159818415e-06,,3.3976933238459438e-06,,3.7553465195962656e-06,,3.772484412392393e-06,
3730,Vi_Yamaha_F335_piezo_to_Bird_Aspen_DH37_mic,5.950143365750144e-06,,2.0984568561333667e-06,,5.934197642754981e-06,,3.4782842099597824e-06,,2.0911581610442957e-06,,2.893607463247632e-06,
3731,Vi_Yamaha_F335_piezo_to_Bird_Aspen_DH37_piezo,3.15314873327575e-06,,3.4194213812290294e-06,,4.370070822726329e-06,,2.463401834372732e-06,,4.497393088894038e-06,,2.213753470345639e-06,
3732,Vi_Yamaha_F335_mic_to_Bird_Aspen_DH37_mic,5.925643810265378e-06,,6.409738802712949e-06,,3.2423225535993963e-06,,3.358144388115652e-06,,3.5668162770118483e-06,,4.191706500661872e-06,
3733,Vi_Yamaha_F335_mic_to_Bird_Aspen_DH37_piezo,3.0405941809702015e-06,,2.9383816524545217e-06,,4.9720850992612585e-06,,4.42166874203015e-06,,4.080649931569002e-06,,4.31031504547147e-06,
3734,Vi_Yamaha_F335_piezo_to_Bird_Aspen_DH37_mic,2.6577275993119256e-06,,3.1212542303569586e-06,,4.802160364809753e-06,,2.054480617857624e-06,,2.4432717118981674e-06,,4.744967775885549e-06,
3735,Vi_Yamaha_F335_piezo_to_Bird_Aspen_DH37_piezo,2.760957378216395e-06,,2.8331735983113634e-06,,3.0078189490039216e-06,,2.331979792784303e-06,,3.1989523791032566e-06,,2.83283199704079e-06,
3736,Vi_Yamaha_F335_mic_to_Bird_Aspen_DH37_mic,6.219991246367169e-06,,7.4360152135349975e-06,,3.364126842212923e-06,,3.480562972675785e-06,,3.0870694502438553e-06,,3.5192274412223945e-06,
3737,Vi_Yamaha_F335_mic_to_Bird_Aspen_DH37_piezo,2.8040351323979366e-06,,2.9039974945950598e-06,,3.768733738741385e-06,,4.0703432217843066e-06,,4.70525127551158e-06,,4.308692354522748e-06,
3738,Vi_Yamaha_F335_piezo_to_Bird_Aspen_DH37_mic,3.8333280295008185e-06,,4.059156421878177e-06,,6.349280881773051e-06,,2.5286404689738864e-06,,2.303783909152691e-06,,2.549931870941141e-06,
3739,Vi_Yamaha_F335_piezo_to_Bird_Aspen_DH37_piezo,4.058232506298092e-06,,9.24949277325436e-06,,3.1915718816906686e-06,,2.600271690673899e-06,,2.493790174624745e-06,,2.548167624330458e-06,
3740,Vi_Yamaha_F335_mic_to_Bird_Aspen_DH37_mic,3.1638735104036787e-06,,7.443176278398132e-06,,2.4519209401484242e-06,,3.7954357705708207e-06,,3.8471741261927726e-06,,4.4339663944374545e-06,
3741,Vi_Yamaha_F335_mic_to_Bird_Aspen_DH37_piezo,3.9972049985968865e-06,,3.164233103439645e-06,,5.1409893007506424e-06,,2.387684619365404e-06,,2.2570850970713443e-06,,2.9741461862054322e-06,
3742,Vi_Yamaha_F335_piezo_to_Bird_Aspen_DH37_mic,5.9372972796172506e-06,,2.36642058525242e-06,,5.904808241077834e-06,,3.382991250257399e-06,,2.4527970525006993e-06,,2.4288854487665833e-06,
3743,Vi_Yamaha_F335_piezo_to_Bird_Aspen_DH37_piezo,5.635369343751125e-06,,3.5285168024436313e-06,,4.303574995067145e-06,,3.5220564388788855e-06,,3.015876565068212e-06,,2.6422622242294395e-06,
3744,Vi_Yamaha_F335_mic_to_good_takamine_EG523SC_mic,2.6594015714878327e-06,,1.6196267787028974e-06,,1.976105594766074e-06,,2.8368542648308855e-06,,3.4522125765386956e-06,,6.5066054708494455e-06,
3745,Vi_Yamaha_F335_mic_to_good_takamine_EG523SC_piezo,1.3208030051200853e-06,,1.2901412217969727e-06,,1.8777476637151788e-06,,1.3379759641831378e-06,,1.354933260045126e-06,,2.042090692086578e-06,
3746,Vi_Yamaha_F335_piezo_to_good_takamine_EG523SC_mic,2.452340993288025e-06,,2.5802588639250786e-06,,3.289206055289512e-06,,2.9413172551156e-06,,2.953024682453457e-06,,2.470076173677827e-06,
3747,Vi_Yamaha_F335_piezo_to_good_takamine_EG523SC_piezo,1.53861746438136e-06,,2.8067053579053177e-06,,2.3287841207234204e-06,,1.9651970278791386e-06,,2.7808198507114276e-06,,2.6108696640310204e-06,
3748,Vi_Yamaha_F335_mic_to_good_takamine_EG523SC_mic,1.6719313625790483e-06,,1.6074641066425184e-06,,2.0095896234407328e-06,,3.543683690070916e-06,,4.8444041547596075e-06,,5.55462014420592e-06,
3749,Vi_Yamaha_F335_mic_to_good_takamine_EG523SC_piezo,1.3254924074552905e-06,,1.346565707168951e-06,,1.8484051259162807e-06,,1.3656215036902809e-06,,1.4950940958094458e-06,,2.015120383749205e-06,
3750,Vi_Yamaha_F335_piezo_to_good_takamine_EG523SC_mic,2.7575021577454012e-06,,2.369959542624016e-06,,2.6814174243695304e-06,,3.8087961283298446e-06,,3.3659447849091942e-06,,3.0633423897546215e-06,
3751,Vi_Yamaha_F335_piezo_to_good_takamine_EG523SC_piezo,1.7775139658721122e-06,,1.8376846660844035e-06,,2.194794870626294e-06,,1.7316276671963977e-06,,1.7550083863405145e-06,,2.6654336912871415e-06,
3752,Vi_Yamaha_F335_mic_to_good_takamine_EG523SC_mic,2.0226469784535348e-06,,1.6700178151399148e-06,,2.1261524094023632e-06,,3.139143690289598e-06,,4.451849364523325e-06,,5.3420609381965265e-06,
3753,Vi_Yamaha_F335_mic_to_good_takamine_EG523SC_piezo,1.8441916874821916e-06,,1.4298870970468125e-06,,1.9064292944421838e-06,,2.1215879163328466e-06,,1.8010665158981992e-06,,2.0790660674686286e-06,
3754,Vi_Yamaha_F335_piezo_to_good_takamine_EG523SC_mic,2.742166546754456e-06,,2.3784897826884296e-06,,3.0688517596505065e-06,,2.3416681447991e-06,,3.1528106079927037e-06,,3.6983175303482577e-06,
3755,Vi_Yamaha_F335_piezo_to_good_takamine_EG523SC_piezo,1.338878076980808e-06,,1.8357841126969563e-06,,2.2841294182651997e-06,,2.2888959069089167e-06,,2.6000837443228024e-06,,3.1669383894457853e-06,
3756,Vi_Yamaha_F335_mic_to_good_takamine_EG523SC_mic,2.022098942372934e-06,,1.7479776360295566e-06,,2.1376307957325853e-06,,3.3502601922485787e-06,,4.850085823610249e-06,,5.414078327699761e-06,
3757,Vi_Yamaha_F335_mic_to_good_takamine_EG523SC_piezo,1.4468054991461058e-06,,1.460805889705299e-06,,1.393536743909801e-06,,2.119980348241623e-06,,1.831069893328977e-06,,1.7055380436506167e-06,
3758,Vi_Yamaha_F335_piezo_to_good_takamine_EG523SC_mic,1.69775313692422e-06,,1.7719282810253457e-06,,2.75146891002143e-06,,2.0514447112183253e-06,,3.388573622701266e-06,,3.278873366573483e-06,
3759,Vi_Yamaha_F335_piezo_to_good_takamine_EG523SC_piezo,1.5863345396245553e-06,,1.3818224504039635e-06,,2.0416137542050813e-06,,1.5166818716596868e-06,,1.822577157460685e-06,,2.020944040095343e-06,
3760,Vi_Yamaha_F335_mic_to_good_takamine_EG523SC_mic,1.774709752063634e-06,,1.6086736299769107e-06,,2.191856453700826e-06,,2.486813219978475e-06,,4.010839260379803e-06,,4.508148980210047e-06,
3761,Vi_Yamaha_F335_mic_to_good_takamine_EG523SC_piezo,1.2759618607882733e-06,,1.4005718020754206e-06,,1.3259723221125788e-06,,1.9763156974656624e-06,,2.0875317946394458e-06,,1.6294195747326313e-06,
3762,Vi_Yamaha_F335_piezo_to_good_takamine_EG523SC_mic,2.8717928053654564e-06,,2.3264039086168565e-06,,4.22202537734642e-06,,3.4599011524601837e-06,,3.4645011517766276e-06,,5.343362954470882e-06,
3763,Vi_Yamaha_F335_piezo_to_good_takamine_EG523SC_piezo,1.8964856672256017e-06,,1.5727319622116353e-06,,2.0263324440770147e-06,,2.0546277194199217e-06,,1.8132962555373407e-06,,2.1459575737255723e-06,
3764,Vi_Yamaha_F335_mic_to_good_takamine_EG523SC_mic,1.8934310414424146e-06,,1.6447238305574376e-06,,2.320891896916402e-06,,2.9381434608682583e-06,,4.5089271208507635e-06,,4.716004515128713e-06,
3765,Vi_Yamaha_F335_mic_to_good_takamine_EG523SC_piezo,1.5695867691016032e-06,,1.4709673735179125e-06,,1.326828831859527e-06,,2.215868019163401e-06,,2.5971107815230955e-06,,1.5894613955349746e-06,
3766,Vi_Yamaha_F335_piezo_to_good_takamine_EG523SC_mic,2.207254128723002e-06,,1.6679986462162135e-06,,2.9033828000849556e-06,,2.6610388998537925e-06,,2.5295100152385784e-06,,4.346521968886416e-06,
3767,Vi_Yamaha_F335_piezo_to_good_takamine_EG523SC_piezo,1.4198963424592124e-06,,1.4668494458334467e-06,,2.096770150098699e-06,,2.1002168865806626e-06,,1.984532714160707e-06,,2.076481199257576e-06,
3768,Vi_Yamaha_F335_mic_to_good_takamine_EG523SC_mic,2.4043103578511345e-06,,2.232837730508002e-06,,1.9334081179936007e-06,,3.4866021686512515e-06,,4.203038011717102e-06,,6.018348877049745e-06,
3769,Vi_Yamaha_F335_mic_to_good_takamine_EG523SC_piezo,1.2829140377601594e-06,,1.293675854992947e-06,,1.5710331758898177e-06,,1.4266867661176064e-06,,1.4306729159454322e-06,,1.8531866189972185e-06,
3770,Vi_Yamaha_F335_piezo_to_good_takamine_EG523SC_mic,2.710831725233232e-06,,3.908732595115312e-06,,2.338255598618097e-06,,3.9512970801051585e-06,,2.455401256366214e-06,,5.044860785948637e-06,
3771,Vi_Yamaha_F335_piezo_to_good_takamine_EG523SC_piezo,1.2578716906504684e-06,,1.3301912304923973e-06,,1.4364217946189816e-06,,1.6318873504155574e-06,,1.3207884350077334e-06,,1.4914593395143165e-06,
3772,Vi_Yamaha_F335_mic_to_good_takamine_EG523SC_mic,2.3390069849730705e-06,,1.703001034059188e-06,,1.839011855539192e-06,,3.7807069230704235e-06,,4.255913273734614e-06,,5.370040957654662e-06,
3773,Vi_Yamaha_F335_mic_to_good_takamine_EG523SC_piezo,1.3208454642221908e-06,,1.3205410033715397e-06,,1.660203703675866e-06,,1.4502165475493562e-06,,1.4412712996882088e-06,,2.008370502267838e-06,
3774,Vi_Yamaha_F335_piezo_to_good_takamine_EG523SC_mic,2.0167195943097166e-06,,2.281230011793383e-06,,3.7958824835271205e-06,,4.026742648722936e-06,,3.674661214187674e-06,,2.8064637823658406e-06,
3775,Vi_Yamaha_F335_piezo_to_good_takamine_EG523SC_piezo,1.6202847690499854e-06,,2.4918419748442716e-06,,1.639321138716109e-06,,2.112456024481238e-06,,1.931509436940522e-06,,1.5069653528817944e-06,
3776,Vi_Yamaha_F335_mic_to_good_takamine_EG523SC_mic,2.787860036251102e-06,,1.8876565049236938e-06,,1.7791213607881858e-06,,2.7107118500025353e-06,,4.329697596115449e-06,,5.202116060214184e-06,
3777,Vi_Yamaha_F335_mic_to_good_takamine_EG523SC_piezo,1.352413711155267e-06,,1.3518980165094127e-06,,1.808505034041238e-06,,1.4414839322689463e-06,,1.4498936532151924e-06,,2.254848257636264e-06,
3778,Vi_Yamaha_F335_piezo_to_good_takamine_EG523SC_mic,2.648853433684245e-06,,3.2169181396227864e-06,,4.539985530875016e-06,,2.6678330979652006e-06,,2.8452827960660435e-06,,2.814647517021167e-06,
3779,Vi_Yamaha_F335_piezo_to_good_takamine_EG523SC_piezo,1.3778003066619446e-06,,1.5422833243891158e-06,,2.6691104993125277e-06,,1.9002964978662034e-06,,1.9276838805067995e-06,,3.0603152028965908e-06,
3780,Vi_Yamaha_F335_mic_to_good_takamine_EG523SC_mic,2.9042917020820335e-06,,2.8339130573711634e-06,,2.364350860207919e-06,,3.90092126535204e-06,,4.210885139181958e-06,,6.430525522399911e-06,
3781,Vi_Yamaha_F335_mic_to_good_takamine_EG523SC_piezo,1.4445474077306606e-06,,1.6910819889796947e-06,,1.45439746407697e-06,,1.6358053796409232e-06,,2.0398386864083777e-06,,1.851987679114721e-06,
3782,Vi_Yamaha_F335_piezo_to_good_takamine_EG523SC_mic,1.9962549286190827e-06,,2.326052597253891e-06,,2.7888853017026833e-06,,4.310261344277398e-06,,2.887039206768527e-06,,3.7212737426012686e-06,
3783,Vi_Yamaha_F335_piezo_to_good_takamine_EG523SC_piezo,1.1782498236712838e-06,,1.6728711230274026e-06,,2.2347869366016325e-06,,1.616871467787705e-06,,1.922545093741265e-06,,2.189127246455645e-06,
3784,Vi_Yamaha_F335_mic_to_good_takamine_EG523SC_mic,3.100683727698355e-06,,2.794140819958644e-06,,2.1083197371137694e-06,,3.268810335644574e-06,,3.7866376320368307e-06,,5.319493968831935e-06,
3785,Vi_Yamaha_F335_mic_to_good_takamine_EG523SC_piezo,2.589709294333654e-06,,1.7082695076203562e-06,,1.2346907006940386e-06,,1.4642914299509449e-06,,1.4521219748206243e-06,,1.621497922053631e-06,
3786,Vi_Yamaha_F335_piezo_to_good_takamine_EG523SC_mic,3.3209027372097215e-06,,2.9899014873253855e-06,,2.6201857732177276e-06,,4.186119174441684e-06,,3.992164076805162e-06,,3.4541463427926507e-06,
3787,Vi_Yamaha_F335_piezo_to_good_takamine_EG523SC_piezo,1.4499657805635042e-06,,1.995531816856265e-06,,2.061919620134823e-06,,2.1472263789806064e-06,,3.54440868492321e-06,,2.08180386594868e-06,
3788,Vi_Yamaha_F335_mic_to_good_takamine_EG523SC_mic,2.3042158141245815e-06,,2.0740267706459705e-06,,1.947778320894873e-06,,2.889636543786724e-06,,3.58020408821804e-06,,5.3943214185155734e-06,
3789,Vi_Yamaha_F335_mic_to_good_takamine_EG523SC_piezo,1.3960719103179368e-06,,1.6649109129834524e-06,,1.395251515321255e-06,,1.5864892851838159e-06,,1.7857700939968281e-06,,1.833707980090394e-06,
3790,Vi_Yamaha_F335_piezo_to_good_takamine_EG523SC_mic,2.3805790199933286e-06,,2.8157521804675384e-06,,3.4000385774941774e-06,,3.399124286061303e-06,,2.4884325036520824e-06,,3.580219980257974e-06,
3791,Vi_Yamaha_F335_piezo_to_good_takamine_EG523SC_piezo,1.7815012745078026e-06,,1.3430008818645507e-06,,2.001926910754762e-06,,2.6330774658963973e-06,,2.0726491328559287e-06,,2.0744987354911092e-06,
3792,Vi_Yamaha_F335_mic_to_good_takamine_EG523SC_mic,2.96753258627413e-06,,3.011353725857642e-06,,1.8726605285740864e-06,,2.0854547796769404e-06,,2.3058705841585525e-06,,5.598014597828433e-06,
3793,Vi_Yamaha_F335_mic_to_good_takamine_EG523SC_piezo,1.4164431870833088e-06,,1.4209218260469244e-06,,1.5103748943475789e-06,,1.4684297832382426e-06,,1.4546628342138522e-06,,1.7480073397084292e-06,
3794,Vi_Yamaha_F335_piezo_to_good_takamine_EG523SC_mic,2.1855841414063914e-06,,2.395589966900496e-06,,2.9986291304615537e-06,,2.6044735989510236e-06,,3.5880093332689983e-06,,5.3906362725246505e-06,
3795,Vi_Yamaha_F335_piezo_to_good_takamine_EG523SC_piezo,2.0461153585357142e-06,,1.8958114872395974e-06,,2.0900804240836943e-06,,2.0426016457697417e-06,,3.023571721010191e-06,,1.9285121551742906e-06,
3796,Vi_Yamaha_F335_mic_to_good_takamine_EG523SC_mic,2.1853920258480283e-06,,1.6257834620808947e-06,,2.0664161612185395e-06,,3.1646866861327065e-06,,2.861538423402533e-06,,4.477559348983741e-06,
3797,Vi_Yamaha_F335_mic_to_good_takamine_EG523SC_piezo,1.6544773028211297e-06,,1.6802900541985576e-06,,1.5775042501579629e-06,,2.084803622667733e-06,,2.0380220672772905e-06,,1.8533271112578007e-06,
3798,Vi_Yamaha_F335_piezo_to_good_takamine_EG523SC_mic,3.7924988390990146e-06,,1.4925140425968772e-06,,3.149763423368164e-06,,3.143842463207881e-06,,2.255682621480713e-06,,4.38848456941848e-06,
3799,Vi_Yamaha_F335_piezo_to_good_takamine_EG523SC_piezo,2.8479309984477555e-06,,4.204950847363439e-06,,2.271729395957827e-06,,2.503800067531381e-06,,2.0081125049031734e-06,,2.0203039373896967e-06,
3800,Vi_Yamaha_F335_mic_to_good_takamine_EG523SC_mic,2.1256108094578333e-06,,1.7179381094725512e-06,,2.5007986459284137e-06,,2.761919064060377e-06,,3.5880957070990827e-06,,4.7692671415786755e-06,
3801,Vi_Yamaha_F335_mic_to_good_takamine_EG523SC_piezo,1.4591789604112422e-06,,1.335247498758327e-06,,1.704191876182811e-06,,1.7076158950356505e-06,,1.6271486579273523e-06,,2.1289154815770783e-06,
3802,Vi_Yamaha_F335_piezo_to_good_takamine_EG523SC_mic,2.4289304617633677e-06,,1.50556096059192e-06,,2.877849022112038e-06,,3.596155367735467e-06,,2.4439510579634437e-06,,5.0161161576103704e-06,
3803,Vi_Yamaha_F335_piezo_to_good_takamine_EG523SC_piezo,2.0566134750387126e-06,,1.498310992413011e-06,,2.330040345047551e-06,,1.8306690683303932e-06,,1.672486739981932e-06,,2.201447356327298e-06,
3804,Vi_Yamaha_F335_mic_to_good_takamine_EG523SC_mic,2.3026196354453555e-06,,1.8139406458227867e-06,,1.9791978677441214e-06,,2.882802210050315e-06,,4.0218646967427024e-06,,5.110172024538916e-06,
3805,Vi_Yamaha_F335_mic_to_good_takamine_EG523SC_piezo,1.5512749957950494e-06,,2.166487459436717e-06,,1.3517795177965227e-06,,1.92100284366194e-06,,2.4529492825016062e-06,,1.7240780065949491e-06,
3806,Vi_Yamaha_F335_piezo_to_good_takamine_EG523SC_mic,2.412337003328632e-06,,1.68529091959583e-06,,3.849254380779066e-06,,3.063820729330787e-06,,2.5461965995078665e-06,,5.9217773919736835e-06,
3807,Vi_Yamaha_F335_piezo_to_good_takamine_EG523SC_piezo,1.9818978888183223e-06,,1.6974486962447642e-06,,2.008051113173734e-06,,1.7499762680227052e-06,,1.7696247460442828e-06,,2.0679807976634954e-06,
3808,Vi_Yamaha_F335_mic_to_good_takamine_EG523SC_mic,2.340000981132504e-06,,2.008057673577609e-06,,2.8965770030775828e-06,,3.3379156292772653e-06,,3.930207830842555e-06,,4.060764170515809e-06,
3809,Vi_Yamaha_F335_mic_to_good_takamine_EG523SC_piezo,2.6101960751906433e-06,,3.104958100194188e-06,,1.288232150423804e-06,,1.8819900215671214e-06,,1.8285720270617474e-06,,1.6681319576163018e-06,
3810,Vi_Yamaha_F335_piezo_to_good_takamine_EG523SC_mic,3.999533843741422e-06,,1.992441621405075e-06,,2.9756300567691793e-06,,2.5419019237220643e-06,,2.049813050151172e-06,,5.287641191087139e-06,
3811,Vi_Yamaha_F335_piezo_to_good_takamine_EG523SC_piezo,1.624859696232687e-06,,1.8004610341687083e-06,,2.0775245815128104e-06,,1.7816067931914961e-06,,1.76538397580205e-06,,2.618075584954605e-06,
3812,Vi_Yamaha_F335_mic_to_good_takamine_EG523SC_mic,3.4038309360088192e-06,,3.1257082564225257e-06,,2.4711976363450076e-06,,1.8107187926689755e-06,,2.2352698283387584e-06,,4.195657821671191e-06,
3813,Vi_Yamaha_F335_mic_to_good_takamine_EG523SC_piezo,1.5740749000170814e-06,,1.4139782855801577e-06,,1.287218134263692e-06,,1.7427340675220337e-06,,2.0636600079348225e-06,,1.687919492736496e-06,
3814,Vi_Yamaha_F335_piezo_to_good_takamine_EG523SC_mic,5.166686700264095e-06,,1.9708756203209913e-06,,3.524729135612388e-06,,2.1421350880633526e-06,,2.2772774633962576e-06,,4.656336520043179e-06,
3815,Vi_Yamaha_F335_piezo_to_good_takamine_EG523SC_piezo,1.7208099872079818e-06,,1.5954739651260547e-06,,2.3745061990310946e-06,,1.4957651856307293e-06,,1.5480709661920994e-06,,2.3883866481468727e-06,
3816,Vi_Yamaha_F335_mic_to_good_takamine_EG523SC_mic,2.936930239288044e-06,,2.2900017990806146e-06,,2.021576535711888e-06,,3.416808948145333e-06,,4.700726674248013e-06,,6.650891034074465e-06,
3817,Vi_Yamaha_F335_mic_to_good_takamine_EG523SC_piezo,1.2913059398520117e-06,,1.293087310501469e-06,,1.547851026217113e-06,,1.4474706720636768e-06,,1.4345036280371107e-06,,1.8252922621217222e-06,
3818,Vi_Yamaha_F335_piezo_to_good_takamine_EG523SC_mic,3.153545064880627e-06,,3.142002073457399e-06,,3.6525154916594932e-06,,2.867770180676504e-06,,2.3197205783166043e-06,,4.867558498140207e-06,
3819,Vi_Yamaha_F335_piezo_to_good_takamine_EG523SC_piezo,1.6452233651679229e-06,,1.3616468608360532e-06,,2.161201251498139e-06,,1.419887142336974e-06,,1.3345435128176726e-06,,1.405830368863214e-06,
3820,Vi_Yamaha_F335_mic_to_good_takamine_EG523SC_mic,2.474885347887399e-06,,1.624737348751865e-06,,1.8973666666343002e-06,,3.6906187168496935e-06,,4.25853475905027e-06,,5.4756767838789145e-06,
3821,Vi_Yamaha_F335_mic_to_good_takamine_EG523SC_piezo,1.3501784563287417e-06,,1.3269326961703724e-06,,1.7707002363519725e-06,,1.4911888899284204e-06,,1.4385451488830786e-06,,2.1997163169415756e-06,
3822,Vi_Yamaha_F335_piezo_to_good_takamine_EG523SC_mic,3.328194489931108e-06,,2.8726343367072283e-06,,3.388552716444149e-06,,3.347031684910292e-06,,3.0115104974693445e-06,,3.0487020906053248e-06,
3823,Vi_Yamaha_F335_piezo_to_good_takamine_EG523SC_piezo,1.2791982480443023e-06,,1.336707902471364e-06,,1.4016681284723651e-06,,2.34341798971077e-06,,2.126724993175441e-06,,2.883945436142095e-06,
3824,Vi_Yamaha_F335_mic_to_good_takamine_EG523SC_mic,2.866647492188509e-06,,2.056191100539666e-06,,1.8452415378829289e-06,,2.778850138351656e-06,,3.4712129959233457e-06,,5.7655308548259685e-06,
3825,Vi_Yamaha_F335_mic_to_good_takamine_EG523SC_piezo,1.3949166687851334e-06,,1.3691924483846782e-06,,2.060239237287031e-06,,1.4691010466579682e-06,,1.4372139493430965e-06,,2.396881522524291e-06,
3826,Vi_Yamaha_F335_piezo_to_good_takamine_EG523SC_mic,1.8320431638984914e-06,,3.2438766744008328e-06,,2.750529385756547e-06,,3.0795700444614583e-06,,2.9066877483773245e-06,,2.907058177347069e-06,
3827,Vi_Yamaha_F335_piezo_to_good_takamine_EG523SC_piezo,1.2378095691571823e-06,,1.3959051682881235e-06,,1.3622500205920047e-06,,1.6693203627078049e-06,,2.1508785251896582e-06,,2.846006061769217e-06,
3828,Vi_Yamaha_F335_mic_to_good_takamine_EG523SC_mic,2.7704795829434937e-06,,2.7141449853845394e-06,,2.2971849131490863e-06,,3.4532781873595848e-06,,3.902024837061856e-06,,5.930538845536284e-06,
3829,Vi_Yamaha_F335_mic_to_good_takamine_EG523SC_piezo,1.7047952227752757e-06,,1.5500677667108141e-06,,1.4464808287341122e-06,,1.6430567240451912e-06,,2.03960103470138e-06,,1.7563318435524531e-06,
3830,Vi_Yamaha_F335_piezo_to_good_takamine_EG523SC_mic,2.0536444567331985e-06,,2.371907952986188e-06,,2.1568676665805385e-06,,2.8189901977391493e-06,,3.7282364244190735e-06,,4.379830535080134e-06,
3831,Vi_Yamaha_F335_piezo_to_good_takamine_EG523SC_piezo,1.1623007038226528e-06,,1.754055339084375e-06,,2.8171735040126775e-06,,1.6377769887399667e-06,,2.361746191800006e-06,,2.2301701769783697e-06,
3832,Vi_Yamaha_F335_mic_to_good_takamine_EG523SC_mic,2.9567445919210853e-06,,2.645631495674301e-06,,2.1070811745317e-06,,3.09773782492045e-06,,3.5528954902691323e-06,,5.3021654615624195e-06,
3833,Vi_Yamaha_F335_mic_to_good_takamine_EG523SC_piezo,1.2454136741952354e-06,,1.6303164044252398e-06,,1.3238852257481484e-06,,1.441112559948719e-06,,1.6777574347448003e-06,,1.7298974434797526e-06,
3834,Vi_Yamaha_F335_piezo_to_good_takamine_EG523SC_mic,2.497601990162276e-06,,2.842488766709431e-06,,2.7073194270712267e-06,,3.8807185742857735e-06,,4.169944337894893e-06,,3.8129332960531285e-06,
3835,Vi_Yamaha_F335_piezo_to_good_takamine_EG523SC_piezo,1.5768068963601465e-06,,1.7227680245942492e-06,,2.089170151640852e-06,,2.278731110169346e-06,,2.4736658501226878e-06,,2.14380887479363e-06,
3836,Vi_Yamaha_F335_mic_to_good_takamine_EG523SC_mic,2.3314573551034422e-06,,2.061569795149983e-06,,1.821441866840175e-06,,2.800413854590726e-06,,3.299517309022141e-06,,5.091555343692663e-06,
3837,Vi_Yamaha_F335_mic_to_good_takamine_EG523SC_piezo,2.7174059225155226e-06,,3.6421887098834376e-06,,1.2918145909537704e-06,,1.516077496701308e-06,,1.2709867196332245e-06,,1.70858587898217e-06,
3838,Vi_Yamaha_F335_piezo_to_good_takamine_EG523SC_mic,2.473669143790848e-06,,2.867327715962989e-06,,3.2481823142646975e-06,,3.938710659333862e-06,,2.802975547821693e-06,,3.5673407851977387e-06,
3839,Vi_Yamaha_F335_piezo_to_good_takamine_EG523SC_piezo,1.5859505790653902e-06,,1.266529478433654e-06,,2.0035972046538224e-06,,2.1371060802224705e-06,,1.9487913951003278e-06,,2.073096816127662e-06,
3840,Vi_Yamaha_F335_mic_to_good_takamine_EG523SC_mic,2.1073403499675283e-06,,2.026315561011792e-06,,2.2897217764038595e-06,,3.094041882946971e-06,,4.1023703387842175e-06,,5.30198606569206e-06,
3841,Vi_Yamaha_F335_mic_to_good_takamine_EG523SC_piezo,1.2969654621975375e-06,,2.652258672015344e-06,,1.349553262707429e-06,,1.451888532773488e-06,,2.49196675438999e-06,,1.6592410148345918e-06,
3842,Vi_Yamaha_F335_piezo_to_good_takamine_EG523SC_mic,2.72378474747763e-06,,2.131071642016373e-06,,3.7128317589080494e-06,,4.281405452203644e-06,,2.998204096125483e-06,,3.2113617825576055e-06,
3843,Vi_Yamaha_F335_piezo_to_good_takamine_EG523SC_piezo,1.7520198687513741e-06,,1.3280171181881898e-06,,2.1534661557893372e-06,,1.688165595284187e-06,,2.2861298081865706e-06,,2.150350498821473e-06,
3844,Vi_Yamaha_F335_mic_to_good_takamine_EG523SC_mic,2.032393809443073e-06,,1.7306657294808749e-06,,1.8329266603627124e-06,,3.974787817878257e-06,,4.01881123803199e-06,,5.518609527955814e-06,
3845,Vi_Yamaha_F335_mic_to_good_takamine_EG523SC_piezo,2.3263125334089684e-06,,1.9060370021161833e-06,,1.4160029159946015e-06,,2.7113713223189574e-06,,2.0821111764070254e-06,,1.728625156894436e-06,
3846,Vi_Yamaha_F335_piezo_to_good_takamine_EG523SC_mic,2.3143959318694077e-06,,1.75677765769735e-06,,3.7771776445283468e-06,,3.5205322391532733e-06,,2.8078916510366966e-06,,5.130423949280016e-06,
3847,Vi_Yamaha_F335_piezo_to_good_takamine_EG523SC_piezo,1.731598205162133e-06,,1.6562833550763772e-06,,2.4038254488220655e-06,,1.9162678627531655e-06,,2.214700293227777e-06,,2.2345593553739305e-06,
3848,Vi_Yamaha_F335_mic_to_good_takamine_EG523SC_mic,2.3575424496250883e-06,,1.8074404330536943e-06,,1.702001199994421e-06,,2.928098103433898e-06,,4.941344908627559e-06,,5.290251703922213e-06,
3849,Vi_Yamaha_F335_mic_to_good_takamine_EG523SC_piezo,1.8639531397984779e-06,,1.6242999296796223e-06,,1.5553994737158166e-06,,2.3319345916561374e-06,,1.9657085134046166e-06,,1.7492521250166114e-06,
3850,Vi_Yamaha_F335_piezo_to_good_takamine_EG523SC_mic,2.679617748843e-06,,1.8494881262651401e-06,,4.974708476164858e-06,,2.919486661696597e-06,,2.0372753436139633e-06,,3.997118242211106e-06,
3851,Vi_Yamaha_F335_piezo_to_good_takamine_EG523SC_piezo,1.3899661295862979e-06,,1.2813303948253422e-06,,2.6562382407514536e-06,,2.5336254895738396e-06,,1.4611250933766651e-06,,2.579540605838722e-06,
3852,Vi_Yamaha_F335_mic_to_good_takamine_EG523SC_mic,2.1370454785002124e-06,,1.8419999157792503e-06,,2.3032639318639433e-06,,3.7428207000930365e-06,,4.5466268800852716e-06,,4.949005346907868e-06,
3853,Vi_Yamaha_F335_mic_to_good_takamine_EG523SC_piezo,1.5889868844413787e-06,,1.7794645329895013e-06,,1.37182339049989e-06,,1.893461268011724e-06,,3.103293659949901e-06,,1.7300531851056306e-06,
3854,Vi_Yamaha_F335_piezo_to_good_takamine_EG523SC_mic,2.145929532354051e-06,,1.856827624575242e-06,,3.4155578357765234e-06,,4.097236080547403e-06,,3.2332846586828183e-06,,5.096797873278849e-06,
3855,Vi_Yamaha_F335_piezo_to_good_takamine_EG523SC_piezo,1.608471039930178e-06,,1.5753852788024917e-06,,2.0544179068613403e-06,,2.3633630104014466e-06,,2.0275389171954153e-06,,2.0466965872662693e-06,
3856,Vi_Yamaha_F335_mic_to_good_takamine_EG523SC_mic,2.461637452055463e-06,,1.64151733261293e-06,,2.057164674691677e-06,,1.982406549261925e-06,,4.577744977453919e-06,,5.422433908435726e-06,
3857,Vi_Yamaha_F335_mic_to_good_takamine_EG523SC_piezo,1.7979614384349754e-06,,1.6339002526535467e-06,,1.3300545189752453e-06,,2.0505478214544114e-06,,2.274547959888876e-06,,1.8037200428124368e-06,
3858,Vi_Yamaha_F335_piezo_to_good_takamine_EG523SC_mic,2.1609765672939996e-06,,1.7525035928023855e-06,,2.6609515467747398e-06,,2.3559494299642193e-06,,2.8250959119466728e-06,,3.4909350719602988e-06,
3859,Vi_Yamaha_F335_piezo_to_good_takamine_EG523SC_piezo,1.6785360741025555e-06,,1.3945789749114743e-06,,2.077127721166334e-06,,1.8420209157649445e-06,,1.9261584144361606e-06,,2.1287664030395552e-06,
3860,Vi_Yamaha_F335_mic_to_good_takamine_EG523SC_mic,2.2283299097816122e-06,,1.6596815551172174e-06,,2.210382015189179e-06,,3.5708113396565364e-06,,5.660013118901851e-06,,4.126575503865079e-06,
3861,Vi_Yamaha_F335_mic_to_good_takamine_EG523SC_piezo,1.925393603594423e-06,,1.8062753912204231e-06,,1.305371109865374e-06,,2.6136021277487852e-06,,2.413949446297157e-06,,1.651603444137052e-06,
3862,Vi_Yamaha_F335_piezo_to_good_takamine_EG523SC_mic,1.8502202632335922e-06,,1.6414706572040604e-06,,2.7510261172485023e-06,,2.5245696610452213e-06,,2.636148119448683e-06,,2.9390323421069667e-06,
3863,Vi_Yamaha_F335_piezo_to_good_takamine_EG523SC_piezo,1.4562068085072063e-06,,1.756396200152776e-06,,2.2427999351528147e-06,,2.3557103440527274e-06,,2.355859344259305e-06,,2.1554764458462096e-06,
3864,Vi_Yamaha_F335_mic_to_good_takamine_EG523SC_mic,2.417949665817648e-06,,2.5485155793627894e-06,,2.318325663762645e-06,,4.329403776616861e-06,,4.006057889651477e-06,,5.9244860504587825e-06,
3865,Vi_Yamaha_F335_mic_to_good_takamine_EG523SC_piezo,1.4124588228769564e-06,,1.2979411998704894e-06,,1.5271428610752643e-06,,1.3452754687947395e-06,,1.4516368775754056e-06,,1.587635979318029e-06,
3866,Vi_Yamaha_F335_piezo_to_good_takamine_EG523SC_mic,3.2238749046146064e-06,,1.9625464708412935e-06,,2.066322599512067e-06,,3.73657231477808e-06,,3.5675371106124267e-06,,3.079776427399889e-06,
3867,Vi_Yamaha_F335_piezo_to_good_takamine_EG523SC_piezo,1.663662273296097e-06,,1.5581020355870009e-06,,2.522681585655551e-06,,1.8863390724345543e-06,,1.5069200454162257e-06,,2.7238419783609793e-06,
3868,Vi_Yamaha_F335_mic_to_good_takamine_EG523SC_mic,2.2738221504361223e-06,,1.930359215768549e-06,,2.138287773710363e-06,,4.340159783059971e-06,,4.0140876876031384e-06,,5.308393393740612e-06,
3869,Vi_Yamaha_F335_mic_to_good_takamine_EG523SC_piezo,1.3428413290749726e-06,,1.3206814746572032e-06,,1.4906528379332832e-06,,1.5411406895736317e-06,,1.471602703104453e-06,,1.6177121559764064e-06,
3870,Vi_Yamaha_F335_piezo_to_good_takamine_EG523SC_mic,2.310749347798806e-06,,2.4122798742815993e-06,,2.029756769997223e-06,,3.169660415814768e-06,,3.1265930973216117e-06,,4.007502610362327e-06,
3871,Vi_Yamaha_F335_piezo_to_good_takamine_EG523SC_piezo,1.703122881507618e-06,,1.3940096616805426e-06,,2.590819768235488e-06,,1.8316298586888123e-06,,2.1794259771101477e-06,,2.7173796927266006e-06,
3872,Vi_Yamaha_F335_mic_to_good_takamine_EG523SC_mic,2.7712885759545987e-06,,1.830789573307964e-06,,2.031270402326239e-06,,2.8402012186946393e-06,,4.6859695931612385e-06,,6.65984752954324e-06,
3873,Vi_Yamaha_F335_mic_to_good_takamine_EG523SC_piezo,1.319122750038529e-06,,1.276708531080182e-06,,1.4633522835273941e-06,,1.398120079507201e-06,,1.4852029126667663e-06,,1.5104167711733427e-06,
3874,Vi_Yamaha_F335_piezo_to_good_takamine_EG523SC_mic,2.169242186781112e-06,,2.2668533242444176e-06,,2.192750506622634e-06,,3.3143139378918798e-06,,2.713771331018798e-06,,4.494710194313661e-06,
3875,Vi_Yamaha_F335_piezo_to_good_takamine_EG523SC_piezo,1.5891257786471693e-06,,1.315777577424976e-06,,2.107938163766082e-06,,1.806155053445702e-06,,2.039359193613289e-06,,2.167734437341754e-06,
3876,Vi_Yamaha_F335_mic_to_good_takamine_EG523SC_mic,2.3884311007298138e-06,,2.4520364962643694e-06,,2.060428274787753e-06,,4.2541539152628585e-06,,3.5858825111681827e-06,,4.919826958999033e-06,
3877,Vi_Yamaha_F335_mic_to_good_takamine_EG523SC_piezo,1.2798738121796683e-06,,1.7424377285401714e-06,,1.3066948529780699e-06,,1.5086294450565907e-06,,1.8131265011924319e-06,,1.7157845256487195e-06,
3878,Vi_Yamaha_F335_piezo_to_good_takamine_EG523SC_mic,2.722249140055237e-06,,3.0240277825172842e-06,,3.0909349647223553e-06,,3.3050345144012765e-06,,2.9690553090038185e-06,,3.2896465727892418e-06,
3879,Vi_Yamaha_F335_piezo_to_good_takamine_EG523SC_piezo,1.697233087061736e-06,,1.5321631895196002e-06,,2.509074035716356e-06,,1.7110733401281236e-06,,1.8996352705067684e-06,,2.4040034291000437e-06,
3880,Vi_Yamaha_F335_mic_to_good_takamine_EG523SC_mic,2.599072413606474e-06,,2.655586659483997e-06,,1.9721076296418644e-06,,3.2003196653050896e-06,,4.443507862066435e-06,,4.6301707864113275e-06,
3881,Vi_Yamaha_F335_mic_to_good_takamine_EG523SC_piezo,1.6696017216981693e-06,,1.8109070587990166e-06,,1.3214965207655806e-06,,1.6954656719084017e-06,,2.002610479971166e-06,,1.7059004507418967e-06,
3882,Vi_Yamaha_F335_piezo_to_good_takamine_EG523SC_mic,2.882341184464143e-06,,2.3717397301715936e-06,,2.796973796144509e-06,,2.3648497964393585e-06,,3.5858216988388275e-06,,3.104665790337039e-06,
3883,Vi_Yamaha_F335_piezo_to_good_takamine_EG523SC_piezo,1.639071321832047e-06,,1.328461060344123e-06,,2.2301557745275407e-06,,1.761442803900529e-06,,1.7837299139658017e-06,,2.2379321664945425e-06,
3884,Vi_Yamaha_F335_mic_to_good_takamine_EG523SC_mic,2.8998837044599848e-06,,2.4361903885124307e-06,,1.7025366673685567e-06,,3.202907329417845e-06,,4.552189204323046e-06,,4.286747759901377e-06,
3885,Vi_Yamaha_F335_mic_to_good_takamine_EG523SC_piezo,1.6400039561296572e-06,,1.387964681926779e-06,,1.3141945746835419e-06,,1.5770945347738203e-06,,1.721278525143696e-06,,1.773838289291699e-06,
3886,Vi_Yamaha_F335_piezo_to_good_takamine_EG523SC_mic,2.747256880460174e-06,,2.544914232305521e-06,,3.3867174309858464e-06,,2.388976677955363e-06,,2.4296020479337762e-06,,5.342671229979897e-06,
3887,Vi_Yamaha_F335_piezo_to_good_takamine_EG523SC_piezo,1.8196968835207594e-06,,1.2288814270327663e-06,,2.097867957500223e-06,,2.523566653908796e-06,,1.8117502179857502e-06,,2.256454267724131e-06,
3888,Vi_Yamaha_F335_mic_to_AJ_JJasmine_JF37CD_mic,2.791756684201411e-06,,4.0639715253176555e-06,,4.583848145128048e-06,,3.3256647732681742e-06,,3.4093453402905148e-06,,3.7588293688581703e-06,
3889,Vi_Yamaha_F335_mic_to_AJ_JJasmine_JF37CD_piezo,2.4422936106879777e-06,,3.4605894364572264e-06,,3.365491888623694e-06,,2.561532602617863e-06,,4.377882993099074e-06,,4.238292458791058e-06,
3890,Vi_Yamaha_F335_piezo_to_AJ_JJasmine_JF37CD_mic,3.2134180141365853e-06,,4.9469589465110965e-06,,7.557724039027574e-06,,3.362095027104558e-06,,2.5669219776676e-06,,3.581997026689587e-06,
3891,Vi_Yamaha_F335_piezo_to_AJ_JJasmine_JF37CD_piezo,1.8624999678326994e-06,,3.153427968468089e-06,,2.4592230042752287e-06,,2.1857605919067723e-06,,3.7488354096588663e-06,,2.4756034222409385e-06,
3892,Vi_Yamaha_F335_mic_to_AJ_JJasmine_JF37CD_mic,4.689341976008432e-06,,3.6959371016530995e-06,,3.895141296335687e-06,,3.637788620518611e-06,,3.3266155694339283e-06,,3.835270727501399e-06,
3893,Vi_Yamaha_F335_mic_to_AJ_JJasmine_JF37CD_piezo,2.9053672422300877e-06,,4.214036799587897e-06,,3.069793233711314e-06,,3.0099221026922878e-06,,4.917117232708931e-06,,4.087328614122449e-06,
3894,Vi_Yamaha_F335_piezo_to_AJ_JJasmine_JF37CD_mic,5.843552578663073e-06,,5.415664281643596e-06,,8.830418528590999e-06,,3.031583335600064e-06,,3.248164897511956e-06,,4.318136660021318e-06,
3895,Vi_Yamaha_F335_piezo_to_AJ_JJasmine_JF37CD_piezo,2.3598941474110495e-06,,4.241960005974421e-06,,3.6507862764238557e-06,,2.2336696124769166e-06,,4.485384171987998e-06,,5.404841676015863e-06,
3896,Vi_Yamaha_F335_mic_to_AJ_JJasmine_JF37CD_mic,6.671976761760055e-06,,5.313729074655865e-06,,6.8257793067174945e-06,,4.028750230459706e-06,,3.628302673521455e-06,,4.2242077903233885e-06,
3897,Vi_Yamaha_F335_mic_to_AJ_JJasmine_JF37CD_piezo,2.544198026926272e-06,,2.9092170332488175e-06,,3.0380395119829168e-06,,3.3803612664142217e-06,,2.8305760165307677e-06,,4.4706671000968446e-06,
3898,Vi_Yamaha_F335_piezo_to_AJ_JJasmine_JF37CD_mic,7.014508809365156e-06,,6.849535626872995e-06,,6.8993168514044764e-06,,2.8157786001792284e-06,,2.040582239069276e-06,,3.939383725620214e-06,
3899,Vi_Yamaha_F335_piezo_to_AJ_JJasmine_JF37CD_piezo,4.664856580627569e-06,,7.16883879171425e-06,,3.6640345774490587e-06,,3.025439129612097e-06,,4.284598189361038e-06,,4.211548372508643e-06,
3900,Vi_Yamaha_F335_mic_to_AJ_JJasmine_JF37CD_mic,4.21085153387714e-06,,5.115375786370573e-06,,7.761197337146399e-06,,2.9347522161909023e-06,,3.5415207368226576e-06,,4.111559258929285e-06,
3901,Vi_Yamaha_F335_mic_to_AJ_JJasmine_JF37CD_piezo,2.5548490765216074e-06,,2.5674673285154992e-06,,2.8299434234218477e-06,,4.9960729927599094e-06,,4.599746251354582e-06,,5.338354257076307e-06,
3902,Vi_Yamaha_F335_piezo_to_AJ_JJasmine_JF37CD_mic,2.7002418148051873e-06,,4.356704042506215e-06,,6.307008924407878e-06,,1.5789290595663098e-06,,2.264196141719893e-06,,2.601979359631175e-06,
3903,Vi_Yamaha_F335_piezo_to_AJ_JJasmine_JF37CD_piezo,5.1186068040984575e-06,,4.064112244402982e-06,,9.307460664723001e-06,,3.060920231254646e-06,,2.98346079426031e-06,,2.9216075248750226e-06,
3904,Vi_Yamaha_F335_mic_to_AJ_JJasmine_JF37CD_mic,3.7174399688017407e-06,,4.968137619710076e-06,,8.387669411936474e-06,,3.7530566233057103e-06,,4.3070371500103904e-06,,4.3617340920208765e-06,
3905,Vi_Yamaha_F335_mic_to_AJ_JJasmine_JF37CD_piezo,2.914499183456379e-06,,2.686388760542812e-06,,2.5968949408220814e-06,,3.033500235258697e-06,,3.5300616462907837e-06,,4.3836166097005135e-06,
3906,Vi_Yamaha_F335_piezo_to_AJ_JJasmine_JF37CD_mic,4.784355505935399e-06,,3.891419515473159e-06,,3.940886656727072e-06,,2.5290214760665537e-06,,2.217850478294258e-06,,3.099998803279375e-06,
3907,Vi_Yamaha_F335_piezo_to_AJ_JJasmine_JF37CD_piezo,6.634311891302799e-06,,7.445123469778316e-06,,9.113265057041901e-06,,2.35984888971369e-06,,2.3148836201730488e-06,,2.76724850332386e-06,
3908,Vi_Yamaha_F335_mic_to_AJ_JJasmine_JF37CD_mic,6.257010603751411e-06,,6.140710562118671e-06,,4.577907516235022e-06,,3.94007942351265e-06,,3.517111885943136e-06,,3.018629149186382e-06,
3909,Vi_Yamaha_F335_mic_to_AJ_JJasmine_JF37CD_piezo,3.1041818681432745e-06,,2.445897857825388e-06,,3.6212945277178516e-06,,3.1706774789411568e-06,,2.802593142879419e-06,,4.11054586916993e-06,
3910,Vi_Yamaha_F335_piezo_to_AJ_JJasmine_JF37CD_mic,5.315048365212485e-06,,3.8089275122705804e-06,,3.1282124614983473e-06,,2.1733613677680856e-06,,2.0590172218533347e-06,,3.405297912883158e-06,
3911,Vi_Yamaha_F335_piezo_to_AJ_JJasmine_JF37CD_piezo,4.434773437971375e-06,,6.3043162661527025e-06,,5.557186176716508e-06,,2.0981040035545094e-06,,2.608474265739121e-06,,2.472382522959016e-06,
3912,Vi_Yamaha_F335_mic_to_AJ_JJasmine_JF37CD_mic,5.5060220871109415e-06,,4.6800905551412165e-06,,7.701659211561904e-06,,4.233583235938792e-06,,3.555504654872688e-06,,6.0417801501210526e-06,
3913,Vi_Yamaha_F335_mic_to_AJ_JJasmine_JF37CD_piezo,3.3571032773689035e-06,,3.55586379072587e-06,,2.5176561595425157e-06,,3.751668432401586e-06,,4.098842126538179e-06,,3.1126719032545763e-06,
3914,Vi_Yamaha_F335_piezo_to_AJ_JJasmine_JF37CD_mic,6.584686376352268e-06,,6.3932805863798925e-06,,4.829881518506384e-06,,3.03279658588831e-06,,1.6115132868071437e-06,,3.7055578968459283e-06,
3915,Vi_Yamaha_F335_piezo_to_AJ_JJasmine_JF37CD_piezo,6.133952338505906e-06,,5.386277616101558e-06,,6.928570367407357e-06,,2.9251745207832415e-06,,2.307754221470209e-06,,2.6246932721114054e-06,
3916,Vi_Yamaha_F335_mic_to_AJ_JJasmine_JF37CD_mic,4.4618449485113015e-06,,4.166258891567011e-06,,5.696866444295742e-06,,4.042295669203512e-06,,3.2340404484885115e-06,,4.951883091574346e-06,
3917,Vi_Yamaha_F335_mic_to_AJ_JJasmine_JF37CD_piezo,3.5865333317501897e-06,,3.5794326139133307e-06,,2.550298482744632e-06,,4.404340339747112e-06,,4.486375765919118e-06,,3.152422510577345e-06,
3918,Vi_Yamaha_F335_piezo_to_AJ_JJasmine_JF37CD_mic,4.252557133226937e-06,,3.934380595329317e-06,,4.6265275636577006e-06,,3.2041633706749883e-06,,2.049573915625456e-06,,4.432133171506119e-06,
3919,Vi_Yamaha_F335_piezo_to_AJ_JJasmine_JF37CD_piezo,2.056981415035398e-06,,6.771472003683355e-06,,5.113027026538292e-06,,3.485178719029571e-06,,2.9087416786807294e-06,,2.987945488803546e-06,
3920,Vi_Yamaha_F335_mic_to_AJ_JJasmine_JF37CD_mic,6.337239098349286e-06,,4.710820532615247e-06,,5.542766995389295e-06,,3.6866015467375136e-06,,3.0518395924296204e-06,,5.240154585620059e-06,
3921,Vi_Yamaha_F335_mic_to_AJ_JJasmine_JF37CD_piezo,3.72434955349178e-06,,3.706078004399827e-06,,2.4091363792141277e-06,,5.0377075737077506e-06,,4.964953978692645e-06,,2.775841296304703e-06,
3922,Vi_Yamaha_F335_piezo_to_AJ_JJasmine_JF37CD_mic,6.829975356313178e-06,,7.476631808256399e-06,,5.446522923962298e-06,,3.1503693028560926e-06,,3.7518206041452924e-06,,3.973740415191561e-06,
3923,Vi_Yamaha_F335_piezo_to_AJ_JJasmine_JF37CD_piezo,8.762674399540986e-06,,3.756698586922801e-06,,2.3352982630555358e-06,,2.85622181197709e-06,,3.80674075869396e-06,,2.423682018290666e-06,
3924,Vi_Yamaha_F335_mic_to_AJ_JJasmine_JF37CD_mic,7.5799112800886914e-06,,7.515009562478288e-06,,6.647590415588422e-06,,2.5575657988646276e-06,,2.582759490775075e-06,,4.106190501132695e-06,
3925,Vi_Yamaha_F335_mic_to_AJ_JJasmine_JF37CD_piezo,3.365551733799039e-06,,3.4798463825412384e-06,,3.7502964527552296e-06,,4.805312517905214e-06,,4.464031166744522e-06,,5.5143515179858975e-06,
3926,Vi_Yamaha_F335_piezo_to_AJ_JJasmine_JF37CD_mic,5.8369305935392266e-06,,5.665471692388717e-06,,6.655116320844785e-06,,3.7900072444659555e-06,,2.3524096234717266e-06,,4.637010534234038e-06,
3927,Vi_Yamaha_F335_piezo_to_AJ_JJasmine_JF37CD_piezo,6.133447036945784e-06,,6.254132232667932e-06,,3.4351521127865456e-06,,3.707103926371878e-06,,2.557367387971339e-06,,5.379884655954503e-06,
3928,Vi_Yamaha_F335_mic_to_AJ_JJasmine_JF37CD_mic,6.345159966057697e-06,,5.9584591162541236e-06,,7.3312461972442114e-06,,2.542519836633809e-06,,2.46327075261392e-06,,3.7969765517090055e-06,
3929,Vi_Yamaha_F335_mic_to_AJ_JJasmine_JF37CD_piezo,2.8250344510177544e-06,,3.0757511613231486e-06,,3.390803969815067e-06,,4.619958393101195e-06,,3.7473090734545516e-06,,3.7273692429247327e-06,
3930,Vi_Yamaha_F335_piezo_to_AJ_JJasmine_JF37CD_mic,4.618607685847616e-06,,5.723794134331789e-06,,7.29433741733428e-06,,3.1906068638171462e-06,,2.3224552404707187e-06,,4.104882858247921e-06,
3931,Vi_Yamaha_F335_piezo_to_AJ_JJasmine_JF37CD_piezo,8.00742675025969e-06,,6.961482933251205e-06,,4.157811512149969e-06,,2.9241872485658928e-06,,2.563206880858528e-06,,4.736181146180831e-06,
3932,Vi_Yamaha_F335_mic_to_AJ_JJasmine_JF37CD_mic,5.689453743492539e-06,,5.590519212623663e-06,,6.413044061759778e-06,,2.876444700122067e-06,,2.704674338640199e-06,,4.284387515684992e-06,
3933,Vi_Yamaha_F335_mic_to_AJ_JJasmine_JF37CD_piezo,2.5185935233371198e-06,,2.6314969014581697e-06,,3.6123746072998825e-06,,4.372418073420363e-06,,4.121108957307837e-06,,4.864398988544849e-06,
3934,Vi_Yamaha_F335_piezo_to_AJ_JJasmine_JF37CD_mic,6.420372126390614e-06,,5.428050078063484e-06,,6.1280698015548064e-06,,2.1844105073330956e-06,,2.4492766798796113e-06,,4.349914276251717e-06,
3935,Vi_Yamaha_F335_piezo_to_AJ_JJasmine_JF37CD_piezo,7.59929901385107e-06,,6.912723310223829e-06,,4.466228940602333e-06,,2.875597341417388e-06,,2.543043673203831e-06,,4.339242270698853e-06,
3936,Vi_Yamaha_F335_mic_to_AJ_JJasmine_JF37CD_mic,5.728588297961086e-06,,6.845720293169049e-06,,5.6402192284360726e-06,,3.51709523840172e-06,,3.954273935536827e-06,,4.653939040226351e-06,
3937,Vi_Yamaha_F335_mic_to_AJ_JJasmine_JF37CD_piezo,2.639359283887389e-06,,3.3756205738161377e-06,,2.301898554467599e-06,,2.1509593251164594e-06,,3.328703384811615e-06,,2.898671584504656e-06,
3938,Vi_Yamaha_F335_piezo_to_AJ_JJasmine_JF37CD_mic,5.735496399624094e-06,,3.6084033521605753e-06,,6.952875860848564e-06,,3.126613393396658e-06,,3.4792700031198704e-06,,3.703230169783191e-06,
3939,Vi_Yamaha_F335_piezo_to_AJ_JJasmine_JF37CD_piezo,7.606840222542737e-06,,4.435232773615411e-06,,2.3645698678423055e-06,,3.825239264808875e-06,,2.632900609408079e-06,,4.673317930552842e-06,
3940,Vi_Yamaha_F335_mic_to_AJ_JJasmine_JF37CD_mic,3.4109585505214706e-06,,7.669704000191275e-06,,6.428280807699714e-06,,3.4594079438363302e-06,,4.280696267365015e-06,,4.772837070178811e-06,
3941,Vi_Yamaha_F335_mic_to_AJ_JJasmine_JF37CD_piezo,2.536624642053199e-06,,2.7971678804430745e-06,,2.377409980378205e-06,,2.5902490975091205e-06,,2.7008105644826595e-06,,2.8386237803934422e-06,
3942,Vi_Yamaha_F335_piezo_to_AJ_JJasmine_JF37CD_mic,4.351804021929084e-06,,2.348092274708779e-06,,5.831125399561707e-06,,2.550539023199811e-06,,1.8221201088899354e-06,,2.9831465656120754e-06,
3943,Vi_Yamaha_F335_piezo_to_AJ_JJasmine_JF37CD_piezo,3.397353817768989e-06,,3.5956393238285028e-06,,2.6677311249564058e-06,,2.722201775927527e-06,,2.321516992762199e-06,,3.7106448501163747e-06,
3944,Vi_Yamaha_F335_mic_to_AJ_JJasmine_JF37CD_mic,6.526799737544043e-06,,5.410781112465361e-06,,8.417827352710316e-06,,4.072469817998312e-06,,4.104066073259161e-06,,4.903054685010035e-06,
3945,Vi_Yamaha_F335_mic_to_AJ_JJasmine_JF37CD_piezo,2.852464396676538e-06,,3.207401191986971e-06,,2.4271909432792546e-06,,3.0186279979784594e-06,,2.6086307820013162e-06,,3.0869283170007498e-06,
3946,Vi_Yamaha_F335_piezo_to_AJ_JJasmine_JF37CD_mic,5.614029561897918e-06,,2.179782164524893e-06,,5.5656195144444475e-06,,2.403613962738907e-06,,1.9103738292333955e-06,,3.111281442001863e-06,
3947,Vi_Yamaha_F335_piezo_to_AJ_JJasmine_JF37CD_piezo,7.261060068057755e-06,,4.655814702697211e-06,,4.603409352960283e-06,,2.895399634002131e-06,,2.2513027518814173e-06,,3.2542816545205213e-06,
3948,Vi_Yamaha_F335_mic_to_AJ_JJasmine_JF37CD_mic,5.2315899662312775e-06,,6.218342878356053e-06,,5.7680022752871225e-06,,3.904505573262757e-06,,4.933708090536868e-06,,3.4080984738463154e-06,
3949,Vi_Yamaha_F335_mic_to_AJ_JJasmine_JF37CD_piezo,3.5425488774854593e-06,,4.972850239883133e-06,,2.9534850069979143e-06,,4.390910603152573e-06,,4.078518332075561e-06,,3.7297593354195077e-06,
3950,Vi_Yamaha_F335_piezo_to_AJ_JJasmine_JF37CD_mic,4.468187743521101e-06,,3.1295542181832973e-06,,5.2460777325013425e-06,,2.592520123443364e-06,,1.9848728968194127e-06,,3.368826576038751e-06,
3951,Vi_Yamaha_F335_piezo_to_AJ_JJasmine_JF37CD_piezo,5.980774394266957e-06,,5.14792765995211e-06,,5.946886086201098e-06,,2.4742582315811823e-06,,2.407642781615522e-06,,3.5523097704176926e-06,
3952,Vi_Yamaha_F335_mic_to_AJ_JJasmine_JF37CD_mic,4.543646305151419e-06,,7.875900984964865e-06,,7.37012846114202e-06,,3.2997852692395498e-06,,4.115124195805757e-06,,3.6796449469730254e-06,
3953,Vi_Yamaha_F335_mic_to_AJ_JJasmine_JF37CD_piezo,2.5683595552505043e-06,,3.1897303124012657e-06,,2.2073137504503955e-06,,4.320620416912006e-06,,3.777202554449801e-06,,4.011668854962716e-06,
3954,Vi_Yamaha_F335_piezo_to_AJ_JJasmine_JF37CD_mic,3.617309630975976e-06,,2.3854425724865666e-06,,9.091106601367304e-06,,2.456961089111246e-06,,1.8863845917267887e-06,,3.5934396364442124e-06,
3955,Vi_Yamaha_F335_piezo_to_AJ_JJasmine_JF37CD_piezo,5.4798317018583766e-06,,3.9052220506068284e-06,,8.437099057514323e-06,,3.1133537404460654e-06,,2.5571865941343662e-06,,4.08765248013899e-06,
3956,Vi_Yamaha_F335_mic_to_AJ_JJasmine_JF37CD_mic,4.144012281952629e-06,,4.590992327377163e-06,,7.694915967865281e-06,,3.88312085837285e-06,,4.02414903657328e-06,,5.1990915745390645e-06,
3957,Vi_Yamaha_F335_mic_to_AJ_JJasmine_JF37CD_piezo,2.8046112945866486e-06,,2.995533230883936e-06,,2.477272840892562e-06,,4.572836820727024e-06,,4.837083746416493e-06,,3.232480422922673e-06,
3958,Vi_Yamaha_F335_piezo_to_AJ_JJasmine_JF37CD_mic,4.890102889249801e-06,,2.99433379063492e-06,,3.4196350072260645e-06,,2.024142798592485e-06,,2.058317499981669e-06,,3.6705623169976406e-06,
3959,Vi_Yamaha_F335_piezo_to_AJ_JJasmine_JF37CD_piezo,3.7983240364738998e-06,,4.846394369306886e-06,,3.653903633020783e-06,,2.9850241153291732e-06,,2.2882410594453737e-06,,3.7990547209392027e-06,
3960,Vi_Yamaha_F335_mic_to_AJ_JJasmine_JF37CD_mic,5.541340295027998e-06,,3.6521784631795895e-06,,7.757104594541025e-06,,4.065116153578149e-06,,3.441520608489382e-06,,5.415800391555739e-06,
3961,Vi_Yamaha_F335_mic_to_AJ_JJasmine_JF37CD_piezo,3.257553222442028e-06,,3.525599178874153e-06,,2.5186402616140266e-06,,3.733355724877651e-06,,4.166136947451191e-06,,3.1290669696446765e-06,
3962,Vi_Yamaha_F335_piezo_to_AJ_JJasmine_JF37CD_mic,6.484765167545563e-06,,6.939117861581403e-06,,8.020599780860289e-06,,2.6930767583672746e-06,,1.6100071267693688e-06,,2.940532905627709e-06,
3963,Vi_Yamaha_F335_piezo_to_AJ_JJasmine_JF37CD_piezo,6.3284349529187665e-06,,5.623001408891216e-06,,4.629437468179905e-06,,2.623073166732733e-06,,2.35216844023349e-06,,2.2929054819056302e-06,
3964,Vi_Yamaha_F335_mic_to_AJ_JJasmine_JF37CD_mic,4.563976134548541e-06,,3.487012793049098e-06,,6.760700170820306e-06,,3.5755272960651002e-06,,3.0516977246496355e-06,,4.869306907925287e-06,
3965,Vi_Yamaha_F335_mic_to_AJ_JJasmine_JF37CD_piezo,3.5275307679192027e-06,,3.603190719588853e-06,,2.5100575452163737e-06,,4.575937638786596e-06,,4.817296954274717e-06,,3.191709652410005e-06,
3966,Vi_Yamaha_F335_piezo_to_AJ_JJasmine_JF37CD_mic,4.01257791312895e-06,,6.6391962525464085e-06,,4.991825176036802e-06,,3.3738021878418934e-06,,2.768068115303764e-06,,4.472844282792108e-06,
3967,Vi_Yamaha_F335_piezo_to_AJ_JJasmine_JF37CD_piezo,8.75270472538746e-06,,4.121186352495974e-06,,2.3924351126572544e-06,,4.439861697542746e-06,,2.7543987200370173e-06,,2.781474565594678e-06,
3968,Vi_Yamaha_F335_mic_to_AJ_JJasmine_JF37CD_mic,6.190469115964443e-06,,4.120171544502794e-06,,5.11451194807326e-06,,3.551139744825475e-06,,3.096795598544666e-06,,4.8392298840211874e-06,
3969,Vi_Yamaha_F335_mic_to_AJ_JJasmine_JF37CD_piezo,3.612020718287851e-06,,3.607849740202179e-06,,2.388110094351487e-06,,5.123846335800585e-06,,5.087182138371791e-06,,2.865052473643525e-06,
3970,Vi_Yamaha_F335_piezo_to_AJ_JJasmine_JF37CD_mic,6.536747727148182e-06,,5.995923431657811e-06,,3.4408787152350384e-06,,3.5757534594142893e-06,,2.783864126683251e-06,,3.4296376982344946e-06,
3971,Vi_Yamaha_F335_piezo_to_AJ_JJasmine_JF37CD_piezo,5.701799664534881e-06,,3.876163085071751e-06,,2.5820925267981634e-06,,4.779212974072841e-06,,2.72797763043139e-06,,2.7974389860129425e-06,
3972,Vi_Yamaha_F335_mic_to_AJ_JJasmine_JF37CD_mic,7.1862245520425795e-06,,6.931518161674168e-06,,6.081079027565418e-06,,2.7439217459867897e-06,,2.7131719115713656e-06,,4.120044825036763e-06,
3973,Vi_Yamaha_F335_mic_to_AJ_JJasmine_JF37CD_piezo,3.320215644587749e-06,,3.2326124222194588e-06,,3.963354702459884e-06,,5.424264430649693e-06,,4.041995602302746e-06,,5.192343831121504e-06,
3974,Vi_Yamaha_F335_piezo_to_AJ_JJasmine_JF37CD_mic,5.996542535854756e-06,,5.1951065164174025e-06,,4.1951898427415615e-06,,3.699461703890017e-06,,2.2320075824635927e-06,,4.383398597170724e-06,
3975,Vi_Yamaha_F335_piezo_to_AJ_JJasmine_JF37CD_piezo,6.334961060477922e-06,,6.102771402091871e-06,,3.3376340060935827e-06,,3.145296944672745e-06,,2.4952081304555948e-06,,4.361870853448671e-06,
3976,Vi_Yamaha_F335_mic_to_AJ_JJasmine_JF37CD_mic,6.296351025046512e-06,,5.852506510940821e-06,,6.058177119003128e-06,,2.667402198703307e-06,,2.5874423784598696e-06,,4.1236226132289915e-06,
3977,Vi_Yamaha_F335_mic_to_AJ_JJasmine_JF37CD_piezo,2.7222712384559128e-06,,2.9988470333103815e-06,,3.9727106655727325e-06,,4.831905165428629e-06,,3.8178741743265854e-06,,5.1207966636103885e-06,
3978,Vi_Yamaha_F335_piezo_to_AJ_JJasmine_JF37CD_mic,6.071772280464106e-06,,5.3638926601250065e-06,,6.313993159860036e-06,,2.9795832744182174e-06,,2.1906188063081464e-06,,4.781386676067317e-06,
3979,Vi_Yamaha_F335_piezo_to_AJ_JJasmine_JF37CD_piezo,6.24570468971496e-06,,6.983019248592654e-06,,4.073142265835266e-06,,3.2931160024021925e-06,,2.5659181885525986e-06,,4.010679679171064e-06,
3980,Vi_Yamaha_F335_mic_to_AJ_JJasmine_JF37CD_mic,5.660621266510768e-06,,5.584371809079269e-06,,5.833238397850836e-06,,2.8104620998359557e-06,,2.637422790872366e-06,,4.0267105931825505e-06,
3981,Vi_Yamaha_F335_mic_to_AJ_JJasmine_JF37CD_piezo,2.8824949103391777e-06,,2.8542076191473676e-06,,3.98261358157644e-06,,3.825735376169156e-06,,3.669450833706303e-06,,4.717146261383034e-06,
3982,Vi_Yamaha_F335_piezo_to_AJ_JJasmine_JF37CD_mic,7.057805757077354e-06,,4.253148073757754e-06,,6.057083557875775e-06,,3.0914697895414785e-06,,2.2847125471330454e-06,,3.99001872992764e-06,
3983,Vi_Yamaha_F335_piezo_to_AJ_JJasmine_JF37CD_piezo,7.941614170740524e-06,,7.4242326371001825e-06,,4.627854741466304e-06,,2.82634311823261e-06,,2.559576493732956e-06,,4.3288949707395575e-06,
3984,Vi_Yamaha_F335_mic_to_AJ_JJasmine_JF37CD_mic,4.7131143254917806e-06,,3.5985474219369378e-06,,5.278289985647048e-06,,2.8392908088566796e-06,,2.344539006696464e-06,,5.128480327558813e-06,
3985,Vi_Yamaha_F335_mic_to_AJ_JJasmine_JF37CD_piezo,5.205800628013887e-06,,2.8908469419305333e-06,,3.2981904041906328e-06,,4.884367581298594e-06,,3.3855690188350312e-06,,3.3297160492197764e-06,
3986,Vi_Yamaha_F335_piezo_to_AJ_JJasmine_JF37CD_mic,5.670487246080834e-06,,3.2789159300932186e-06,,6.438733427316476e-06,,3.317039062827305e-06,,1.8277356498889426e-06,,4.432211282201532e-06,
3987,Vi_Yamaha_F335_piezo_to_AJ_JJasmine_JF37CD_piezo,3.6492632900995407e-06,,5.1089642366951786e-06,,5.453063203246386e-06,,2.2713611969462415e-06,,2.630154951495591e-06,,4.934870190343884e-06,
3988,Vi_Yamaha_F335_mic_to_AJ_JJasmine_JF37CD_mic,5.358983915900628e-06,,7.447293874982027e-06,,6.329467418901947e-06,,4.224391847351213e-06,,3.409056726887472e-06,,5.2061516979224035e-06,
3989,Vi_Yamaha_F335_mic_to_AJ_JJasmine_JF37CD_piezo,2.575556901449984e-06,,2.1635304507559547e-06,,2.529438665015416e-06,,2.8945433202189246e-06,,3.3371068819869713e-06,,3.3285733703671307e-06,
3990,Vi_Yamaha_F335_piezo_to_AJ_JJasmine_JF37CD_mic,7.493060722571925e-06,,4.1299727305968146e-06,,4.880728970193484e-06,,2.2315581972516165e-06,,2.0120510893434123e-06,,2.8629396946347914e-06,
3991,Vi_Yamaha_F335_piezo_to_AJ_JJasmine_JF37CD_piezo,6.656565974753382e-06,,4.60041448476006e-06,,6.576371591921751e-06,,2.0663695416431227e-06,,2.7645192876858105e-06,,2.7682630747537326e-06,
3992,Vi_Yamaha_F335_mic_to_AJ_JJasmine_JF37CD_mic,5.213543757812942e-06,,4.7407804583628795e-06,,5.484096935932051e-06,,2.900250369646896e-06,,2.959472441769018e-06,,3.969848078432465e-06,
3993,Vi_Yamaha_F335_mic_to_AJ_JJasmine_JF37CD_piezo,2.2834976576252083e-06,,2.8302361505683478e-06,,2.090938899535594e-06,,2.4408157758899844e-06,,3.007480441032129e-06,,2.1590601043205257e-06,
3994,Vi_Yamaha_F335_piezo_to_AJ_JJasmine_JF37CD_mic,6.972960592985367e-06,,3.5642455622169836e-06,,4.026019119759805e-06,,1.745238745830962e-06,,1.6163734838525056e-06,,3.136663396755368e-06,
3995,Vi_Yamaha_F335_piezo_to_AJ_JJasmine_JF37CD_piezo,7.803194108371462e-06,,7.613239951866737e-06,,5.6912287404787425e-06,,2.7255127816488146e-06,,2.9056386904207028e-06,,3.099472189826864e-06,
3996,Vi_Yamaha_F335_mic_to_AJ_JJasmine_JF37CD_mic,4.862854628977485e-06,,7.179288246698282e-06,,6.045073612294049e-06,,2.997005887145288e-06,,3.562001848944783e-06,,4.033923039757012e-06,
3997,Vi_Yamaha_F335_mic_to_AJ_JJasmine_JF37CD_piezo,2.77010057828783e-06,,2.4333072601096668e-06,,2.8661541534887874e-06,,4.592649494383737e-06,,3.127170082535422e-06,,4.585998252540074e-06,
3998,Vi_Yamaha_F335_piezo_to_AJ_JJasmine_JF37CD_mic,3.466826207239349e-06,,3.66952807603291e-06,,6.984455228668604e-06,,2.685607292027595e-06,,2.006048436789547e-06,,2.7882992134126724e-06,
3999,Vi_Yamaha_F335_piezo_to_AJ_JJasmine_JF37CD_piezo,4.253653917883662e-06,,6.871700078499781e-06,,4.869357026974401e-06,,2.496594475173302e-06,,2.3460248863311216e-06,,3.4686071017225597e-06,
4000,Vi_Yamaha_F335_mic_to_AJ_JJasmine_JF37CD_mic,4.349436800029215e-06,,5.966630353562242e-06,,8.278435014086737e-06,,2.8065773524327703e-06,,3.9528149730793175e-06,,5.025580178962065e-06,
4001,Vi_Yamaha_F335_mic_to_AJ_JJasmine_JF37CD_piezo,2.761853662589634e-06,,3.2113504216273684e-06,,3.7843095354228315e-06,,3.9046133081942215e-06,,3.875810996210725e-06,,5.074935888145619e-06,
4002,Vi_Yamaha_F335_piezo_to_AJ_JJasmine_JF37CD_mic,3.7321841899133897e-06,,4.166879058336798e-06,,8.720741639846164e-06,,1.7130903130878348e-06,,2.0774367324844546e-06,,2.3526596910937453e-06,
4003,Vi_Yamaha_F335_piezo_to_AJ_JJasmine_JF37CD_piezo,4.231326837276911e-06,,4.301686745063029e-06,,6.63128268975569e-06,,2.451766038596326e-06,,3.2383062885106337e-06,,3.1279776080995023e-06,
4004,Vi_Yamaha_F335_mic_to_AJ_JJasmine_JF37CD_mic,5.8453952172749375e-06,,3.982650271215039e-06,,7.93273703889489e-06,,3.7536122613545712e-06,,3.2476948765112664e-06,,5.331315917253175e-06,
4005,Vi_Yamaha_F335_mic_to_AJ_JJasmine_JF37CD_piezo,2.9487675387712546e-06,,4.6859540095529965e-06,,2.9250901911074447e-06,,4.8647750756014695e-06,,4.6514729642096415e-06,,4.5193496482883535e-06,
4006,Vi_Yamaha_F335_piezo_to_AJ_JJasmine_JF37CD_mic,3.402922872936169e-06,,2.8387507832558308e-06,,5.858014763925736e-06,,1.7816984613463622e-06,,2.2119567037632274e-06,,2.3332681433122074e-06,
4007,Vi_Yamaha_F335_piezo_to_AJ_JJasmine_JF37CD_piezo,6.506572583578906e-06,,6.1243967273523325e-06,,8.592745486137406e-06,,2.559206894181588e-06,,2.7598337243315043e-06,,2.7496456415954127e-06,
4008,Vi_Yamaha_F335_mic_to_AJ_JJasmine_JF37CD_mic,3.482238469665535e-06,,8.132934704853503e-06,,3.4957440196176145e-06,,2.741133032528684e-06,,3.259878332213189e-06,,3.1281339621181458e-06,
4009,Vi_Yamaha_F335_mic_to_AJ_JJasmine_JF37CD_piezo,3.5650553731508182e-06,,3.9798342537196714e-06,,3.395580094239295e-06,,2.604621378673577e-06,,4.88509199362182e-06,,3.7619176756340725e-06,
4010,Vi_Yamaha_F335_piezo_to_AJ_JJasmine_JF37CD_mic,5.627019519541215e-06,,4.044250337436663e-06,,6.839724896139546e-06,,2.836464273937828e-06,,2.5195596801421544e-06,,4.168493603221214e-06,
4011,Vi_Yamaha_F335_piezo_to_AJ_JJasmine_JF37CD_piezo,3.7497146752915253e-06,,2.8864487198923007e-06,,3.5266239095027425e-06,,2.7059974926612462e-06,,2.205041826834959e-06,,2.631989030412924e-06,
4012,Vi_Yamaha_F335_mic_to_AJ_JJasmine_JF37CD_mic,2.809278046382468e-06,,5.510649044753824e-06,,3.0833726339920477e-06,,2.6326310065761573e-06,,3.2529245371990623e-06,,3.123103601726702e-06,
4013,Vi_Yamaha_F335_mic_to_AJ_JJasmine_JF37CD_piezo,5.501967469309845e-06,,4.0876462092744716e-06,,3.4960949169176497e-06,,3.830302979413646e-06,,4.756571206728579e-06,,4.697147983910302e-06,
4014,Vi_Yamaha_F335_piezo_to_AJ_JJasmine_JF37CD_mic,4.117204725337604e-06,,7.23528432047724e-06,,7.33478213225798e-06,,2.476928628796724e-06,,3.40212573994613e-06,,3.9703055546655175e-06,
4015,Vi_Yamaha_F335_piezo_to_AJ_JJasmine_JF37CD_piezo,5.982592577361202e-06,,3.598261214526631e-06,,3.2431078908954578e-06,,3.586779693181802e-06,,3.6801954761837503e-06,,3.1678467079456196e-06,
4016,Vi_Yamaha_F335_mic_to_AJ_JJasmine_JF37CD_mic,4.151452584234266e-06,,7.673543481594043e-06,,3.5610638755933674e-06,,2.9675477598188307e-06,,4.274841625494986e-06,,3.3922690954434797e-06,
4017,Vi_Yamaha_F335_mic_to_AJ_JJasmine_JF37CD_piezo,4.014980557069557e-06,,4.127296861164651e-06,,3.6901029225313453e-06,,3.38828042157993e-06,,4.490549740084797e-06,,4.933510617390093e-06,
4018,Vi_Yamaha_F335_piezo_to_AJ_JJasmine_JF37CD_mic,6.534599910647739e-06,,5.902959140041849e-06,,7.754911163213082e-06,,2.542786067168655e-06,,2.6279900197872337e-06,,3.7234722151499554e-06,
4019,Vi_Yamaha_F335_piezo_to_AJ_JJasmine_JF37CD_piezo,6.429333493089054e-06,,3.6238264499476686e-06,,2.6295445950832672e-06,,2.7341458539466343e-06,,2.401425793545591e-06,,3.4249035707330546e-06,
4020,Vi_Yamaha_F335_mic_to_AJ_JJasmine_JF37CD_mic,5.842596534651472e-06,,6.194960203101914e-06,,7.355526090674513e-06,,3.4291107080369325e-06,,2.810555422046832e-06,,3.4229173437835887e-06,
4021,Vi_Yamaha_F335_mic_to_AJ_JJasmine_JF37CD_piezo,2.6250345632013494e-06,,2.9074758171162904e-06,,4.865453741630055e-06,,4.71253129592897e-06,,3.7848534141721596e-06,,4.824911771204318e-06,
4022,Vi_Yamaha_F335_piezo_to_AJ_JJasmine_JF37CD_mic,3.2794479146151478e-06,,5.86834914403638e-06,,4.949219182336093e-06,,3.950353913693785e-06,,3.6583204900990357e-06,,4.655499954534077e-06,
4023,Vi_Yamaha_F335_piezo_to_AJ_JJasmine_JF37CD_piezo,2.962888367059294e-06,,5.759209152549764e-06,,2.63982382478576e-06,,4.073745063697272e-06,,3.008246712167163e-06,,3.3878282652991084e-06,
4024,Vi_Yamaha_F335_mic_to_AJ_JJasmine_JF37CD_mic,5.808507227289479e-06,,5.3130255803971685e-06,,7.271737164447007e-06,,3.4071878451520174e-06,,3.828121225240741e-06,,3.2340925873691806e-06,
4025,Vi_Yamaha_F335_mic_to_AJ_JJasmine_JF37CD_piezo,2.425616979497338e-06,,2.202633336879733e-06,,4.738176477306632e-06,,4.403538649873394e-06,,4.2425986097446345e-06,,4.113902128843675e-06,
4026,Vi_Yamaha_F335_piezo_to_AJ_JJasmine_JF37CD_mic,5.158588923175239e-06,,5.030078917849083e-06,,7.777405346794638e-06,,3.5066545263722577e-06,,3.4061923750199117e-06,,4.4546937830516935e-06,
4027,Vi_Yamaha_F335_piezo_to_AJ_JJasmine_JF37CD_piezo,4.300691351671065e-06,,2.444612794248855e-06,,3.1465038116930074e-06,,3.374824106085083e-06,,2.768211541626644e-06,,4.796228717919425e-06,
4028,Vi_Yamaha_F335_mic_to_AJ_JJasmine_JF37CD_mic,4.013951771285256e-06,,4.145219499630003e-06,,7.409743094078365e-06,,2.871072903013343e-06,,3.0017175959545705e-06,,3.921273247894104e-06,
4029,Vi_Yamaha_F335_mic_to_AJ_JJasmine_JF37CD_piezo,2.908882902625382e-06,,2.65856427635663e-06,,5.851513882112897e-06,,4.708366729761969e-06,,4.366878279200476e-06,,3.4351449733275505e-06,
4030,Vi_Yamaha_F335_piezo_to_AJ_JJasmine_JF37CD_mic,5.015521134426421e-06,,4.60305242642113e-06,,5.44381811925724e-06,,1.880707345424606e-06,,2.6258174730660153e-06,,3.4689253623377292e-06,
4031,Vi_Yamaha_F335_piezo_to_AJ_JJasmine_JF37CD_piezo,5.976520545685221e-06,,5.463245094769487e-06,,3.1096935695549213e-06,,3.4752488038911662e-06,,2.857757653050772e-06,,5.321203059874043e-06,
4032,Vi_Yamaha_F335_mic_to_Classical_Unknown_mic,3.477081300474338e-06,,3.682369079242354e-06,,4.642937182960803e-06,,4.5860492117671075e-06,,4.938150611452561e-06,,4.865565287743547e-06,
4033,Vi_Yamaha_F335_mic_to_Classical_Unknown_piezo,3.858170405272692e-06,,5.150955077280289e-06,,2.155268582686818e-06,,1.919447681171763e-06,,2.8541309003164826e-06,,1.7426120004097521e-06,
4034,Vi_Yamaha_F335_piezo_to_Classical_Unknown_mic,6.434055331689691e-06,,4.694301152672683e-06,,6.983160085953911e-06,,3.5547571290136055e-06,,3.3881241408959547e-06,,2.891508404194325e-06,
4035,Vi_Yamaha_F335_piezo_to_Classical_Unknown_piezo,5.589442566574539e-06,,5.80572187059583e-06,,4.5745173842775095e-06,,1.4503953431095481e-06,,2.4457016647662614e-06,,1.6167838765899736e-06,
4036,Vi_Yamaha_F335_mic_to_Classical_Unknown_mic,4.028987386257943e-06,,5.038238440986567e-06,,4.952541966494874e-06,,4.012660849972443e-06,,3.401723588256526e-06,,5.502984350781489e-06,
4037,Vi_Yamaha_F335_mic_to_Classical_Unknown_piezo,2.4462617619175894e-06,,5.927958785724271e-06,,2.202400849842623e-06,,2.0613878451467736e-06,,3.2215024198545758e-06,,1.7333473426599102e-06,
4038,Vi_Yamaha_F335_piezo_to_Classical_Unknown_mic,5.312568617353032e-06,,4.253842677019025e-06,,5.820072553919461e-06,,3.3584064298587125e-06,,4.952023810690194e-06,,3.252783433456438e-06,
4039,Vi_Yamaha_F335_piezo_to_Classical_Unknown_piezo,4.637408886186664e-06,,5.997070101096437e-06,,5.768130664632734e-06,,2.9516111321549206e-06,,2.051156529347973e-06,,2.798015837282812e-06,
4040,Vi_Yamaha_F335_mic_to_Classical_Unknown_mic,3.0470618942100117e-06,,4.028504427116796e-06,,4.412605429306147e-06,,4.02688919421887e-06,,4.942396479618007e-06,,5.619279217120851e-06,
4041,Vi_Yamaha_F335_mic_to_Classical_Unknown_piezo,4.276741881465153e-06,,4.255915174657069e-06,,2.2452397013764164e-06,,2.030447172439423e-06,,2.067873113313291e-06,,1.8554577937947974e-06,
4042,Vi_Yamaha_F335_piezo_to_Classical_Unknown_mic,4.477999794572209e-06,,4.493762814522514e-06,,5.147711237878271e-06,,3.287671404353536e-06,,4.647957788217552e-06,,2.835353802917259e-06,
4043,Vi_Yamaha_F335_piezo_to_Classical_Unknown_piezo,4.012392315840584e-06,,5.685066556568075e-06,,4.7644503420922634e-06,,2.140645034018934e-06,,2.384461299302957e-06,,2.1802960983515692e-06,
4044,Vi_Yamaha_F335_mic_to_Classical_Unknown_mic,4.109727804501218e-06,,4.119492754336011e-06,,4.220865109854762e-06,,4.365014794505673e-06,,5.117643167347886e-06,,6.218875158134686e-06,
4045,Vi_Yamaha_F335_mic_to_Classical_Unknown_piezo,3.323943136012806e-06,,3.5267440111362314e-06,,2.214599628623693e-06,,2.3383124517065518e-06,,3.5999109347871245e-06,,2.1434563964946513e-06,
4046,Vi_Yamaha_F335_piezo_to_Classical_Unknown_mic,4.343589138144136e-06,,4.1277658619609845e-06,,8.499788531245305e-06,,2.4741816190934492e-06,,3.4878910162310173e-06,,5.025491548465581e-06,
4047,Vi_Yamaha_F335_piezo_to_Classical_Unknown_piezo,3.996227270162933e-06,,5.585526591272098e-06,,5.095557156947513e-06,,4.022228298464255e-06,,3.2784688651799548e-06,,3.734212671641806e-06,
4048,Vi_Yamaha_F335_mic_to_Classical_Unknown_mic,3.982910591977628e-06,,3.7547460801607377e-06,,4.082424203825931e-06,,3.860305606135643e-06,,5.485099210764266e-06,,6.223236514988235e-06,
4049,Vi_Yamaha_F335_mic_to_Classical_Unknown_piezo,3.1410601526213624e-06,,5.430188177310905e-06,,2.3891195022401727e-06,,2.768909338120265e-06,,3.2950767443915163e-06,,2.086811475781269e-06,
4050,Vi_Yamaha_F335_piezo_to_Classical_Unknown_mic,3.323424412993723e-06,,4.397995286207881e-06,,6.703411450261138e-06,,2.243737436973397e-06,,2.9407050409630135e-06,,4.007059395100149e-06,
4051,Vi_Yamaha_F335_piezo_to_Classical_Unknown_piezo,3.4745647495016113e-06,,6.958601127705736e-06,,6.3487525436372614e-06,,2.879351907785734e-06,,2.7014029410563654e-06,,2.567392645223482e-06,
4052,Vi_Yamaha_F335_mic_to_Classical_Unknown_mic,3.6343712847016625e-06,,4.389178293443273e-06,,4.5601620709293915e-06,,4.985925731966408e-06,,5.588988200583739e-06,,5.8533212668377175e-06,
4053,Vi_Yamaha_F335_mic_to_Classical_Unknown_piezo,4.4704164376895355e-06,,5.350265196327735e-06,,2.3624557463341236e-06,,1.9524657930307975e-06,,3.3230594991503455e-06,,2.20552837035687e-06,
4054,Vi_Yamaha_F335_piezo_to_Classical_Unknown_mic,3.5633510115719157e-06,,4.617721457235212e-06,,6.712837933977321e-06,,2.8453922081592155e-06,,3.546614734245083e-06,,3.5454727265808094e-06,
4055,Vi_Yamaha_F335_piezo_to_Classical_Unknown_piezo,4.5650830002304335e-06,,5.612881168250566e-06,,8.44154870311782e-06,,3.0265922900567035e-06,,3.690999760985161e-06,,3.1256754270184415e-06,
4056,Vi_Yamaha_F335_mic_to_Classical_Unknown_mic,4.994619953240836e-06,,4.827582351618421e-06,,4.173364167469377e-06,,3.3718875271659516e-06,,3.907375017132183e-06,,6.368681094975053e-06,
4057,Vi_Yamaha_F335_mic_to_Classical_Unknown_piezo,2.7020127248077147e-06,,2.421102867902013e-06,,2.249856633276532e-06,,2.99417840499022e-06,,3.5088701636498092e-06,,1.8386363105014067e-06,
4058,Vi_Yamaha_F335_piezo_to_Classical_Unknown_mic,3.201901943296665e-06,,4.490804359979435e-06,,3.845882688360147e-06,,4.311367206024592e-06,,3.3582625171202685e-06,,2.739250420212976e-06,
4059,Vi_Yamaha_F335_piezo_to_Classical_Unknown_piezo,2.212438554040338e-06,,6.835714001979032e-06,,4.157693770803373e-06,,1.847671096165429e-06,,2.7561110362721487e-06,,1.9788955065050025e-06,
4060,Vi_Yamaha_F335_mic_to_Classical_Unknown_mic,4.577013569335089e-06,,4.404053321001843e-06,,4.1655561370608195e-06,,3.5366853890488524e-06,,4.171471426417463e-06,,5.686175193390066e-06,
4061,Vi_Yamaha_F335_mic_to_Classical_Unknown_piezo,2.229093364987956e-06,,2.936829209880189e-06,,5.178765361545858e-06,,3.0064026536112473e-06,,3.3700299982243406e-06,,3.2151879282334664e-06,
4062,Vi_Yamaha_F335_piezo_to_Classical_Unknown_mic,3.029867668698369e-06,,4.047732032728253e-06,,3.1359610286666143e-06,,2.5122837314038878e-06,,5.068140603731892e-06,,2.6766188918518186e-06,
4063,Vi_Yamaha_F335_piezo_to_Classical_Unknown_piezo,5.639109343770844e-06,,6.64251237051803e-06,,3.618320629081749e-06,,2.1076713655127526e-06,,2.997512612366935e-06,,1.5892857589713348e-06,
4064,Vi_Yamaha_F335_mic_to_Classical_Unknown_mic,5.230374897531433e-06,,4.759349819175092e-06,,4.868825747999459e-06,,3.298114232205449e-06,,3.6275790812199864e-06,,5.069932139648772e-06,
4065,Vi_Yamaha_F335_mic_to_Classical_Unknown_piezo,1.986543530191029e-06,,2.7340750909994017e-06,,2.0410890713611834e-06,,2.008023192212614e-06,,2.4703026626158307e-06,,1.5504101602016534e-06,
4066,Vi_Yamaha_F335_piezo_to_Classical_Unknown_mic,4.576510970725605e-06,,4.081576519202618e-06,,5.201994504896815e-06,,1.8462391389754007e-06,,2.3839350972932016e-06,,2.627406091916958e-06,
4067,Vi_Yamaha_F335_piezo_to_Classical_Unknown_piezo,2.541196618384269e-06,,4.489079406426726e-06,,5.016240490810178e-06,,1.8859403306762412e-06,,1.8590510929323615e-06,,1.7260083671972166e-06,
4068,Vi_Yamaha_F335_mic_to_Classical_Unknown_mic,8.293865451991512e-06,,6.339491776688865e-06,,8.098576897225474e-06,,3.991652440149441e-06,,5.054513027577761e-06,,4.367659778520411e-06,
4069,Vi_Yamaha_F335_mic_to_Classical_Unknown_piezo,1.8745110311035298e-06,,2.2312741183641565e-06,,3.4181441701085793e-06,,2.601330809809286e-06,,3.414922483122653e-06,,2.2520324519069947e-06,
4070,Vi_Yamaha_F335_piezo_to_Classical_Unknown_mic,3.926322108975778e-06,,3.431745265974056e-06,,5.388886675194119e-06,,4.6477756437092025e-06,,3.7193768913953023e-06,,4.7670235155938354e-06,
4071,Vi_Yamaha_F335_piezo_to_Classical_Unknown_piezo,3.0911900185669993e-06,,5.1805847473407044e-06,,2.9764966997358173e-06,,1.752930385059343e-06,,1.9767569657040694e-06,,1.9784334253042292e-06,
4072,Vi_Yamaha_F335_mic_to_Classical_Unknown_mic,7.985115914508419e-06,,7.1881922426035775e-06,,7.467643888644466e-06,,3.2967281897697427e-06,,4.101638947504446e-06,,3.3467793725130402e-06,
4073,Vi_Yamaha_F335_mic_to_Classical_Unknown_piezo,2.214835508952731e-06,,2.153752141348732e-06,,2.146382683421326e-06,,2.498904800830744e-06,,3.822445351722e-06,,1.654552303433453e-06,
4074,Vi_Yamaha_F335_piezo_to_Classical_Unknown_mic,5.426868263434809e-06,,4.854294918833373e-06,,8.00369768053314e-06,,4.631287236018735e-06,,3.279838192741695e-06,,3.0397898625119945e-06,
4075,Vi_Yamaha_F335_piezo_to_Classical_Unknown_piezo,3.3381463303951112e-06,,4.285195967774676e-06,,3.660646381593513e-06,,2.329634644602153e-06,,2.5867983093099633e-06,,2.0612982407127677e-06,
4076,Vi_Yamaha_F335_mic_to_Classical_Unknown_mic,8.34793704236291e-06,,7.580371088823141e-06,,8.062852336503754e-06,,3.476118218102883e-06,,3.6453190245004047e-06,,4.097480468842814e-06,
4077,Vi_Yamaha_F335_mic_to_Classical_Unknown_piezo,2.2600018585891306e-06,,2.4106500965882427e-06,,2.000420409346433e-06,,2.2838057983212463e-06,,2.738988210922616e-06,,3.0724621823246115e-06,
4078,Vi_Yamaha_F335_piezo_to_Classical_Unknown_mic,5.594584932647434e-06,,5.554921657937076e-06,,4.791135553460091e-06,,3.3828063804154666e-06,,3.2270026930457954e-06,,2.8495602754305407e-06,
4079,Vi_Yamaha_F335_piezo_to_Classical_Unknown_piezo,4.387821112322944e-06,,5.856089376357341e-06,,3.5345475498545358e-06,,2.319802419496499e-06,,2.7308804544632885e-06,,1.9481365634813076e-06,
4080,Vi_Yamaha_F335_mic_to_Classical_Unknown_mic,3.056960643022952e-06,,3.8320466638538425e-06,,6.20214615392863e-06,,2.0755317752714923e-06,,2.002203537960519e-06,,4.437733694616006e-06,
4081,Vi_Yamaha_F335_mic_to_Classical_Unknown_piezo,1.9051824015519506e-06,,1.726137111680734e-06,,2.3392126882407147e-06,,1.8964878406006267e-06,,1.7075516658129063e-06,,1.7119107503105097e-06,
4082,Vi_Yamaha_F335_piezo_to_Classical_Unknown_mic,2.9643466346662606e-06,,3.4478963675129154e-06,,4.304799024462064e-06,,1.9761125166734726e-06,,4.401424332530988e-06,,3.937212245152529e-06,
4083,Vi_Yamaha_F335_piezo_to_Classical_Unknown_piezo,4.1517515610269e-06,,5.531469798697279e-06,,4.872054775133e-06,,1.9953949885719535e-06,,2.045568474844056e-06,,2.983198731248134e-06,
4084,Vi_Yamaha_F335_mic_to_Classical_Unknown_mic,5.17821594563234e-06,,8.422771202661353e-06,,6.776072327107497e-06,,3.374676704382496e-06,,2.4895004219171658e-06,,4.73422322257929e-06,
4085,Vi_Yamaha_F335_mic_to_Classical_Unknown_piezo,2.8222583375067116e-06,,6.749611381947384e-06,,2.2720822041054358e-06,,1.7977805241873982e-06,,2.3343523956065775e-06,,1.7042888507914315e-06,
4086,Vi_Yamaha_F335_piezo_to_Classical_Unknown_mic,4.596024024012565e-06,,5.008228704929015e-06,,5.488166531018681e-06,,1.92427907922496e-06,,3.842365890229078e-06,,3.6085609598833796e-06,
4087,Vi_Yamaha_F335_piezo_to_Classical_Unknown_piezo,6.716560111892024e-06,,7.5485223395188505e-06,,3.9259677958762e-06,,2.6430507671919774e-06,,2.286133685684368e-06,,2.38126243454642e-06,
4088,Vi_Yamaha_F335_mic_to_Classical_Unknown_mic,4.6138244719050345e-06,,4.584508076328779e-06,,7.576818814015914e-06,,2.5847136965848607e-06,,2.7130506940816286e-06,,3.852911290526805e-06,
4089,Vi_Yamaha_F335_mic_to_Classical_Unknown_piezo,3.763520716157534e-06,,1.679790391187887e-06,,2.4662274123919566e-06,,1.8762771877774497e-06,,2.538955405802343e-06,,2.008168218550606e-06,
4090,Vi_Yamaha_F335_piezo_to_Classical_Unknown_mic,5.537433777288103e-06,,4.001508972997077e-06,,3.2454009556955623e-06,,2.727929950618475e-06,,4.661514536331499e-06,,3.3012074459161437e-06,
4091,Vi_Yamaha_F335_piezo_to_Classical_Unknown_piezo,6.640227013625596e-06,,5.700333704229108e-06,,4.419397196482513e-06,,2.7759808205957755e-06,,2.6259694126818835e-06,,2.3645824263836256e-06,
4092,Vi_Yamaha_F335_mic_to_Classical_Unknown_mic,3.108456828009348e-06,,3.6884677349598353e-06,,4.906773973843537e-06,,4.281237313003279e-06,,4.705185812154047e-06,,5.753581131605347e-06,
4093,Vi_Yamaha_F335_mic_to_Classical_Unknown_piezo,3.153171272502767e-06,,5.3501642826459565e-06,,2.297986423702021e-06,,2.4231176173972745e-06,,3.534087902025577e-06,,1.9117336809020177e-06,
4094,Vi_Yamaha_F335_piezo_to_Classical_Unknown_mic,7.020843817745761e-06,,7.380185870598844e-06,,6.256339025781316e-06,,2.784959579664649e-06,,2.8648623864346863e-06,,3.5383196460123417e-06,
4095,Vi_Yamaha_F335_piezo_to_Classical_Unknown_piezo,7.330394893972839e-06,,4.549422033019406e-06,,6.499443701240927e-06,,2.025904464176206e-06,,3.09306061285608e-06,,2.157877962116019e-06,
4096,Vi_Yamaha_F335_mic_to_Classical_Unknown_mic,4.157151249417355e-06,,4.0537449175288146e-06,,4.890313746729985e-06,,4.3112215121090415e-06,,5.036945680764718e-06,,5.134828540882207e-06,
4097,Vi_Yamaha_F335_mic_to_Classical_Unknown_piezo,2.7793004954134804e-06,,3.750862217019668e-06,,2.4704384119776333e-06,,2.1918159940311824e-06,,2.678046657440352e-06,,1.6860679757687665e-06,
4098,Vi_Yamaha_F335_piezo_to_Classical_Unknown_mic,4.585453033353873e-06,,6.922557382901516e-06,,7.64150440335069e-06,,2.597318383979571e-06,,4.285123876948488e-06,,3.6167975693638233e-06,
4099,Vi_Yamaha_F335_piezo_to_Classical_Unknown_piezo,4.415770427839272e-06,,5.04099365059394e-06,,6.735121063283216e-06,,2.4450856704737557e-06,,4.020899334118891e-06,,1.946094105015734e-06,
4100,Vi_Yamaha_F335_mic_to_Classical_Unknown_mic,6.78085069036548e-06,,8.512430031243609e-06,,5.581188298069025e-06,,3.153608805453423e-06,,3.902220367550349e-06,,5.3309213494440014e-06,
4101,Vi_Yamaha_F335_mic_to_Classical_Unknown_piezo,3.242158695179925e-06,,4.4981787335198845e-06,,2.1428944812028894e-06,,2.444445539866867e-06,,2.9317276353442043e-06,,2.003482166518103e-06,
4102,Vi_Yamaha_F335_piezo_to_Classical_Unknown_mic,3.3696464194132075e-06,,7.1542069965765275e-06,,4.6406341199539606e-06,,2.3297109060131005e-06,,2.805516447349852e-06,,3.0059415146887605e-06,
4103,Vi_Yamaha_F335_piezo_to_Classical_Unknown_piezo,6.029612292368828e-06,,7.719200703719823e-06,,6.619621530080992e-06,,2.354507027313079e-06,,2.9016505041114426e-06,,2.416488957825174e-06,
4104,Vi_Yamaha_F335_mic_to_Classical_Unknown_mic,5.144368034818578e-06,,4.213365405930666e-06,,3.892487017070719e-06,,3.272841577632622e-06,,4.275558890456392e-06,,5.547076751498589e-06,
4105,Vi_Yamaha_F335_mic_to_Classical_Unknown_piezo,2.5672864652785513e-06,,2.429153436317509e-06,,2.3135252422292328e-06,,2.954242761088332e-06,,3.4673023892420667e-06,,1.8480437831514015e-06,
4106,Vi_Yamaha_F335_piezo_to_Classical_Unknown_mic,6.578567068786733e-06,,5.000636669580054e-06,,4.27628214740331e-06,,3.600109872197533e-06,,3.591733513253393e-06,,3.125091225632491e-06,
4107,Vi_Yamaha_F335_piezo_to_Classical_Unknown_piezo,2.0842425721471853e-06,,4.6251198396768975e-06,,5.58888303736739e-06,,1.7109059232887683e-06,,2.604209935090954e-06,,2.338908066777126e-06,
4108,Vi_Yamaha_F335_mic_to_Classical_Unknown_mic,3.971223461033627e-06,,5.4117618485335495e-06,,4.9253072147306585e-06,,3.4833572551046065e-06,,3.5743294203364608e-06,,5.146171161167067e-06,
4109,Vi_Yamaha_F335_mic_to_Classical_Unknown_piezo,2.0767522660488425e-06,,2.402963911773748e-06,,3.040154371246552e-06,,1.949928155273499e-06,,2.8817906978203642e-06,,1.998970673104175e-06,
4110,Vi_Yamaha_F335_piezo_to_Classical_Unknown_mic,6.765197688996486e-06,,6.436492552833303e-06,,3.689795146147313e-06,,2.2931956040185187e-06,,2.85725836970816e-06,,3.1828495440960328e-06,
4111,Vi_Yamaha_F335_piezo_to_Classical_Unknown_piezo,2.961139524205056e-06,,5.990258253027896e-06,,5.040844948324716e-06,,2.0508528463074357e-06,,1.7509111463658437e-06,,1.8613307365768275e-06,
4112,Vi_Yamaha_F335_mic_to_Classical_Unknown_mic,4.937089539801258e-06,,5.851031205134401e-06,,5.411926841287064e-06,,3.0729078696156175e-06,,3.3505493479969196e-06,,3.2090146164391525e-06,
4113,Vi_Yamaha_F335_mic_to_Classical_Unknown_piezo,2.096333157258075e-06,,2.6715990896623187e-06,,2.9386382373538004e-06,,1.8019274566708902e-06,,2.558091216969814e-06,,1.5402316360844762e-06,
4114,Vi_Yamaha_F335_piezo_to_Classical_Unknown_mic,4.159492914994434e-06,,6.67607522880588e-06,,3.645384416822343e-06,,2.328054826636439e-06,,2.715189271396299e-06,,3.005486878479023e-06,
4115,Vi_Yamaha_F335_piezo_to_Classical_Unknown_piezo,2.232982105767396e-06,,3.913953262088482e-06,,4.318552380864697e-06,,1.6298122675045603e-06,,1.8122424330860665e-06,,1.6553056000001072e-06,
4116,Vi_Yamaha_F335_mic_to_Classical_Unknown_mic,7.432693994481901e-06,,7.466466826375361e-06,,8.459476776682365e-06,,3.804319555809286e-06,,4.851727272488113e-06,,4.146453518064485e-06,
4117,Vi_Yamaha_F335_mic_to_Classical_Unknown_piezo,1.9035602225375364e-06,,2.2437909930271926e-06,,2.931365456959189e-06,,2.4452511372800954e-06,,3.5398454574712515e-06,,2.0482781844689844e-06,
4118,Vi_Yamaha_F335_piezo_to_Classical_Unknown_mic,4.976031695688243e-06,,3.6199430292197987e-06,,4.439739356682089e-06,,3.446031812099815e-06,,3.3685126983832563e-06,,4.138051560757138e-06,
4119,Vi_Yamaha_F335_piezo_to_Classical_Unknown_piezo,3.798096345078033e-06,,5.588979789083659e-06,,4.403514315863771e-06,,1.6400056199985796e-06,,2.103789000331679e-06,,1.953200236958943e-06,
4120,Vi_Yamaha_F335_mic_to_Classical_Unknown_mic,6.557418898539392e-06,,6.8070114408018075e-06,,8.009740836475268e-06,,4.095484677354899e-06,,4.477927458522563e-06,,4.54915125838969e-06,
4121,Vi_Yamaha_F335_mic_to_Classical_Unknown_piezo,2.0662022449064857e-06,,2.0485820512360456e-06,,1.9491319361758456e-06,,2.5146432662414654e-06,,3.7908574042716164e-06,,1.8198537682561387e-06,
4122,Vi_Yamaha_F335_piezo_to_Classical_Unknown_mic,6.1438211839835245e-06,,6.811551059977262e-06,,6.680945068795752e-06,,4.5387517268025985e-06,,3.2153549609530686e-06,,3.0025807559011317e-06,
4123,Vi_Yamaha_F335_piezo_to_Classical_Unknown_piezo,3.615511779065904e-06,,7.90464726135028e-06,,3.950608244393287e-06,,2.3124066146038923e-06,,2.6662689877645163e-06,,1.8455870250389322e-06,
4124,Vi_Yamaha_F335_mic_to_Classical_Unknown_mic,8.038803701314164e-06,,8.122244598104169e-06,,8.302576478227204e-06,,3.174738375999482e-06,,3.818475918301209e-06,,3.5397329917231096e-06,
4125,Vi_Yamaha_F335_mic_to_Classical_Unknown_piezo,2.3760091038773176e-06,,2.270321567855805e-06,,1.7437613484789157e-06,,2.124147043046662e-06,,2.511878658304961e-06,,2.0712421557313434e-06,
4126,Vi_Yamaha_F335_piezo_to_Classical_Unknown_mic,5.770396075499144e-06,,6.061958956318856e-06,,4.868465513219101e-06,,4.053050272658633e-06,,3.2146458664208918e-06,,3.015074259805208e-06,
4127,Vi_Yamaha_F335_piezo_to_Classical_Unknown_piezo,3.922235874800325e-06,,5.897140578381025e-06,,3.7204960326838806e-06,,2.390187655252724e-06,,2.8378321029651127e-06,,2.077952996784853e-06,
4128,Vi_Yamaha_F335_mic_to_Classical_Unknown_mic,5.366649906937627e-06,,3.534604565201494e-06,,3.960157271316274e-06,,4.946897094972399e-06,,4.110612639645317e-06,,6.140472689462361e-06,
4129,Vi_Yamaha_F335_mic_to_Classical_Unknown_piezo,3.1353435739606695e-06,,5.47423827629277e-06,,2.2687986089002853e-06,,2.9463975422810494e-06,,3.9059631044063365e-06,,2.012526987906364e-06,
4130,Vi_Yamaha_F335_piezo_to_Classical_Unknown_mic,6.065422938048994e-06,,3.89724063626094e-06,,7.137355054941974e-06,,2.6452386072499434e-06,,4.207018673477486e-06,,2.8401185861329054e-06,
4131,Vi_Yamaha_F335_piezo_to_Classical_Unknown_piezo,3.960733073111744e-06,,5.6668183770330205e-06,,6.813240707016951e-06,,2.280175051668755e-06,,2.8556141444940424e-06,,1.7992556839746134e-06,
4132,Vi_Yamaha_F335_mic_to_Classical_Unknown_mic,3.9729117858369494e-06,,7.777893928738624e-06,,3.315080531236754e-06,,4.0301021900356316e-06,,3.247875404745606e-06,,5.150901732345268e-06,
4133,Vi_Yamaha_F335_mic_to_Classical_Unknown_piezo,2.620804683200922e-06,,4.854908621034887e-06,,2.4396658257281922e-06,,2.1769208443675044e-06,,3.1863295039552057e-06,,1.9033235391806514e-06,
4134,Vi_Yamaha_F335_piezo_to_Classical_Unknown_mic,3.5388234827777636e-06,,3.6729052990541808e-06,,7.813795629223378e-06,,3.9676208201232844e-06,,5.132409592826952e-06,,3.676953489822253e-06,
4135,Vi_Yamaha_F335_piezo_to_Classical_Unknown_piezo,6.599567061322887e-06,,7.444736679533015e-06,,6.926171212708294e-06,,2.3567981245228984e-06,,3.0744262587914052e-06,,2.1160130651784957e-06,
4136,Vi_Yamaha_F335_mic_to_Classical_Unknown_mic,3.8102786782050045e-06,,4.44572116900711e-06,,3.925930258553589e-06,,4.476295705937266e-06,,5.364356677179644e-06,,5.854592931431826e-06,
4137,Vi_Yamaha_F335_mic_to_Classical_Unknown_piezo,3.853131889358011e-06,,4.640163523794133e-06,,3.172307338398791e-06,,2.0363178791954576e-06,,2.843664765761701e-06,,1.7243039082961421e-06,
4138,Vi_Yamaha_F335_piezo_to_Classical_Unknown_mic,3.0980843101061e-06,,3.5646485221185424e-06,,5.917955348383139e-06,,4.64825543634629e-06,,4.944754109865793e-06,,3.864470494093643e-06,
4139,Vi_Yamaha_F335_piezo_to_Classical_Unknown_piezo,6.658871368088456e-06,,5.435445628717084e-06,,4.997795096651856e-06,,2.011449903971751e-06,,3.230505503950446e-06,,1.923834810847932e-06,
4140,Vi_Yamaha_F335_mic_to_Classical_Unknown_mic,7.0056852299951225e-06,,8.029145146222926e-06,,6.2162103098518525e-06,,3.5531757788201936e-06,,4.543141116171263e-06,,4.494135577853243e-06,
4141,Vi_Yamaha_F335_mic_to_Classical_Unknown_piezo,2.688406085888479e-06,,3.7657744521147087e-06,,2.2513541441091184e-06,,3.0137989729156845e-06,,4.205329598562558e-06,,2.0675305591453565e-06,
4142,Vi_Yamaha_F335_piezo_to_Classical_Unknown_mic,4.950012292089043e-06,,4.019248134049164e-06,,6.785784174863925e-06,,4.401977465246547e-06,,4.885174195164673e-06,,4.149211188982705e-06,
4143,Vi_Yamaha_F335_piezo_to_Classical_Unknown_piezo,6.756097440494369e-06,,7.338979234866e-06,,5.3818103654524275e-06,,2.434076567239774e-06,,2.596638483876494e-06,,2.4956357824017607e-06,
4144,Vi_Yamaha_F335_mic_to_Classical_Unknown_mic,4.881148463813127e-06,,5.09034743022942e-06,,5.47262183361104e-06,,2.6996906970992415e-06,,4.193965007812486e-06,,4.066220991850494e-06,
4145,Vi_Yamaha_F335_mic_to_Classical_Unknown_piezo,2.8790028991510517e-06,,4.530250504800091e-06,,2.311390046351807e-06,,2.0196317532120585e-06,,4.2729493484965325e-06,,1.884882606213066e-06,
4146,Vi_Yamaha_F335_piezo_to_Classical_Unknown_mic,5.985139153928959e-06,,3.141500267323737e-06,,5.7352185095057065e-06,,2.9385686717380745e-06,,3.844225404741099e-06,,4.009070199822389e-06,
4147,Vi_Yamaha_F335_piezo_to_Classical_Unknown_piezo,4.596764734307628e-06,,6.622027258707344e-06,,5.228374107495553e-06,,2.496875134631342e-06,,2.795438360549689e-06,,2.580993908090337e-06,
4148,Vi_Yamaha_F335_mic_to_Classical_Unknown_mic,4.312180535047769e-06,,4.3051240694499994e-06,,5.402905016051448e-06,,3.2911165927876633e-06,,4.511728926026348e-06,,4.203315557054545e-06,
4149,Vi_Yamaha_F335_mic_to_Classical_Unknown_piezo,3.1452802088453317e-06,,4.356586843479107e-06,,2.282485851610422e-06,,2.187579041976925e-06,,3.3113060532342645e-06,,2.2340186137825354e-06,
4150,Vi_Yamaha_F335_piezo_to_Classical_Unknown_mic,6.396283875040441e-06,,5.844661563483585e-06,,8.095870093627296e-06,,3.2493735103782426e-06,,4.055092294185002e-06,,3.6616489617632363e-06,
4151,Vi_Yamaha_F335_piezo_to_Classical_Unknown_piezo,3.7045855688051876e-06,,3.733758663481441e-06,,3.698895479556652e-06,,2.346322778832272e-06,,2.9457697827503358e-06,,2.348871986311429e-06,
4152,Vi_Yamaha_F335_mic_to_Classical_Unknown_mic,5.3631167303655395e-06,,3.82138778532116e-06,,8.80989416918236e-06,,2.811357542247797e-06,,4.521669120172235e-06,,3.6147351255020014e-06,
4153,Vi_Yamaha_F335_mic_to_Classical_Unknown_piezo,2.9511462162241185e-06,,2.3038465628716642e-06,,2.4145769800436854e-06,,2.24914984589566e-06,,3.1483475216983815e-06,,1.6761051438497967e-06,
4154,Vi_Yamaha_F335_piezo_to_Classical_Unknown_mic,4.504344767966773e-06,,3.498096179160361e-06,,5.648478900067655e-06,,2.4627742966082775e-06,,3.594722969431007e-06,,2.7395022878043032e-06,
4155,Vi_Yamaha_F335_piezo_to_Classical_Unknown_piezo,3.957643970565662e-06,,3.4802428787176546e-06,,4.025327242792648e-06,,2.1249801745929415e-06,,2.0895751710732e-06,,1.9118650235113688e-06,
4156,Vi_Yamaha_F335_mic_to_Classical_Unknown_mic,3.965533542462501e-06,,3.7495550190038617e-06,,8.842226550364095e-06,,3.1609568445721945e-06,,5.250047257539124e-06,,3.925160864101265e-06,
4157,Vi_Yamaha_F335_mic_to_Classical_Unknown_piezo,2.8367844147226827e-06,,2.304962114219279e-06,,2.355896347762973e-06,,1.859066246844668e-06,,2.600672727470481e-06,,1.7324919811430505e-06,
4158,Vi_Yamaha_F335_piezo_to_Classical_Unknown_mic,4.807588832096443e-06,,3.762294309369823e-06,,5.233922631420009e-06,,2.6198510266307e-06,,3.219620856066521e-06,,3.1552344617567484e-06,
4159,Vi_Yamaha_F335_piezo_to_Classical_Unknown_piezo,5.585827088016154e-06,,4.36526919455872e-06,,4.071749476793953e-06,,2.3006304086802304e-06,,2.0567217607532256e-06,,2.1856613340447172e-06,
4160,Vi_Yamaha_F335_mic_to_Classical_Unknown_mic,4.655824303839605e-06,,4.136451698189399e-06,,8.416556839026144e-06,,4.440972294990461e-06,,4.930440773447015e-06,,4.624613235315612e-06,
4161,Vi_Yamaha_F335_mic_to_Classical_Unknown_piezo,2.7997582959407553e-06,,2.7538512719802606e-06,,2.1404095876621803e-06,,2.008149616948928e-06,,2.4019227171491807e-06,,1.7081580632696354e-06,
4162,Vi_Yamaha_F335_piezo_to_Classical_Unknown_mic,4.46921085865325e-06,,3.577879958713766e-06,,6.115159057843131e-06,,4.556645905761035e-06,,2.989927423423625e-06,,3.3170830817470686e-06,
4163,Vi_Yamaha_F335_piezo_to_Classical_Unknown_piezo,5.389756929367524e-06,,3.869533387410411e-06,,4.459579403515076e-06,,1.9219363741560923e-06,,2.316898412801448e-06,,2.2317153983810076e-06,
4164,Vi_Yamaha_F335_mic_to_Classical_Unknown_mic,6.56869872641802e-06,,7.290721392875969e-06,,7.5236971659948015e-06,,5.365749090366403e-06,,4.411051169191302e-06,,5.5694004788042364e-06,
4165,Vi_Yamaha_F335_mic_to_Classical_Unknown_piezo,2.4313907871587868e-06,,3.1008746550621827e-06,,3.790602045538942e-06,,2.4239383035143696e-06,,3.527434125601137e-06,,2.2756475012958158e-06,
4166,Vi_Yamaha_F335_piezo_to_Classical_Unknown_mic,4.644548531352848e-06,,2.86474103230801e-06,,5.709821923006121e-06,,2.1366018387364533e-06,,2.2380226994938997e-06,,4.848819919868913e-06,
4167,Vi_Yamaha_F335_piezo_to_Classical_Unknown_piezo,3.3317218652067703e-06,,2.904284625895334e-06,,2.9700022779268968e-06,,1.671279206955909e-06,,1.5149346097324465e-06,,1.8360156680778745e-06,
4168,Vi_Yamaha_F335_mic_to_Classical_Unknown_mic,8.229447361388297e-06,,6.993876117741017e-06,,8.19434363072372e-06,,3.4879837875345596e-06,,4.295181281575849e-06,,6.217302092222068e-06,
4169,Vi_Yamaha_F335_mic_to_Classical_Unknown_piezo,2.1712813205281728e-06,,2.274793549841737e-06,,2.2688601295105196e-06,,2.726377325058568e-06,,3.7602667898859045e-06,,1.622332296725482e-06,
4170,Vi_Yamaha_F335_piezo_to_Classical_Unknown_mic,3.3980915555313265e-06,,5.149005597799481e-06,,4.200201626229433e-06,,2.3490398382141966e-06,,2.2756102091028602e-06,,3.0566459444993364e-06,
4171,Vi_Yamaha_F335_piezo_to_Classical_Unknown_piezo,2.9523191175203487e-06,,2.819564731739133e-06,,2.6525623730869035e-06,,1.7117622302265602e-06,,1.5855815302786347e-06,,1.4901890319218648e-06,
4172,Vi_Yamaha_F335_mic_to_Classical_Unknown_mic,6.213742575988849e-06,,6.208518728606642e-06,,7.4709933743922525e-06,,3.796850644699376e-06,,3.4991196222973017e-06,,6.092826844284207e-06,
4173,Vi_Yamaha_F335_mic_to_Classical_Unknown_piezo,2.0841557508030174e-06,,2.4944421457241324e-06,,2.300309397926966e-06,,2.0580287303869414e-06,,2.458360788853507e-06,,1.9145178496841387e-06,
4174,Vi_Yamaha_F335_piezo_to_Classical_Unknown_mic,6.7976955866844975e-06,,4.787819794277334e-06,,4.819047789852472e-06,,3.217642962901935e-06,,2.5968679639547264e-06,,3.0358864377385774e-06,
4175,Vi_Yamaha_F335_piezo_to_Classical_Unknown_piezo,2.7190762365204117e-06,,3.0355035845982453e-06,,2.1237503831277842e-06,,1.473379350406095e-06,,1.6537318994469373e-06,,1.7211809958871284e-06,
4176,Vi_Yamaha_F335_mic_to_bad_takamine_EG440SC_mic,8.527136202008762e-06,,3.1837507616917497e-06,,1.0140386161430016e-05,,2.137221114220359e-06,,3.211844648954616e-06,,2.1567785122756896e-06,
4177,Vi_Yamaha_F335_mic_to_bad_takamine_EG440SC_piezo,5.511711877149856e-06,,6.180839042225288e-06,,3.589375017709386e-06,,2.491943644608972e-06,,2.6730137521700156e-06,,4.35859436373193e-06,
4178,Vi_Yamaha_F335_piezo_to_bad_takamine_EG440SC_mic,6.438092564802378e-06,,8.615097464677789e-06,,4.904493708866504e-06,,2.7065068079828895e-06,,4.048853097760822e-06,,2.207232841758032e-06,
4179,Vi_Yamaha_F335_piezo_to_bad_takamine_EG440SC_piezo,6.521241460615806e-06,,2.259742793014894e-06,,5.770007480083835e-06,,2.2059321934475355e-06,,3.5322325417907506e-06,,3.6353104108694006e-06,
4180,Vi_Yamaha_F335_mic_to_bad_takamine_EG440SC_mic,5.805264692490143e-06,,3.3194253126269474e-06,,9.936228281458467e-06,,2.1091700604932437e-06,,2.994173611084912e-06,,2.110462979564202e-06,
4181,Vi_Yamaha_F335_mic_to_bad_takamine_EG440SC_piezo,5.22982737218032e-06,,6.259266130663443e-06,,3.6318358617412547e-06,,2.6219235898827428e-06,,2.9337063379002346e-06,,4.430760200446629e-06,
4182,Vi_Yamaha_F335_piezo_to_bad_takamine_EG440SC_mic,5.656678174056096e-06,,5.158996643572189e-06,,3.746606803128531e-06,,2.044632188684878e-06,,4.44617721686289e-06,,2.236364734961201e-06,
4183,Vi_Yamaha_F335_piezo_to_bad_takamine_EG440SC_piezo,6.329247467183178e-06,,4.003183922802338e-06,,8.556804182813461e-06,,4.355000722384691e-06,,2.6144245207960173e-06,,4.066311138631997e-06,
4184,Vi_Yamaha_F335_mic_to_bad_takamine_EG440SC_mic,7.702816002961495e-06,,3.7666810327793445e-06,,8.548865125912559e-06,,2.11567230902074e-06,,2.7979671884500393e-06,,2.10776160869673e-06,
4185,Vi_Yamaha_F335_mic_to_bad_takamine_EG440SC_piezo,3.899317110403552e-06,,4.506727735354381e-06,,6.442147271159849e-06,,3.4568283566556654e-06,,3.007929686272166e-06,,4.717111509119716e-06,
4186,Vi_Yamaha_F335_piezo_to_bad_takamine_EG440SC_mic,4.217331186926277e-06,,7.335314948320481e-06,,4.834208487896153e-06,,2.0099584193737993e-06,,4.3020474984267155e-06,,2.0630693644072725e-06,
4187,Vi_Yamaha_F335_piezo_to_bad_takamine_EG440SC_piezo,7.781805474967966e-06,,4.697657095838029e-06,,6.88088898819249e-06,,2.910820383396285e-06,,2.873856542769238e-06,,3.6055743161345667e-06,
4188,Vi_Yamaha_F335_mic_to_bad_takamine_EG440SC_mic,6.6822826721281554e-06,,3.942106199595003e-06,,9.703033646873941e-06,,2.118996232152009e-06,,2.5249679481174603e-06,,2.1909745106060075e-06,
4189,Vi_Yamaha_F335_mic_to_bad_takamine_EG440SC_piezo,5.219583414622747e-06,,6.772044607345148e-06,,3.5928744010637534e-06,,2.757848363033778e-06,,3.2213613649319614e-06,,4.326505014752839e-06,
4190,Vi_Yamaha_F335_piezo_to_bad_takamine_EG440SC_mic,4.633854921212131e-06,,4.5791393184788985e-06,,7.243969149095587e-06,,2.9317877746950193e-06,,3.8644603427629865e-06,,3.4582294633772846e-06,
4191,Vi_Yamaha_F335_piezo_to_bad_takamine_EG440SC_piezo,5.312898546020348e-06,,7.94176245090977e-06,,7.511362468449902e-06,,2.8685758040352614e-06,,2.781938680326507e-06,,4.594596758558524e-06,
4192,Vi_Yamaha_F335_mic_to_bad_takamine_EG440SC_mic,5.40808860452078e-06,,4.218163885991914e-06,,1.0391643409974278e-05,,2.1944814330322586e-06,,2.340156202945358e-06,,2.1545246688657583e-06,
4193,Vi_Yamaha_F335_mic_to_bad_takamine_EG440SC_piezo,5.3288283939609696e-06,,4.5449079379567455e-06,,3.5134485792320072e-06,,2.2908978839869577e-06,,2.8408351972328465e-06,,4.299866626135495e-06,
4194,Vi_Yamaha_F335_piezo_to_bad_takamine_EG440SC_mic,7.438952289654146e-06,,5.104230176731413e-06,,4.264872149830102e-06,,3.2798630856241214e-06,,3.427584467264758e-06,,2.846275593399967e-06,
4195,Vi_Yamaha_F335_piezo_to_bad_takamine_EG440SC_piezo,6.338792856111217e-06,,7.553320651253541e-06,,9.29874217765732e-06,,3.772094238195913e-06,,2.3239871677162886e-06,,4.1570350557399425e-06,
4196,Vi_Yamaha_F335_mic_to_bad_takamine_EG440SC_mic,4.792823877485221e-06,,3.5053251165178194e-06,,8.888983080971011e-06,,2.1129623669062067e-06,,2.6556815731572413e-06,,2.2170328564736006e-06,
4197,Vi_Yamaha_F335_mic_to_bad_takamine_EG440SC_piezo,4.940657497491545e-06,,6.065539966696552e-06,,4.203117631396491e-06,,2.00109318964557e-06,,3.4150470813700428e-06,,4.695120126679668e-06,
4198,Vi_Yamaha_F335_piezo_to_bad_takamine_EG440SC_mic,3.881753534526817e-06,,4.382977878625801e-06,,3.6263306235862185e-06,,2.0266519480380976e-06,,3.3258359530368145e-06,,2.1779596081196766e-06,
4199,Vi_Yamaha_F335_piezo_to_bad_takamine_EG440SC_piezo,5.682314910251328e-06,,5.199757033290869e-06,,6.194312461314385e-06,,4.409110038025605e-06,,2.974999096689857e-06,,4.144098741866346e-06,
4200,Vi_Yamaha_F335_mic_to_bad_takamine_EG440SC_mic,3.857529131401241e-06,,3.1207369593920623e-06,,7.5364348537555895e-06,,3.0064515352641616e-06,,3.6949660766528726e-06,,2.181608687810876e-06,
4201,Vi_Yamaha_F335_mic_to_bad_takamine_EG440SC_piezo,3.4259710758558405e-06,,3.1390987952268288e-06,,4.674291645435111e-06,,4.260942357300199e-06,,4.663060252933892e-06,,4.400499860982719e-06,
4202,Vi_Yamaha_F335_piezo_to_bad_takamine_EG440SC_mic,7.855434718309002e-06,,5.891031693784154e-06,,4.157494738120706e-06,,3.922789494941514e-06,,5.272283028172161e-06,,3.737361746456066e-06,
4203,Vi_Yamaha_F335_piezo_to_bad_takamine_EG440SC_piezo,7.414629065134462e-06,,3.976351097769474e-06,,5.356147566967706e-06,,5.2978596762953735e-06,,3.0282481252052167e-06,,4.257652776853744e-06,
4204,Vi_Yamaha_F335_mic_to_bad_takamine_EG440SC_mic,3.897054917203716e-06,,2.736093380623579e-06,,4.9635044904321104e-06,,2.7332610535065018e-06,,4.088335107518145e-06,,2.4804129649218205e-06,
4205,Vi_Yamaha_F335_mic_to_bad_takamine_EG440SC_piezo,5.506959308902807e-06,,6.9911690349819596e-06,,4.452085726134161e-06,,4.1493104910307315e-06,,5.123656377776303e-06,,4.784426523223111e-06,
4206,Vi_Yamaha_F335_piezo_to_bad_takamine_EG440SC_mic,8.320128478866382e-06,,3.8905070585825e-06,,3.89448597293576e-06,,2.8298902725911452e-06,,4.27625464984526e-06,,2.6953323065460948e-06,
4207,Vi_Yamaha_F335_piezo_to_bad_takamine_EG440SC_piezo,7.407537763459398e-06,,2.7680025896957367e-06,,6.9371036842422305e-06,,3.3594846811691245e-06,,4.207222260554307e-06,,3.0034479408752003e-06,
4208,Vi_Yamaha_F335_mic_to_bad_takamine_EG440SC_mic,4.0974446270827375e-06,,2.976821345798995e-06,,6.578675662311928e-06,,2.727683004549116e-06,,3.9687057848351055e-06,,2.238259128086862e-06,
4209,Vi_Yamaha_F335_mic_to_bad_takamine_EG440SC_piezo,3.88132372336821e-06,,6.763186085958674e-06,,6.057806814534739e-06,,3.8519429200415454e-06,,4.293162822679436e-06,,3.598327723759113e-06,
4210,Vi_Yamaha_F335_piezo_to_bad_takamine_EG440SC_mic,4.667801632341677e-06,,7.094450096504617e-06,,4.608225555570184e-06,,1.9637613721555163e-06,,3.076806272808758e-06,,2.205423395973792e-06,
4211,Vi_Yamaha_F335_piezo_to_bad_takamine_EG440SC_piezo,5.8561090092395525e-06,,3.951821370067142e-06,,5.886536977870675e-06,,3.196429486070118e-06,,3.0801139179156095e-06,,3.428400551125541e-06,
4212,Vi_Yamaha_F335_mic_to_bad_takamine_EG440SC_mic,3.304842739066299e-06,,3.121372519533653e-06,,5.206934400200504e-06,,3.4582867042215174e-06,,3.850435954427465e-06,,2.48064581990448e-06,
4213,Vi_Yamaha_F335_mic_to_bad_takamine_EG440SC_piezo,3.7328411623526724e-06,,8.274525239220797e-06,,5.206588997083639e-06,,4.494664955952002e-06,,3.5356737907184604e-06,,4.665893478241305e-06,
4214,Vi_Yamaha_F335_piezo_to_bad_takamine_EG440SC_mic,4.3326321060915634e-06,,5.271146528109741e-06,,6.915247948234953e-06,,2.314744727355921e-06,,3.95773373233329e-06,,2.330174780414103e-06,
4215,Vi_Yamaha_F335_piezo_to_bad_takamine_EG440SC_piezo,6.016420112376603e-06,,6.915019365480693e-06,,7.766415326974858e-06,,4.320627112714068e-06,,3.3701983797420094e-06,,3.1886244370156585e-06,
4216,Vi_Yamaha_F335_mic_to_bad_takamine_EG440SC_mic,3.287907018179352e-06,,2.942408371348397e-06,,6.012803986038351e-06,,3.4148015900499347e-06,,4.145024104835469e-06,,2.324450115936105e-06,
4217,Vi_Yamaha_F335_mic_to_bad_takamine_EG440SC_piezo,6.924340452261366e-06,,6.472460302485882e-06,,3.0817845362324653e-06,,4.016849895908558e-06,,3.175031930418791e-06,,4.558295413682001e-06,
4218,Vi_Yamaha_F335_piezo_to_bad_takamine_EG440SC_mic,4.055297643683667e-06,,5.657082686843107e-06,,5.629338651501264e-06,,3.1045130772122825e-06,,3.6935513329058896e-06,,2.6495920953536013e-06,
4219,Vi_Yamaha_F335_piezo_to_bad_takamine_EG440SC_piezo,7.48605284764049e-06,,6.902090835891891e-06,,9.547568387001016e-06,,4.645293350623028e-06,,3.390973034420329e-06,,3.6618219458235563e-06,
4220,Vi_Yamaha_F335_mic_to_bad_takamine_EG440SC_mic,3.2096902134778396e-06,,2.9650104540473716e-06,,5.867497761127492e-06,,3.3281238037592126e-06,,3.580281008231323e-06,,2.29232493796078e-06,
4221,Vi_Yamaha_F335_mic_to_bad_takamine_EG440SC_piezo,5.494737466434632e-06,,5.755286098010312e-06,,5.077658568787663e-06,,4.143182084724376e-06,,3.011402411727154e-06,,4.625399190376998e-06,
4222,Vi_Yamaha_F335_piezo_to_bad_takamine_EG440SC_mic,5.369497214036347e-06,,6.352360489214438e-06,,4.132324009274619e-06,,2.6743189176322587e-06,,3.508428220352442e-06,,2.233889814162038e-06,
4223,Vi_Yamaha_F335_piezo_to_bad_takamine_EG440SC_piezo,6.355020961218978e-06,,5.033369566758501e-06,,8.350535557757348e-06,,4.646962750196695e-06,,3.1988832644453926e-06,,3.6638544384942025e-06,
4224,Vi_Yamaha_F335_mic_to_bad_takamine_EG440SC_mic,4.600250397164332e-06,,8.911266234646093e-06,,6.2409582611215324e-06,,2.855384913141135e-06,,2.5825297451434193e-06,,2.115635759962326e-06,
4225,Vi_Yamaha_F335_mic_to_bad_takamine_EG440SC_piezo,5.4243253095310415e-06,,7.3129839904813585e-06,,4.131290066016924e-06,,2.132023426059112e-06,,2.5215684445251227e-06,,4.796992748203231e-06,
4226,Vi_Yamaha_F335_piezo_to_bad_takamine_EG440SC_mic,3.733038104070076e-06,,6.213350562150473e-06,,4.113234356004436e-06,,2.59656053762797e-06,,3.4992226005293686e-06,,3.300818347609728e-06,
4227,Vi_Yamaha_F335_piezo_to_bad_takamine_EG440SC_piezo,7.390920217112347e-06,,3.0356684736573453e-06,,7.764718291040381e-06,,2.3683593824586534e-06,,4.5038969327704574e-06,,3.973129391495427e-06,
4228,Vi_Yamaha_F335_mic_to_bad_takamine_EG440SC_mic,5.828176839259542e-06,,2.718621015772153e-06,,5.97834264383755e-06,,2.6502644200285327e-06,,4.024624398228933e-06,,2.353571022823622e-06,
4229,Vi_Yamaha_F335_mic_to_bad_takamine_EG440SC_piezo,4.586440922243002e-06,,7.748445690742109e-06,,5.664232645899716e-06,,3.0078524902350223e-06,,3.3758196017984202e-06,,4.020941887158244e-06,
4230,Vi_Yamaha_F335_piezo_to_bad_takamine_EG440SC_mic,3.0523938034671313e-06,,3.2524056362494708e-06,,3.953827704314248e-06,,2.4574495695659337e-06,,5.145650441547543e-06,,2.5919100464423375e-06,
4231,Vi_Yamaha_F335_piezo_to_bad_takamine_EG440SC_piezo,3.6978287281120476e-06,,4.98705272015761e-06,,5.922924484431678e-06,,2.3717148797325505e-06,,3.963298021656616e-06,,3.3165479894025806e-06,
4232,Vi_Yamaha_F335_mic_to_bad_takamine_EG440SC_mic,4.348945435486332e-06,,2.6761618246094295e-06,,7.225076875132353e-06,,2.955563751513563e-06,,3.8857580974834805e-06,,2.3579912209539993e-06,
4233,Vi_Yamaha_F335_mic_to_bad_takamine_EG440SC_piezo,4.759508127093523e-06,,4.616525840661467e-06,,6.611404739783178e-06,,3.012371101299666e-06,,3.4075457946094773e-06,,4.224331619978352e-06,
4234,Vi_Yamaha_F335_piezo_to_bad_takamine_EG440SC_mic,7.429383499844886e-06,,3.3293101880094645e-06,,7.211341514482118e-06,,3.46952538938121e-06,,4.599941567003045e-06,,2.4652030471134756e-06,
4235,Vi_Yamaha_F335_piezo_to_bad_takamine_EG440SC_piezo,4.80034752696678e-06,,4.11780249450153e-06,,7.133490718940202e-06,,4.029858131654661e-06,,4.481106318691026e-06,,5.3069925136270725e-06,
4236,Vi_Yamaha_F335_mic_to_bad_takamine_EG440SC_mic,4.04905395940547e-06,,3.5986824552109086e-06,,5.296192698934036e-06,,3.3149514436376974e-06,,3.891900799253181e-06,,2.709112127460416e-06,
4237,Vi_Yamaha_F335_mic_to_bad_takamine_EG440SC_piezo,3.7071928825540435e-06,,8.76061225394021e-06,,3.488436714267723e-06,,3.7600247581105838e-06,,3.672697508606536e-06,,4.344990118688125e-06,
4238,Vi_Yamaha_F335_piezo_to_bad_takamine_EG440SC_mic,4.977246744595661e-06,,4.029540609795229e-06,,7.789560861673163e-06,,4.3728665432331e-06,,5.0826528675339855e-06,,3.3502631988962625e-06,
4239,Vi_Yamaha_F335_piezo_to_bad_takamine_EG440SC_piezo,5.805681561708544e-06,,6.861790292966132e-06,,7.097683579876655e-06,,2.98764806788154e-06,,3.575505682423423e-06,,4.29677424412536e-06,
4240,Vi_Yamaha_F335_mic_to_bad_takamine_EG440SC_mic,4.637067084922545e-06,,3.2070751826118353e-06,,9.519336932965179e-06,,2.7846082364908545e-06,,3.2695281560660748e-06,,2.1818419657736525e-06,
4241,Vi_Yamaha_F335_mic_to_bad_takamine_EG440SC_piezo,5.427389963784488e-06,,5.912784865839903e-06,,4.411942637315496e-06,,2.880227665624788e-06,,3.1980519283741527e-06,,4.752633035558094e-06,
4242,Vi_Yamaha_F335_piezo_to_bad_takamine_EG440SC_mic,3.834733242780779e-06,,3.4608404762532373e-06,,8.216041274487951e-06,,3.831340919622645e-06,,4.306975605619765e-06,,3.241791426006848e-06,
4243,Vi_Yamaha_F335_piezo_to_bad_takamine_EG440SC_piezo,5.8960272759588395e-06,,6.118415266388957e-06,,8.585134379216215e-06,,2.8338837620644015e-06,,3.9672768812851126e-06,,3.7479002171559726e-06,
4244,Vi_Yamaha_F335_mic_to_bad_takamine_EG440SC_mic,4.753761948930292e-06,,3.0755599987079165e-06,,6.959857406550017e-06,,2.470668802495647e-06,,3.4704769533795544e-06,,2.2650862118577617e-06,
4245,Vi_Yamaha_F335_mic_to_bad_takamine_EG440SC_piezo,4.661520303308893e-06,,4.942320018586686e-06,,8.245797529522024e-06,,2.6484909456846506e-06,,2.7420376061656348e-06,,4.48394904584394e-06,
4246,Vi_Yamaha_F335_piezo_to_bad_takamine_EG440SC_mic,4.864890100278482e-06,,4.404052056837141e-06,,2.7100079122659893e-06,,2.4051620288378733e-06,,4.215695869472725e-06,,1.8589609667544056e-06,
4247,Vi_Yamaha_F335_piezo_to_bad_takamine_EG440SC_piezo,6.903627731904731e-06,,5.535498473603569e-06,,3.817037315426636e-06,,3.537504518789121e-06,,3.5304307285283433e-06,,3.0367777564884365e-06,
4248,Vi_Yamaha_F335_mic_to_bad_takamine_EG440SC_mic,3.566711406268361e-06,,2.8805633161341665e-06,,8.715537260517825e-06,,2.962786362826162e-06,,3.899120885438648e-06,,2.135540400522641e-06,
4249,Vi_Yamaha_F335_mic_to_bad_takamine_EG440SC_piezo,3.456684405799469e-06,,3.2673004061033037e-06,,4.624383507591676e-06,,4.237658428068236e-06,,4.5931080727929725e-06,,4.579223092848671e-06,
4250,Vi_Yamaha_F335_piezo_to_bad_takamine_EG440SC_mic,5.205314533485772e-06,,7.493121051528378e-06,,5.33620113218451e-06,,4.346382138511508e-06,,5.184144857324176e-06,,3.919702039740274e-06,
4251,Vi_Yamaha_F335_piezo_to_bad_takamine_EG440SC_piezo,4.87684281638346e-06,,4.051590685775414e-06,,9.31420425523796e-06,,4.525761397224229e-06,,3.165534551816945e-06,,5.181979915781826e-06,
4252,Vi_Yamaha_F335_mic_to_bad_takamine_EG440SC_mic,4.2630455296910755e-06,,2.9653365932017657e-06,,7.057508262860197e-06,,2.737563821729903e-06,,4.104865921025785e-06,,2.238593136710273e-06,
4253,Vi_Yamaha_F335_mic_to_bad_takamine_EG440SC_piezo,3.412596261644574e-06,,5.625418824964784e-06,,6.249814442294352e-06,,4.321021726777405e-06,,5.039627456763272e-06,,3.832116525334936e-06,
4254,Vi_Yamaha_F335_piezo_to_bad_takamine_EG440SC_mic,5.2135710025792104e-06,,7.881931808552701e-06,,4.9293748623178045e-06,,2.8104447896479683e-06,,3.7694853780015536e-06,,2.095101404354381e-06,
4255,Vi_Yamaha_F335_piezo_to_bad_takamine_EG440SC_piezo,6.3114452269323925e-06,,3.8038814629354687e-06,,4.8384061405121635e-06,,3.803233757248343e-06,,4.386740558170627e-06,,2.7056057795978764e-06,
4256,Vi_Yamaha_F335_mic_to_bad_takamine_EG440SC_mic,4.290123498722541e-06,,2.9666978459694318e-06,,7.318513005407447e-06,,2.744446551401843e-06,,4.092478626892877e-06,,2.160992614751962e-06,
4257,Vi_Yamaha_F335_mic_to_bad_takamine_EG440SC_piezo,5.6388349510961e-06,,5.107807849986837e-06,,6.4579461917655255e-06,,4.085799944312727e-06,,4.949982598683166e-06,,3.607566998497564e-06,
4258,Vi_Yamaha_F335_piezo_to_bad_takamine_EG440SC_mic,3.7230096964122147e-06,,6.244820985437289e-06,,3.1535852252913156e-06,,2.2755059942694746e-06,,3.7667393784267113e-06,,2.372963189336862e-06,
4259,Vi_Yamaha_F335_piezo_to_bad_takamine_EG440SC_piezo,7.619289255094746e-06,,4.8051033248316345e-06,,5.77881916388578e-06,,5.241018891946351e-06,,4.319692663846872e-06,,3.74246716080805e-06,
4260,Vi_Yamaha_F335_mic_to_bad_takamine_EG440SC_mic,3.1160199792785384e-06,,3.1300470930944964e-06,,5.128439614544534e-06,,3.7579154549750645e-06,,3.931994644373127e-06,,2.506097366687524e-06,
4261,Vi_Yamaha_F335_mic_to_bad_takamine_EG440SC_piezo,4.760325257092403e-06,,8.88314325638285e-06,,5.392667186782591e-06,,4.470389210801304e-06,,3.21496866122244e-06,,4.409209898211675e-06,
4262,Vi_Yamaha_F335_piezo_to_bad_takamine_EG440SC_mic,5.940926997837619e-06,,5.15846483161157e-06,,8.262975674637158e-06,,2.4198841136037958e-06,,3.7709216686798367e-06,,2.0122753427562665e-06,
4263,Vi_Yamaha_F335_piezo_to_bad_takamine_EG440SC_piezo,5.364424946862661e-06,,6.4307023832168624e-06,,8.79320318324683e-06,,4.054252103128249e-06,,3.689034169720906e-06,,2.8490477624386225e-06,
4264,Vi_Yamaha_F335_mic_to_bad_takamine_EG440SC_mic,3.2078008097117303e-06,,3.0197073444375108e-06,,6.0922184822658665e-06,,3.580768283101247e-06,,3.999888910298471e-06,,2.3571919276177573e-06,
4265,Vi_Yamaha_F335_mic_to_bad_takamine_EG440SC_piezo,3.4007775809714846e-06,,6.653577168705422e-06,,4.060619880958306e-06,,4.316399706877846e-06,,4.092345031183689e-06,,5.298795142939331e-06,
4266,Vi_Yamaha_F335_piezo_to_bad_takamine_EG440SC_mic,4.561217197794915e-06,,5.993097931048044e-06,,4.758251415481809e-06,,2.48041199593416e-06,,3.6676007073293226e-06,,2.389643659691808e-06,
4267,Vi_Yamaha_F335_piezo_to_bad_takamine_EG440SC_piezo,5.804953668534051e-06,,5.0429579184291694e-06,,8.518167044225534e-06,,3.3688354562490265e-06,,3.358607644277719e-06,,3.166417586807263e-06,
4268,Vi_Yamaha_F335_mic_to_bad_takamine_EG440SC_mic,3.2317743081206887e-06,,3.0438262193569506e-06,,6.190108476431542e-06,,3.284974944667615e-06,,3.4096539843184303e-06,,2.2039971983315124e-06,
4269,Vi_Yamaha_F335_mic_to_bad_takamine_EG440SC_piezo,7.243054783172477e-06,,5.3544728632859055e-06,,4.52494896845393e-06,,2.6954161604573616e-06,,3.3995033648734097e-06,,4.817821187571085e-06,
4270,Vi_Yamaha_F335_piezo_to_bad_takamine_EG440SC_mic,3.717785466124232e-06,,5.37013883750196e-06,,3.778129007164544e-06,,2.2253746268574667e-06,,3.6495838142953965e-06,,2.1337737464201716e-06,
4271,Vi_Yamaha_F335_piezo_to_bad_takamine_EG440SC_piezo,6.698131457540191e-06,,5.594745168951208e-06,,8.431864730173091e-06,,4.362890426819945e-06,,3.304698852255313e-06,,3.7569159447124434e-06,
4272,Vi_Yamaha_F335_mic_to_bad_takamine_EG440SC_mic,2.8080920704963538e-06,,4.13047263536267e-06,,5.725843101700056e-06,,3.4057260947152624e-06,,2.9335686124547163e-06,,2.4066660248495793e-06,
4273,Vi_Yamaha_F335_mic_to_bad_takamine_EG440SC_piezo,3.797669485096369e-06,,5.3089892984039875e-06,,3.687598232269433e-06,,2.0531554478518673e-06,,3.146264965418483e-06,,4.459203941975802e-06,
4274,Vi_Yamaha_F335_piezo_to_bad_takamine_EG440SC_mic,4.111682375660152e-06,,3.4735156626449996e-06,,7.165972096622767e-06,,4.423511965491545e-06,,4.7196441980181436e-06,,2.903536479732621e-06,
4275,Vi_Yamaha_F335_piezo_to_bad_takamine_EG440SC_piezo,6.9296778185518925e-06,,3.3276194314606025e-06,,4.074425453552094e-06,,5.212239389383339e-06,,2.759346269394501e-06,,4.314691606856074e-06,
4276,Vi_Yamaha_F335_mic_to_bad_takamine_EG440SC_mic,7.647583605905277e-06,,4.393783138483769e-06,,4.884916870406474e-06,,3.060062452922074e-06,,2.9216395002330648e-06,,2.223565624499851e-06,
4277,Vi_Yamaha_F335_mic_to_bad_takamine_EG440SC_piezo,6.709611289405946e-06,,6.3073503946296455e-06,,5.049295861623736e-06,,3.53496004422734e-06,,3.188326481297641e-06,,4.4851281495921565e-06,
4278,Vi_Yamaha_F335_piezo_to_bad_takamine_EG440SC_mic,4.430981248821075e-06,,9.108326562014836e-06,,3.2473734967919754e-06,,4.092392874314891e-06,,5.547249262116854e-06,,2.3725644078274797e-06,
4279,Vi_Yamaha_F335_piezo_to_bad_takamine_EG440SC_piezo,3.3672835618805135e-06,,3.0785299235949382e-06,,5.4226203641613845e-06,,3.4055417916017237e-06,,3.7803095469423667e-06,,3.9499704668826385e-06,
4280,Vi_Yamaha_F335_mic_to_bad_takamine_EG440SC_mic,7.314291666264905e-06,,4.131318448120899e-06,,5.462941929868605e-06,,1.9738480678521126e-06,,2.8237454245469116e-06,,2.214362634124886e-06,
4281,Vi_Yamaha_F335_mic_to_bad_takamine_EG440SC_piezo,3.951175455330554e-06,,6.093142317798227e-06,,4.994495934000834e-06,,4.494508214998038e-06,,3.3464547311501496e-06,,3.820738375090134e-06,
4282,Vi_Yamaha_F335_piezo_to_bad_takamine_EG440SC_mic,4.8502703947817885e-06,,6.1045620321158964e-06,,3.029033357202759e-06,,4.5169342862044695e-06,,4.632966648128529e-06,,2.06823675149836e-06,
4283,Vi_Yamaha_F335_piezo_to_bad_takamine_EG440SC_piezo,5.470160675437292e-06,,2.946769358286676e-06,,7.1394769189331e-06,,4.512162623525848e-06,,3.934102760460948e-06,,5.066212111038006e-06,
4284,Vi_Yamaha_F335_mic_to_bad_takamine_EG440SC_mic,4.335821697063765e-06,,5.1282048510934356e-06,,5.26268288634541e-06,,3.747736059085093e-06,,3.050751788118029e-06,,2.445965774740317e-06,
4285,Vi_Yamaha_F335_mic_to_bad_takamine_EG440SC_piezo,5.728480222583297e-06,,7.330021093976137e-06,,3.4685451070333313e-06,,2.7042716271506514e-06,,2.1843977419991863e-06,,4.352413148880058e-06,
4286,Vi_Yamaha_F335_piezo_to_bad_takamine_EG440SC_mic,5.591674389355336e-06,,3.943790333091426e-06,,7.5848974623493845e-06,,3.015794439767117e-06,,4.131860650430304e-06,,3.056237559408914e-06,
4287,Vi_Yamaha_F335_piezo_to_bad_takamine_EG440SC_piezo,6.498927236357215e-06,,6.533908126896141e-06,,8.22209876403589e-06,,2.9166821505699496e-06,,3.0537103479846915e-06,,4.499750015658956e-06,
4288,Vi_Yamaha_F335_mic_to_bad_takamine_EG440SC_mic,3.2951402750863776e-06,,3.1961265996019827e-06,,5.806792884360103e-06,,3.0156050162929328e-06,,3.354648515552465e-06,,2.235683217691448e-06,
4289,Vi_Yamaha_F335_mic_to_bad_takamine_EG440SC_piezo,5.223679025460102e-06,,6.0940406045774706e-06,,3.7138931321273995e-06,,2.973810753397751e-06,,3.565560882474428e-06,,4.657082977605063e-06,
4290,Vi_Yamaha_F335_piezo_to_bad_takamine_EG440SC_mic,3.732383488212198e-06,,5.216217976076562e-06,,7.91880808702634e-06,,2.58860801349216e-06,,3.0754211909482943e-06,,3.543838308245479e-06,
4291,Vi_Yamaha_F335_piezo_to_bad_takamine_EG440SC_piezo,5.298971923103503e-06,,7.679965546509117e-06,,9.931286347714439e-06,,2.721046169221891e-06,,2.772264143419391e-06,,4.192893928279551e-06,
4292,Vi_Yamaha_F335_mic_to_bad_takamine_EG440SC_mic,4.161826873928032e-06,,3.593274663787205e-06,,7.592222038479889e-06,,3.068263232484987e-06,,2.9428747068370936e-06,,2.0283082412242772e-06,
4293,Vi_Yamaha_F335_mic_to_bad_takamine_EG440SC_piezo,4.637059608617437e-06,,8.513529102384594e-06,,4.064401684857553e-06,,2.987947492466349e-06,,3.007816986285528e-06,,5.207899819906461e-06,
4294,Vi_Yamaha_F335_piezo_to_bad_takamine_EG440SC_mic,5.548361563508065e-06,,5.077886534040108e-06,,3.177262952815637e-06,,3.7104083873254886e-06,,3.1233957836840686e-06,,2.269342581677922e-06,
4295,Vi_Yamaha_F335_piezo_to_bad_takamine_EG440SC_piezo,4.520254208860364e-06,,3.6521489643696442e-06,,5.290925417047129e-06,,2.77006877678932e-06,,2.9497671383642285e-06,,3.6442488306369977e-06,
4296,Vi_Yamaha_F335_mic_to_bad_takamine_EG440SC_mic,5.297002829034465e-06,,3.6704907249968435e-06,,9.909897605163124e-06,,2.4301089306491582e-06,,3.279559252904371e-06,,1.9757474735022284e-06,
4297,Vi_Yamaha_F335_mic_to_bad_takamine_EG440SC_piezo,3.1894635655388692e-06,,4.229160954253959e-06,,2.9922554161740566e-06,,4.173793128788797e-06,,4.200656790872891e-06,,5.142859908721799e-06,
4298,Vi_Yamaha_F335_piezo_to_bad_takamine_EG440SC_mic,7.16505371695682e-06,,4.3514968750721905e-06,,6.380826770931662e-06,,1.8772425376902277e-06,,4.813542969989161e-06,,1.709072437900538e-06,
4299,Vi_Yamaha_F335_piezo_to_bad_takamine_EG440SC_piezo,6.925414440756387e-06,,3.899857275128804e-06,,6.813002907893683e-06,,4.066283305533243e-06,,4.0748212415700386e-06,,3.1073865497035e-06,
4300,Vi_Yamaha_F335_mic_to_bad_takamine_EG440SC_mic,4.825071287074194e-06,,3.044585397268623e-06,,6.198403882265284e-06,,2.6251747041323544e-06,,3.98629752721768e-06,,2.4304514830525314e-06,
4301,Vi_Yamaha_F335_mic_to_bad_takamine_EG440SC_piezo,3.930760991386022e-06,,9.42207751519039e-06,,7.026079173322426e-06,,4.717240306987586e-06,,4.764395797132189e-06,,3.980239774872117e-06,
4302,Vi_Yamaha_F335_piezo_to_bad_takamine_EG440SC_mic,6.604078788994232e-06,,7.290180109551544e-06,,4.834462330033836e-06,,1.942909692514808e-06,,3.268792714427669e-06,,1.718378588832328e-06,
4303,Vi_Yamaha_F335_piezo_to_bad_takamine_EG440SC_piezo,3.183758090040032e-06,,3.2254622122977384e-06,,4.544134522931322e-06,,3.3487766952332643e-06,,3.786809537611064e-06,,3.3774653198485232e-06,
4304,Vi_Yamaha_F335_mic_to_bad_takamine_EG440SC_mic,4.631006471219649e-06,,2.969468908025529e-06,,6.626455364076222e-06,,2.6532431567959748e-06,,4.074932600161735e-06,,2.403695361545967e-06,
4305,Vi_Yamaha_F335_mic_to_bad_takamine_EG440SC_piezo,2.7734923969467446e-06,,4.407376262250962e-06,,7.995244811217958e-06,,4.032258691424416e-06,,4.843851578817117e-06,,3.949080978289657e-06,
4306,Vi_Yamaha_F335_piezo_to_bad_takamine_EG440SC_mic,5.472853366740182e-06,,7.318179747530892e-06,,3.863480649193634e-06,,2.20611980873372e-06,,3.957397631674477e-06,,1.8435365406654788e-06,
4307,Vi_Yamaha_F335_piezo_to_bad_takamine_EG440SC_piezo,4.433849870553049e-06,,2.5150907444701644e-06,,4.249451852993047e-06,,2.609466892141552e-06,,3.183157057850256e-06,,3.0980249038770578e-06,
4308,Vi_Yamaha_F335_mic_to_bad_takamine_EG440SC_mic,3.6639410861064356e-06,,3.2806242000147266e-06,,5.948836371551197e-06,,3.2384839098528783e-06,,3.649855208801628e-06,,2.5362210018413665e-06,
4309,Vi_Yamaha_F335_mic_to_bad_takamine_EG440SC_piezo,6.926255246189835e-06,,6.301739518810677e-06,,5.458042009278003e-06,,4.099210572172725e-06,,3.0592184019177746e-06,,4.731610820722975e-06,
4310,Vi_Yamaha_F335_piezo_to_bad_takamine_EG440SC_mic,6.0338997900548185e-06,,6.588915639932461e-06,,7.685969560664287e-06,,2.084717800755021e-06,,2.7002974430759623e-06,,2.000288602360645e-06,
4311,Vi_Yamaha_F335_piezo_to_bad_takamine_EG440SC_piezo,3.7597395557622668e-06,,6.8307016349798616e-06,,3.7856528154683356e-06,,3.40736889645795e-06,,3.376690929267213e-06,,2.7303379696387432e-06,
4312,Vi_Yamaha_F335_mic_to_bad_takamine_EG440SC_mic,7.5992822303504806e-06,,3.952545282911479e-06,,5.16580454144431e-06,,1.9165835392415434e-06,,2.9749999071367417e-06,,2.802829503312335e-06,
4313,Vi_Yamaha_F335_mic_to_bad_takamine_EG440SC_piezo,6.1760713566669935e-06,,6.96780345012094e-06,,4.966194735281624e-06,,4.398276378979763e-06,,3.0676406571458693e-06,,5.006579337507234e-06,
4314,Vi_Yamaha_F335_piezo_to_bad_takamine_EG440SC_mic,4.3960887210753616e-06,,2.897848125986652e-06,,4.087548587300249e-06,,1.513547147721385e-06,,1.6321725306809242e-06,,2.1727242912696086e-06,
4315,Vi_Yamaha_F335_piezo_to_bad_takamine_EG440SC_piezo,6.6511254062033106e-06,,7.173340173290086e-06,,4.792594466722253e-06,,2.7451141512478003e-06,,3.369500954941382e-06,,2.7196504705757144e-06,
4316,Vi_Yamaha_F335_mic_to_bad_takamine_EG440SC_mic,3.456998337796296e-06,,3.048499453280585e-06,,6.835845606556717e-06,,3.3222878575219157e-06,,3.6201036408699993e-06,,2.1756198947662297e-06,
4317,Vi_Yamaha_F335_mic_to_bad_takamine_EG440SC_piezo,3.8029429049136845e-06,,3.948293730381427e-06,,7.275775584814255e-06,,4.1812719289899654e-06,,4.39441317547167e-06,,4.028297974964006e-06,
4318,Vi_Yamaha_F335_piezo_to_bad_takamine_EG440SC_mic,4.536406072514351e-06,,6.464998301673402e-06,,3.8604395366973146e-06,,3.471985760455057e-06,,2.8977152141858557e-06,,2.304914468880164e-06,
4319,Vi_Yamaha_F335_piezo_to_bad_takamine_EG440SC_piezo,7.075073936829673e-06,,7.189931697700985e-06,,6.188391125876916e-06,,3.1939872665692997e-06,,3.4766694589007133e-06,,2.7657720019157813e-06,
